:020000040800F2
:20000000F0FF00108524050825BA04085DE2000825250508252505082525050800000000F4
:2000200000000000000000000000000029BA04082DBA04080000000031BA04088DA30008AF
:2000400025250508252505082525050825250508252505082525050831BA000855BA00088C
:2000600079BA00089DBA0008C1BA000821B5000835B5000849B500085DB5000871B5000845
:2000800085B5000899B500082525050825250508252505082525050825250508E5BA00086E
:2000A00029CD000889CC000839CD000879CC0008B1CC0008C1CC0008D1CC0008BDAE000858
:2000C000D9C30008C5AE0008DDC300082525050825250508057C0408057D04082D7E0408D9
:2000E00021BB000825250508D9EA040849CD000801CD000859CD0008F1CC0008ADB50008A5
:200100002525050825250508E1CC000825250508557F04087D80040825250508252505088E
:20012000C1B50008D5B50008E9B50008FDB5000811B600082525050825250508252505087B
:2001400025250508252505082525050835BA040825B6000839B600084DB60008A581040888
:20016000CDAE0008E1C3000825250508252505082525050825250508252505082525050846
:200180002525050825250508FFFFFFFFFFFFFFFFFFFFFFFFFFFFFFFFFFFFFFFFFFFFFFFFC9
:2001A000FFFFFFFFFFFFFFFFFFFFFFFFFFFFFFFFFFFFFFFFFFFFFFFFFFFFFFFFFFFFFFFF5F
:2001C000FFFFFFFFFFFFFFFFFFFFFFFFFFFFFFFFFFFFFFFFFFFFFFFFFFFFFFFFFFFFFFFF3F
:2001E000FFFFFFFFFFFFFFFFFFFFFFFFFFFFFFFFFFFFFFFFFFFFFFFFFFFFFFFFFFFFFFFF1F
:20020000FFFFFFFFFFFFFFFFFFFFFFFFFFFFFFFFFFFFFFFFFFFFFFFFFFFFFFFFFFFFFFFFFE
:20022000FFFFFFFFFFFFFFFFFFFFFFFFFFFFFFFFFFFFFFFFFFFFFFFFFFFFFFFFFFFFFFFFDE
:20024000FFFFFFFFFFFFFFFFFFFFFFFFFFFFFFFFFFFFFFFFFFFFFFFFFFFFFFFFFFFFFFFFBE
:20026000FFFFFFFFFFFFFFFFFFFFFFFFFFFFFFFFFFFFFFFFFFFFFFFFFFFFFFFFFFFFFFFF9E
:20028000FFFFFFFFFFFFFFFFFFFFFFFFFFFFFFFFFFFFFFFFFFFFFFFFFFFFFFFFFFFFFFFF7E
:2002A000FFFFFFFFFFFFFFFFFFFFFFFFFFFFFFFFFFFFFFFFFFFFFFFFFFFFFFFFFFFFFFFF5E
:2002C000FFFFFFFFFFFFFFFFFFFFFFFFFFFFFFFFFFFFFFFFFFFFFFFFFFFFFFFFFFFFFFFF3E
:2002E000FFFFFFFFFFFFFFFFFFFFFFFFFFFFFFFFFFFFFFFFFFFFFFFFFFFFFFFFFFFFFFFF1E
:20030000FFFFFFFFFFFFFFFFFFFFFFFFFFFFFFFFFFFFFFFFFFFFFFFFFFFFFFFFFFFFFFFFFD
:20032000FFFFFFFFFFFFFFFFFFFFFFFFFFFFFFFFFFFFFFFFFFFFFFFFFFFFFFFFFFFFFFFFDD
:20034000FFFFFFFFFFFFFFFFFFFFFFFFFFFFFFFFFFFFFFFFFFFFFFFFFFFFFFFFFFFFFFFFBD
:20036000FFFFFFFFFFFFFFFFFFFFFFFFFFFFFFFFFFFFFFFFFFFFFFFFFFFFFFFFFFFFFFFF9D
:20038000FFFFFFFFFFFFFFFFFFFFFFFFFFFFFFFFFFFFFFFFFFFFFFFFFFFFFFFFFFFFFFFF7D
:2003A000FFFFFFFFFFFFFFFFFFFFFFFFFFFFFFFFFFFFFFFFFFFFFFFFFFFFFFFFFFFFFFFF5D
:2003C000FFFFFFFFFFFFFFFFFFFFFFFFFFFFFFFFFFFFFFFFFFFFFFFFFFFFFFFFFFFFFFFF3D
:2003E000FFFFFFFFFFFFFFFFFFFFFFFFFFFFFFFFFFFFFFFFFFFFFFFFFFFFFFFFFFFFFFFF1D
:20040000FFFFFFFFFFFFFFFFFFFFFFFFFFFFFFFFFFFFFFFFFFFFFFFFFFFFFFFFFFFFFFFFFC
:20042000FFFFFFFFFFFFFFFFFFFFFFFFFFFFFFFFFFFFFFFFFFFFFFFFFFFFFFFFFFFFFFFFDC
:20044000FFFFFFFFFFFFFFFFFFFFFFFFFFFFFFFFFFFFFFFFFFFFFFFFFFFFFFFFFFFFFFFFBC
:20046000FFFFFFFFFFFFFFFFFFFFFFFFFFFFFFFFFFFFFFFFFFFFFFFFFFFFFFFFFFFFFFFF9C
:20048000FFFFFFFFFFFFFFFFFFFFFFFFFFFFFFFFFFFFFFFFFFFFFFFFFFFFFFFFFFFFFFFF7C
:2004A000FFFFFFFFFFFFFFFFFFFFFFFFFFFFFFFFFFFFFFFFFFFFFFFFFFFFFFFFFFFFFFFF5C
:2004C000FFFFFFFFFFFFFFFFFFFFFFFFFFFFFFFFFFFFFFFFFFFFFFFFFFFFFFFFFFFFFFFF3C
:2004E000FFFFFFFFFFFFFFFFFFFFFFFFFFFFFFFFFFFFFFFFFFFFFFFFFFFFFFFFFFFFFFFF1C
:20050000FFFFFFFFFFFFFFFFFFFFFFFFFFFFFFFFFFFFFFFFFFFFFFFFFFFFFFFFFFFFFFFFFB
:20052000FFFFFFFFFFFFFFFFFFFFFFFFFFFFFFFFFFFFFFFFFFFFFFFFFFFFFFFFFFFFFFFFDB
:20054000FFFFFFFFFFFFFFFFFFFFFFFFFFFFFFFFFFFFFFFFFFFFFFFFFFFFFFFFFFFFFFFFBB
:20056000FFFFFFFFFFFFFFFFFFFFFFFFFFFFFFFFFFFFFFFFFFFFFFFFFFFFFFFFFFFFFFFF9B
:20058000FFFFFFFFFFFFFFFFFFFFFFFFFFFFFFFFFFFFFFFFFFFFFFFFFFFFFFFFFFFFFFFF7B
:2005A000FFFFFFFFFFFFFFFFFFFFFFFFFFFFFFFFFFFFFFFFFFFFFFFFFFFFFFFFFFFFFFFF5B
:2005C000FFFFFFFFFFFFFFFFFFFFFFFFFFFFFFFFFFFFFFFFFFFFFFFFFFFFFFFFFFFFFFFF3B
:2005E000FFFFFFFFFFFFFFFFFFFFFFFFFFFFFFFFFFFFFFFFFFFFFFFFFFFFFFFFFFFFFFFF1B
:20060000FFFFFFFFFFFFFFFFFFFFFFFFFFFFFFFFFFFFFFFFFFFFFFFFFFFFFFFFFFFFFFFFFA
:20062000FFFFFFFFFFFFFFFFFFFFFFFFFFFFFFFFFFFFFFFFFFFFFFFFFFFFFFFFFFFFFFFFDA
:20064000FFFFFFFFFFFFFFFFFFFFFFFFFFFFFFFFFFFFFFFFFFFFFFFFFFFFFFFFFFFFFFFFBA
:20066000FFFFFFFFFFFFFFFFFFFFFFFFFFFFFFFFFFFFFFFFFFFFFFFFFFFFFFFFFFFFFFFF9A
:20068000FFFFFFFFFFFFFFFFFFFFFFFFFFFFFFFFFFFFFFFFFFFFFFFFFFFFFFFFFFFFFFFF7A
:2006A000FFFFFFFFFFFFFFFFFFFFFFFFFFFFFFFFFFFFFFFFFFFFFFFFFFFFFFFFFFFFFFFF5A
:2006C000FFFFFFFFFFFFFFFFFFFFFFFFFFFFFFFFFFFFFFFFFFFFFFFFFFFFFFFFFFFFFFFF3A
:2006E000FFFFFFFFFFFFFFFFFFFFFFFFFFFFFFFFFFFFFFFFFFFFFFFFFFFFFFFFFFFFFFFF1A
:20070000FFFFFFFFFFFFFFFFFFFFFFFFFFFFFFFFFFFFFFFFFFFFFFFFFFFFFFFFFFFFFFFFF9
:20072000FFFFFFFFFFFFFFFFFFFFFFFFFFFFFFFFFFFFFFFFFFFFFFFFFFFFFFFFFFFFFFFFD9
:20074000FFFFFFFFFFFFFFFFFFFFFFFFFFFFFFFFFFFFFFFFFFFFFFFFFFFFFFFFFFFFFFFFB9
:20076000FFFFFFFFFFFFFFFFFFFFFFFFFFFFFFFFFFFFFFFFFFFFFFFFFFFFFFFFFFFFFFFF99
:20078000FFFFFFFFFFFFFFFFFFFFFFFFFFFFFFFFFFFFFFFFFFFFFFFFFFFFFFFFFFFFFFFF79
:2007A000FFFFFFFFFFFFFFFFFFFFFFFFFFFFFFFFFFFFFFFFFFFFFFFFFFFFFFFFFFFFFFFF59
:2007C000FFFFFFFFFFFFFFFFFFFFFFFFFFFFFFFFFFFFFFFFFFFFFFFFFFFFFFFFFFFFFFFF39
:2007E000FFFFFFFFFFFFFFFFFFFFFFFFFFFFFFFFFFFFFFFFFFFFFFFFFFFFFFFFFFFFFFFF19
:20080000FFFFFFFFFFFFFFFFFFFFFFFFFFFFFFFFFFFFFFFFFFFFFFFFFFFFFFFFFFFFFFFFF8
:20082000FFFFFFFFFFFFFFFFFFFFFFFFFFFFFFFFFFFFFFFFFFFFFFFFFFFFFFFFFFFFFFFFD8
:20084000FFFFFFFFFFFFFFFFFFFFFFFFFFFFFFFFFFFFFFFFFFFFFFFFFFFFFFFFFFFFFFFFB8
:20086000FFFFFFFFFFFFFFFFFFFFFFFFFFFFFFFFFFFFFFFFFFFFFFFFFFFFFFFFFFFFFFFF98
:20088000FFFFFFFFFFFFFFFFFFFFFFFFFFFFFFFFFFFFFFFFFFFFFFFFFFFFFFFFFFFFFFFF78
:2008A000FFFFFFFFFFFFFFFFFFFFFFFFFFFFFFFFFFFFFFFFFFFFFFFFFFFFFFFFFFFFFFFF58
:2008C000FFFFFFFFFFFFFFFFFFFFFFFFFFFFFFFFFFFFFFFFFFFFFFFFFFFFFFFFFFFFFFFF38
:2008E000FFFFFFFFFFFFFFFFFFFFFFFFFFFFFFFFFFFFFFFFFFFFFFFFFFFFFFFFFFFFFFFF18
:20090000FFFFFFFFFFFFFFFFFFFFFFFFFFFFFFFFFFFFFFFFFFFFFFFFFFFFFFFFFFFFFFFFF7
:20092000FFFFFFFFFFFFFFFFFFFFFFFFFFFFFFFFFFFFFFFFFFFFFFFFFFFFFFFFFFFFFFFFD7
:20094000FFFFFFFFFFFFFFFFFFFFFFFFFFFFFFFFFFFFFFFFFFFFFFFFFFFFFFFFFFFFFFFFB7
:20096000FFFFFFFFFFFFFFFFFFFFFFFFFFFFFFFFFFFFFFFFFFFFFFFFFFFFFFFFFFFFFFFF97
:20098000FFFFFFFFFFFFFFFFFFFFFFFFFFFFFFFFFFFFFFFFFFFFFFFFFFFFFFFFFFFFFFFF77
:2009A000FFFFFFFFFFFFFFFFFFFFFFFFFFFFFFFFFFFFFFFFFFFFFFFFFFFFFFFFFFFFFFFF57
:2009C000FFFFFFFFFFFFFFFFFFFFFFFFFFFFFFFFFFFFFFFFFFFFFFFFFFFFFFFFFFFFFFFF37
:2009E000FFFFFFFFFFFFFFFFFFFFFFFFFFFFFFFFFFFFFFFFFFFFFFFFFFFFFFFFFFFFFFFF17
:200A0000FFFFFFFFFFFFFFFFFFFFFFFFFFFFFFFFFFFFFFFFFFFFFFFFFFFFFFFFFFFFFFFFF6
:200A2000FFFFFFFFFFFFFFFFFFFFFFFFFFFFFFFFFFFFFFFFFFFFFFFFFFFFFFFFFFFFFFFFD6
:200A4000FFFFFFFFFFFFFFFFFFFFFFFFFFFFFFFFFFFFFFFFFFFFFFFFFFFFFFFFFFFFFFFFB6
:200A6000FFFFFFFFFFFFFFFFFFFFFFFFFFFFFFFFFFFFFFFFFFFFFFFFFFFFFFFFFFFFFFFF96
:200A8000FFFFFFFFFFFFFFFFFFFFFFFFFFFFFFFFFFFFFFFFFFFFFFFFFFFFFFFFFFFFFFFF76
:200AA000FFFFFFFFFFFFFFFFFFFFFFFFFFFFFFFFFFFFFFFFFFFFFFFFFFFFFFFFFFFFFFFF56
:200AC000FFFFFFFFFFFFFFFFFFFFFFFFFFFFFFFFFFFFFFFFFFFFFFFFFFFFFFFFFFFFFFFF36
:200AE000FFFFFFFFFFFFFFFFFFFFFFFFFFFFFFFFFFFFFFFFFFFFFFFFFFFFFFFFFFFFFFFF16
:200B0000FFFFFFFFFFFFFFFFFFFFFFFFFFFFFFFFFFFFFFFFFFFFFFFFFFFFFFFFFFFFFFFFF5
:200B2000FFFFFFFFFFFFFFFFFFFFFFFFFFFFFFFFFFFFFFFFFFFFFFFFFFFFFFFFFFFFFFFFD5
:200B4000FFFFFFFFFFFFFFFFFFFFFFFFFFFFFFFFFFFFFFFFFFFFFFFFFFFFFFFFFFFFFFFFB5
:200B6000FFFFFFFFFFFFFFFFFFFFFFFFFFFFFFFFFFFFFFFFFFFFFFFFFFFFFFFFFFFFFFFF95
:200B8000FFFFFFFFFFFFFFFFFFFFFFFFFFFFFFFFFFFFFFFFFFFFFFFFFFFFFFFFFFFFFFFF75
:200BA000FFFFFFFFFFFFFFFFFFFFFFFFFFFFFFFFFFFFFFFFFFFFFFFFFFFFFFFFFFFFFFFF55
:200BC000FFFFFFFFFFFFFFFFFFFFFFFFFFFFFFFFFFFFFFFFFFFFFFFFFFFFFFFFFFFFFFFF35
:200BE000FFFFFFFFFFFFFFFFFFFFFFFFFFFFFFFFFFFFFFFFFFFFFFFFFFFFFFFFFFFFFFFF15
:200C0000FFFFFFFFFFFFFFFFFFFFFFFFFFFFFFFFFFFFFFFFFFFFFFFFFFFFFFFFFFFFFFFFF4
:200C2000FFFFFFFFFFFFFFFFFFFFFFFFFFFFFFFFFFFFFFFFFFFFFFFFFFFFFFFFFFFFFFFFD4
:200C4000FFFFFFFFFFFFFFFFFFFFFFFFFFFFFFFFFFFFFFFFFFFFFFFFFFFFFFFFFFFFFFFFB4
:200C6000FFFFFFFFFFFFFFFFFFFFFFFFFFFFFFFFFFFFFFFFFFFFFFFFFFFFFFFFFFFFFFFF94
:200C8000FFFFFFFFFFFFFFFFFFFFFFFFFFFFFFFFFFFFFFFFFFFFFFFFFFFFFFFFFFFFFFFF74
:200CA000FFFFFFFFFFFFFFFFFFFFFFFFFFFFFFFFFFFFFFFFFFFFFFFFFFFFFFFFFFFFFFFF54
:200CC000FFFFFFFFFFFFFFFFFFFFFFFFFFFFFFFFFFFFFFFFFFFFFFFFFFFFFFFFFFFFFFFF34
:200CE000FFFFFFFFFFFFFFFFFFFFFFFFFFFFFFFFFFFFFFFFFFFFFFFFFFFFFFFFFFFFFFFF14
:200D0000FFFFFFFFFFFFFFFFFFFFFFFFFFFFFFFFFFFFFFFFFFFFFFFFFFFFFFFFFFFFFFFFF3
:200D2000FFFFFFFFFFFFFFFFFFFFFFFFFFFFFFFFFFFFFFFFFFFFFFFFFFFFFFFFFFFFFFFFD3
:200D4000FFFFFFFFFFFFFFFFFFFFFFFFFFFFFFFFFFFFFFFFFFFFFFFFFFFFFFFFFFFFFFFFB3
:200D6000FFFFFFFFFFFFFFFFFFFFFFFFFFFFFFFFFFFFFFFFFFFFFFFFFFFFFFFFFFFFFFFF93
:200D8000FFFFFFFFFFFFFFFFFFFFFFFFFFFFFFFFFFFFFFFFFFFFFFFFFFFFFFFFFFFFFFFF73
:200DA000FFFFFFFFFFFFFFFFFFFFFFFFFFFFFFFFFFFFFFFFFFFFFFFFFFFFFFFFFFFFFFFF53
:200DC000FFFFFFFFFFFFFFFFFFFFFFFFFFFFFFFFFFFFFFFFFFFFFFFFFFFFFFFFFFFFFFFF33
:200DE000FFFFFFFFFFFFFFFFFFFFFFFFFFFFFFFFFFFFFFFFFFFFFFFFFFFFFFFFFFFFFFFF13
:200E0000FFFFFFFFFFFFFFFFFFFFFFFFFFFFFFFFFFFFFFFFFFFFFFFFFFFFFFFFFFFFFFFFF2
:200E2000FFFFFFFFFFFFFFFFFFFFFFFFFFFFFFFFFFFFFFFFFFFFFFFFFFFFFFFFFFFFFFFFD2
:200E4000FFFFFFFFFFFFFFFFFFFFFFFFFFFFFFFFFFFFFFFFFFFFFFFFFFFFFFFFFFFFFFFFB2
:200E6000FFFFFFFFFFFFFFFFFFFFFFFFFFFFFFFFFFFFFFFFFFFFFFFFFFFFFFFFFFFFFFFF92
:200E8000FFFFFFFFFFFFFFFFFFFFFFFFFFFFFFFFFFFFFFFFFFFFFFFFFFFFFFFFFFFFFFFF72
:200EA000FFFFFFFFFFFFFFFFFFFFFFFFFFFFFFFFFFFFFFFFFFFFFFFFFFFFFFFFFFFFFFFF52
:200EC000FFFFFFFFFFFFFFFFFFFFFFFFFFFFFFFFFFFFFFFFFFFFFFFFFFFFFFFFFFFFFFFF32
:200EE000FFFFFFFFFFFFFFFFFFFFFFFFFFFFFFFFFFFFFFFFFFFFFFFFFFFFFFFFFFFFFFFF12
:200F0000FFFFFFFFFFFFFFFFFFFFFFFFFFFFFFFFFFFFFFFFFFFFFFFFFFFFFFFFFFFFFFFFF1
:200F2000FFFFFFFFFFFFFFFFFFFFFFFFFFFFFFFFFFFFFFFFFFFFFFFFFFFFFFFFFFFFFFFFD1
:200F4000FFFFFFFFFFFFFFFFFFFFFFFFFFFFFFFFFFFFFFFFFFFFFFFFFFFFFFFFFFFFFFFFB1
:200F6000FFFFFFFFFFFFFFFFFFFFFFFFFFFFFFFFFFFFFFFFFFFFFFFFFFFFFFFFFFFFFFFF91
:200F8000FFFFFFFFFFFFFFFFFFFFFFFFFFFFFFFFFFFFFFFFFFFFFFFFFFFFFFFFFFFFFFFF71
:200FA000FFFFFFFFFFFFFFFFFFFFFFFFFFFFFFFFFFFFFFFFFFFFFFFFFFFFFFFFFFFFFFFF51
:200FC000FFFFFFFFFFFFFFFFFFFFFFFFFFFFFFFFFFFFFFFFFFFFFFFFFFFFFFFFFFFFFFFF31
:200FE000FFFFFFFFFFFFFFFFFFFFFFFFFFFFFFFFFFFFFFFFFFFFFFFFFFFFFFFFFFFFFFFF11
:20100000FFFFFFFFFFFFFFFFFFFFFFFFFFFFFFFFFFFFFFFFFFFFFFFFFFFFFFFFFFFFFFFFF0
:20102000FFFFFFFFFFFFFFFFFFFFFFFFFFFFFFFFFFFFFFFFFFFFFFFFFFFFFFFFFFFFFFFFD0
:20104000FFFFFFFFFFFFFFFFFFFFFFFFFFFFFFFFFFFFFFFFFFFFFFFFFFFFFFFFFFFFFFFFB0
:20106000FFFFFFFFFFFFFFFFFFFFFFFFFFFFFFFFFFFFFFFFFFFFFFFFFFFFFFFFFFFFFFFF90
:20108000FFFFFFFFFFFFFFFFFFFFFFFFFFFFFFFFFFFFFFFFFFFFFFFFFFFFFFFFFFFFFFFF70
:2010A000FFFFFFFFFFFFFFFFFFFFFFFFFFFFFFFFFFFFFFFFFFFFFFFFFFFFFFFFFFFFFFFF50
:2010C000FFFFFFFFFFFFFFFFFFFFFFFFFFFFFFFFFFFFFFFFFFFFFFFFFFFFFFFFFFFFFFFF30
:2010E000FFFFFFFFFFFFFFFFFFFFFFFFFFFFFFFFFFFFFFFFFFFFFFFFFFFFFFFFFFFFFFFF10
:20110000FFFFFFFFFFFFFFFFFFFFFFFFFFFFFFFFFFFFFFFFFFFFFFFFFFFFFFFFFFFFFFFFEF
:20112000FFFFFFFFFFFFFFFFFFFFFFFFFFFFFFFFFFFFFFFFFFFFFFFFFFFFFFFFFFFFFFFFCF
:20114000FFFFFFFFFFFFFFFFFFFFFFFFFFFFFFFFFFFFFFFFFFFFFFFFFFFFFFFFFFFFFFFFAF
:20116000FFFFFFFFFFFFFFFFFFFFFFFFFFFFFFFFFFFFFFFFFFFFFFFFFFFFFFFFFFFFFFFF8F
:20118000FFFFFFFFFFFFFFFFFFFFFFFFFFFFFFFFFFFFFFFFFFFFFFFFFFFFFFFFFFFFFFFF6F
:2011A000FFFFFFFFFFFFFFFFFFFFFFFFFFFFFFFFFFFFFFFFFFFFFFFFFFFFFFFFFFFFFFFF4F
:2011C000FFFFFFFFFFFFFFFFFFFFFFFFFFFFFFFFFFFFFFFFFFFFFFFFFFFFFFFFFFFFFFFF2F
:2011E000FFFFFFFFFFFFFFFFFFFFFFFFFFFFFFFFFFFFFFFFFFFFFFFFFFFFFFFFFFFFFFFF0F
:20120000FFFFFFFFFFFFFFFFFFFFFFFFFFFFFFFFFFFFFFFFFFFFFFFFFFFFFFFFFFFFFFFFEE
:20122000FFFFFFFFFFFFFFFFFFFFFFFFFFFFFFFFFFFFFFFFFFFFFFFFFFFFFFFFFFFFFFFFCE
:20124000FFFFFFFFFFFFFFFFFFFFFFFFFFFFFFFFFFFFFFFFFFFFFFFFFFFFFFFFFFFFFFFFAE
:20126000FFFFFFFFFFFFFFFFFFFFFFFFFFFFFFFFFFFFFFFFFFFFFFFFFFFFFFFFFFFFFFFF8E
:20128000FFFFFFFFFFFFFFFFFFFFFFFFFFFFFFFFFFFFFFFFFFFFFFFFFFFFFFFFFFFFFFFF6E
:2012A000FFFFFFFFFFFFFFFFFFFFFFFFFFFFFFFFFFFFFFFFFFFFFFFFFFFFFFFFFFFFFFFF4E
:2012C000FFFFFFFFFFFFFFFFFFFFFFFFFFFFFFFFFFFFFFFFFFFFFFFFFFFFFFFFFFFFFFFF2E
:2012E000FFFFFFFFFFFFFFFFFFFFFFFFFFFFFFFFFFFFFFFFFFFFFFFFFFFFFFFFFFFFFFFF0E
:20130000FFFFFFFFFFFFFFFFFFFFFFFFFFFFFFFFFFFFFFFFFFFFFFFFFFFFFFFFFFFFFFFFED
:20132000FFFFFFFFFFFFFFFFFFFFFFFFFFFFFFFFFFFFFFFFFFFFFFFFFFFFFFFFFFFFFFFFCD
:20134000FFFFFFFFFFFFFFFFFFFFFFFFFFFFFFFFFFFFFFFFFFFFFFFFFFFFFFFFFFFFFFFFAD
:20136000FFFFFFFFFFFFFFFFFFFFFFFFFFFFFFFFFFFFFFFFFFFFFFFFFFFFFFFFFFFFFFFF8D
:20138000FFFFFFFFFFFFFFFFFFFFFFFFFFFFFFFFFFFFFFFFFFFFFFFFFFFFFFFFFFFFFFFF6D
:2013A000FFFFFFFFFFFFFFFFFFFFFFFFFFFFFFFFFFFFFFFFFFFFFFFFFFFFFFFFFFFFFFFF4D
:2013C000FFFFFFFFFFFFFFFFFFFFFFFFFFFFFFFFFFFFFFFFFFFFFFFFFFFFFFFFFFFFFFFF2D
:2013E000FFFFFFFFFFFFFFFFFFFFFFFFFFFFFFFFFFFFFFFFFFFFFFFFFFFFFFFFFFFFFFFF0D
:20140000FFFFFFFFFFFFFFFFFFFFFFFFFFFFFFFFFFFFFFFFFFFFFFFFFFFFFFFFFFFFFFFFEC
:20142000FFFFFFFFFFFFFFFFFFFFFFFFFFFFFFFFFFFFFFFFFFFFFFFFFFFFFFFFFFFFFFFFCC
:20144000FFFFFFFFFFFFFFFFFFFFFFFFFFFFFFFFFFFFFFFFFFFFFFFFFFFFFFFFFFFFFFFFAC
:20146000FFFFFFFFFFFFFFFFFFFFFFFFFFFFFFFFFFFFFFFFFFFFFFFFFFFFFFFFFFFFFFFF8C
:20148000FFFFFFFFFFFFFFFFFFFFFFFFFFFFFFFFFFFFFFFFFFFFFFFFFFFFFFFFFFFFFFFF6C
:2014A000FFFFFFFFFFFFFFFFFFFFFFFFFFFFFFFFFFFFFFFFFFFFFFFFFFFFFFFFFFFFFFFF4C
:2014C000FFFFFFFFFFFFFFFFFFFFFFFFFFFFFFFFFFFFFFFFFFFFFFFFFFFFFFFFFFFFFFFF2C
:2014E000FFFFFFFFFFFFFFFFFFFFFFFFFFFFFFFFFFFFFFFFFFFFFFFFFFFFFFFFFFFFFFFF0C
:20150000FFFFFFFFFFFFFFFFFFFFFFFFFFFFFFFFFFFFFFFFFFFFFFFFFFFFFFFFFFFFFFFFEB
:20152000FFFFFFFFFFFFFFFFFFFFFFFFFFFFFFFFFFFFFFFFFFFFFFFFFFFFFFFFFFFFFFFFCB
:20154000FFFFFFFFFFFFFFFFFFFFFFFFFFFFFFFFFFFFFFFFFFFFFFFFFFFFFFFFFFFFFFFFAB
:20156000FFFFFFFFFFFFFFFFFFFFFFFFFFFFFFFFFFFFFFFFFFFFFFFFFFFFFFFFFFFFFFFF8B
:20158000FFFFFFFFFFFFFFFFFFFFFFFFFFFFFFFFFFFFFFFFFFFFFFFFFFFFFFFFFFFFFFFF6B
:2015A000FFFFFFFFFFFFFFFFFFFFFFFFFFFFFFFFFFFFFFFFFFFFFFFFFFFFFFFFFFFFFFFF4B
:2015C000FFFFFFFFFFFFFFFFFFFFFFFFFFFFFFFFFFFFFFFFFFFFFFFFFFFFFFFFFFFFFFFF2B
:2015E000FFFFFFFFFFFFFFFFFFFFFFFFFFFFFFFFFFFFFFFFFFFFFFFFFFFFFFFFFFFFFFFF0B
:20160000FFFFFFFFFFFFFFFFFFFFFFFFFFFFFFFFFFFFFFFFFFFFFFFFFFFFFFFFFFFFFFFFEA
:20162000FFFFFFFFFFFFFFFFFFFFFFFFFFFFFFFFFFFFFFFFFFFFFFFFFFFFFFFFFFFFFFFFCA
:20164000FFFFFFFFFFFFFFFFFFFFFFFFFFFFFFFFFFFFFFFFFFFFFFFFFFFFFFFFFFFFFFFFAA
:20166000FFFFFFFFFFFFFFFFFFFFFFFFFFFFFFFFFFFFFFFFFFFFFFFFFFFFFFFFFFFFFFFF8A
:20168000FFFFFFFFFFFFFFFFFFFFFFFFFFFFFFFFFFFFFFFFFFFFFFFFFFFFFFFFFFFFFFFF6A
:2016A000FFFFFFFFFFFFFFFFFFFFFFFFFFFFFFFFFFFFFFFFFFFFFFFFFFFFFFFFFFFFFFFF4A
:2016C000FFFFFFFFFFFFFFFFFFFFFFFFFFFFFFFFFFFFFFFFFFFFFFFFFFFFFFFFFFFFFFFF2A
:2016E000FFFFFFFFFFFFFFFFFFFFFFFFFFFFFFFFFFFFFFFFFFFFFFFFFFFFFFFFFFFFFFFF0A
:20170000FFFFFFFFFFFFFFFFFFFFFFFFFFFFFFFFFFFFFFFFFFFFFFFFFFFFFFFFFFFFFFFFE9
:20172000FFFFFFFFFFFFFFFFFFFFFFFFFFFFFFFFFFFFFFFFFFFFFFFFFFFFFFFFFFFFFFFFC9
:20174000FFFFFFFFFFFFFFFFFFFFFFFFFFFFFFFFFFFFFFFFFFFFFFFFFFFFFFFFFFFFFFFFA9
:20176000FFFFFFFFFFFFFFFFFFFFFFFFFFFFFFFFFFFFFFFFFFFFFFFFFFFFFFFFFFFFFFFF89
:20178000FFFFFFFFFFFFFFFFFFFFFFFFFFFFFFFFFFFFFFFFFFFFFFFFFFFFFFFFFFFFFFFF69
:2017A000FFFFFFFFFFFFFFFFFFFFFFFFFFFFFFFFFFFFFFFFFFFFFFFFFFFFFFFFFFFFFFFF49
:2017C000FFFFFFFFFFFFFFFFFFFFFFFFFFFFFFFFFFFFFFFFFFFFFFFFFFFFFFFFFFFFFFFF29
:2017E000FFFFFFFFFFFFFFFFFFFFFFFFFFFFFFFFFFFFFFFFFFFFFFFFFFFFFFFFFFFFFFFF09
:20180000FFFFFFFFFFFFFFFFFFFFFFFFFFFFFFFFFFFFFFFFFFFFFFFFFFFFFFFFFFFFFFFFE8
:20182000FFFFFFFFFFFFFFFFFFFFFFFFFFFFFFFFFFFFFFFFFFFFFFFFFFFFFFFFFFFFFFFFC8
:20184000FFFFFFFFFFFFFFFFFFFFFFFFFFFFFFFFFFFFFFFFFFFFFFFFFFFFFFFFFFFFFFFFA8
:20186000FFFFFFFFFFFFFFFFFFFFFFFFFFFFFFFFFFFFFFFFFFFFFFFFFFFFFFFFFFFFFFFF88
:20188000FFFFFFFFFFFFFFFFFFFFFFFFFFFFFFFFFFFFFFFFFFFFFFFFFFFFFFFFFFFFFFFF68
:2018A000FFFFFFFFFFFFFFFFFFFFFFFFFFFFFFFFFFFFFFFFFFFFFFFFFFFFFFFFFFFFFFFF48
:2018C000FFFFFFFFFFFFFFFFFFFFFFFFFFFFFFFFFFFFFFFFFFFFFFFFFFFFFFFFFFFFFFFF28
:2018E000FFFFFFFFFFFFFFFFFFFFFFFFFFFFFFFFFFFFFFFFFFFFFFFFFFFFFFFFFFFFFFFF08
:20190000FFFFFFFFFFFFFFFFFFFFFFFFFFFFFFFFFFFFFFFFFFFFFFFFFFFFFFFFFFFFFFFFE7
:20192000FFFFFFFFFFFFFFFFFFFFFFFFFFFFFFFFFFFFFFFFFFFFFFFFFFFFFFFFFFFFFFFFC7
:20194000FFFFFFFFFFFFFFFFFFFFFFFFFFFFFFFFFFFFFFFFFFFFFFFFFFFFFFFFFFFFFFFFA7
:20196000FFFFFFFFFFFFFFFFFFFFFFFFFFFFFFFFFFFFFFFFFFFFFFFFFFFFFFFFFFFFFFFF87
:20198000FFFFFFFFFFFFFFFFFFFFFFFFFFFFFFFFFFFFFFFFFFFFFFFFFFFFFFFFFFFFFFFF67
:2019A000FFFFFFFFFFFFFFFFFFFFFFFFFFFFFFFFFFFFFFFFFFFFFFFFFFFFFFFFFFFFFFFF47
:2019C000FFFFFFFFFFFFFFFFFFFFFFFFFFFFFFFFFFFFFFFFFFFFFFFFFFFFFFFFFFFFFFFF27
:2019E000FFFFFFFFFFFFFFFFFFFFFFFFFFFFFFFFFFFFFFFFFFFFFFFFFFFFFFFFFFFFFFFF07
:201A0000FFFFFFFFFFFFFFFFFFFFFFFFFFFFFFFFFFFFFFFFFFFFFFFFFFFFFFFFFFFFFFFFE6
:201A2000FFFFFFFFFFFFFFFFFFFFFFFFFFFFFFFFFFFFFFFFFFFFFFFFFFFFFFFFFFFFFFFFC6
:201A4000FFFFFFFFFFFFFFFFFFFFFFFFFFFFFFFFFFFFFFFFFFFFFFFFFFFFFFFFFFFFFFFFA6
:201A6000FFFFFFFFFFFFFFFFFFFFFFFFFFFFFFFFFFFFFFFFFFFFFFFFFFFFFFFFFFFFFFFF86
:201A8000FFFFFFFFFFFFFFFFFFFFFFFFFFFFFFFFFFFFFFFFFFFFFFFFFFFFFFFFFFFFFFFF66
:201AA000FFFFFFFFFFFFFFFFFFFFFFFFFFFFFFFFFFFFFFFFFFFFFFFFFFFFFFFFFFFFFFFF46
:201AC000FFFFFFFFFFFFFFFFFFFFFFFFFFFFFFFFFFFFFFFFFFFFFFFFFFFFFFFFFFFFFFFF26
:201AE000FFFFFFFFFFFFFFFFFFFFFFFFFFFFFFFFFFFFFFFFFFFFFFFFFFFFFFFFFFFFFFFF06
:201B0000FFFFFFFFFFFFFFFFFFFFFFFFFFFFFFFFFFFFFFFFFFFFFFFFFFFFFFFFFFFFFFFFE5
:201B2000FFFFFFFFFFFFFFFFFFFFFFFFFFFFFFFFFFFFFFFFFFFFFFFFFFFFFFFFFFFFFFFFC5
:201B4000FFFFFFFFFFFFFFFFFFFFFFFFFFFFFFFFFFFFFFFFFFFFFFFFFFFFFFFFFFFFFFFFA5
:201B6000FFFFFFFFFFFFFFFFFFFFFFFFFFFFFFFFFFFFFFFFFFFFFFFFFFFFFFFFFFFFFFFF85
:201B8000FFFFFFFFFFFFFFFFFFFFFFFFFFFFFFFFFFFFFFFFFFFFFFFFFFFFFFFFFFFFFFFF65
:201BA000FFFFFFFFFFFFFFFFFFFFFFFFFFFFFFFFFFFFFFFFFFFFFFFFFFFFFFFFFFFFFFFF45
:201BC000FFFFFFFFFFFFFFFFFFFFFFFFFFFFFFFFFFFFFFFFFFFFFFFFFFFFFFFFFFFFFFFF25
:201BE000FFFFFFFFFFFFFFFFFFFFFFFFFFFFFFFFFFFFFFFFFFFFFFFFFFFFFFFFFFFFFFFF05
:201C0000FFFFFFFFFFFFFFFFFFFFFFFFFFFFFFFFFFFFFFFFFFFFFFFFFFFFFFFFFFFFFFFFE4
:201C2000FFFFFFFFFFFFFFFFFFFFFFFFFFFFFFFFFFFFFFFFFFFFFFFFFFFFFFFFFFFFFFFFC4
:201C4000FFFFFFFFFFFFFFFFFFFFFFFFFFFFFFFFFFFFFFFFFFFFFFFFFFFFFFFFFFFFFFFFA4
:201C6000FFFFFFFFFFFFFFFFFFFFFFFFFFFFFFFFFFFFFFFFFFFFFFFFFFFFFFFFFFFFFFFF84
:201C8000FFFFFFFFFFFFFFFFFFFFFFFFFFFFFFFFFFFFFFFFFFFFFFFFFFFFFFFFFFFFFFFF64
:201CA000FFFFFFFFFFFFFFFFFFFFFFFFFFFFFFFFFFFFFFFFFFFFFFFFFFFFFFFFFFFFFFFF44
:201CC000FFFFFFFFFFFFFFFFFFFFFFFFFFFFFFFFFFFFFFFFFFFFFFFFFFFFFFFFFFFFFFFF24
:201CE000FFFFFFFFFFFFFFFFFFFFFFFFFFFFFFFFFFFFFFFFFFFFFFFFFFFFFFFFFFFFFFFF04
:201D0000FFFFFFFFFFFFFFFFFFFFFFFFFFFFFFFFFFFFFFFFFFFFFFFFFFFFFFFFFFFFFFFFE3
:201D2000FFFFFFFFFFFFFFFFFFFFFFFFFFFFFFFFFFFFFFFFFFFFFFFFFFFFFFFFFFFFFFFFC3
:201D4000FFFFFFFFFFFFFFFFFFFFFFFFFFFFFFFFFFFFFFFFFFFFFFFFFFFFFFFFFFFFFFFFA3
:201D6000FFFFFFFFFFFFFFFFFFFFFFFFFFFFFFFFFFFFFFFFFFFFFFFFFFFFFFFFFFFFFFFF83
:201D8000FFFFFFFFFFFFFFFFFFFFFFFFFFFFFFFFFFFFFFFFFFFFFFFFFFFFFFFFFFFFFFFF63
:201DA000FFFFFFFFFFFFFFFFFFFFFFFFFFFFFFFFFFFFFFFFFFFFFFFFFFFFFFFFFFFFFFFF43
:201DC000FFFFFFFFFFFFFFFFFFFFFFFFFFFFFFFFFFFFFFFFFFFFFFFFFFFFFFFFFFFFFFFF23
:201DE000FFFFFFFFFFFFFFFFFFFFFFFFFFFFFFFFFFFFFFFFFFFFFFFFFFFFFFFFFFFFFFFF03
:201E0000FFFFFFFFFFFFFFFFFFFFFFFFFFFFFFFFFFFFFFFFFFFFFFFFFFFFFFFFFFFFFFFFE2
:201E2000FFFFFFFFFFFFFFFFFFFFFFFFFFFFFFFFFFFFFFFFFFFFFFFFFFFFFFFFFFFFFFFFC2
:201E4000FFFFFFFFFFFFFFFFFFFFFFFFFFFFFFFFFFFFFFFFFFFFFFFFFFFFFFFFFFFFFFFFA2
:201E6000FFFFFFFFFFFFFFFFFFFFFFFFFFFFFFFFFFFFFFFFFFFFFFFFFFFFFFFFFFFFFFFF82
:201E8000FFFFFFFFFFFFFFFFFFFFFFFFFFFFFFFFFFFFFFFFFFFFFFFFFFFFFFFFFFFFFFFF62
:201EA000FFFFFFFFFFFFFFFFFFFFFFFFFFFFFFFFFFFFFFFFFFFFFFFFFFFFFFFFFFFFFFFF42
:201EC000FFFFFFFFFFFFFFFFFFFFFFFFFFFFFFFFFFFFFFFFFFFFFFFFFFFFFFFFFFFFFFFF22
:201EE000FFFFFFFFFFFFFFFFFFFFFFFFFFFFFFFFFFFFFFFFFFFFFFFFFFFFFFFFFFFFFFFF02
:201F0000FFFFFFFFFFFFFFFFFFFFFFFFFFFFFFFFFFFFFFFFFFFFFFFFFFFFFFFFFFFFFFFFE1
:201F2000FFFFFFFFFFFFFFFFFFFFFFFFFFFFFFFFFFFFFFFFFFFFFFFFFFFFFFFFFFFFFFFFC1
:201F4000FFFFFFFFFFFFFFFFFFFFFFFFFFFFFFFFFFFFFFFFFFFFFFFFFFFFFFFFFFFFFFFFA1
:201F6000FFFFFFFFFFFFFFFFFFFFFFFFFFFFFFFFFFFFFFFFFFFFFFFFFFFFFFFFFFFFFFFF81
:201F8000FFFFFFFFFFFFFFFFFFFFFFFFFFFFFFFFFFFFFFFFFFFFFFFFFFFFFFFFFFFFFFFF61
:201FA000FFFFFFFFFFFFFFFFFFFFFFFFFFFFFFFFFFFFFFFFFFFFFFFFFFFFFFFFFFFFFFFF41
:201FC000FFFFFFFFFFFFFFFFFFFFFFFFFFFFFFFFFFFFFFFFFFFFFFFFFFFFFFFFFFFFFFFF21
:201FE000FFFFFFFFFFFFFFFFFFFFFFFFFFFFFFFFFFFFFFFFFFFFFFFFFFFFFFFFFFFFFFFF01
:20200000FFFFFFFFFFFFFFFFFFFFFFFFFFFFFFFFFFFFFFFFFFFFFFFFFFFFFFFFFFFFFFFFE0
:20202000FFFFFFFFFFFFFFFFFFFFFFFFFFFFFFFFFFFFFFFFFFFFFFFFFFFFFFFFFFFFFFFFC0
:20204000FFFFFFFFFFFFFFFFFFFFFFFFFFFFFFFFFFFFFFFFFFFFFFFFFFFFFFFFFFFFFFFFA0
:20206000FFFFFFFFFFFFFFFFFFFFFFFFFFFFFFFFFFFFFFFFFFFFFFFFFFFFFFFFFFFFFFFF80
:20208000FFFFFFFFFFFFFFFFFFFFFFFFFFFFFFFFFFFFFFFFFFFFFFFFFFFFFFFFFFFFFFFF60
:2020A000FFFFFFFFFFFFFFFFFFFFFFFFFFFFFFFFFFFFFFFFFFFFFFFFFFFFFFFFFFFFFFFF40
:2020C000FFFFFFFFFFFFFFFFFFFFFFFFFFFFFFFFFFFFFFFFFFFFFFFFFFFFFFFFFFFFFFFF20
:2020E000FFFFFFFFFFFFFFFFFFFFFFFFFFFFFFFFFFFFFFFFFFFFFFFFFFFFFFFFFFFFFFFF00
:20210000FFFFFFFFFFFFFFFFFFFFFFFFFFFFFFFFFFFFFFFFFFFFFFFFFFFFFFFFFFFFFFFFDF
:20212000FFFFFFFFFFFFFFFFFFFFFFFFFFFFFFFFFFFFFFFFFFFFFFFFFFFFFFFFFFFFFFFFBF
:20214000FFFFFFFFFFFFFFFFFFFFFFFFFFFFFFFFFFFFFFFFFFFFFFFFFFFFFFFFFFFFFFFF9F
:20216000FFFFFFFFFFFFFFFFFFFFFFFFFFFFFFFFFFFFFFFFFFFFFFFFFFFFFFFFFFFFFFFF7F
:20218000FFFFFFFFFFFFFFFFFFFFFFFFFFFFFFFFFFFFFFFFFFFFFFFFFFFFFFFFFFFFFFFF5F
:2021A000FFFFFFFFFFFFFFFFFFFFFFFFFFFFFFFFFFFFFFFFFFFFFFFFFFFFFFFFFFFFFFFF3F
:2021C000FFFFFFFFFFFFFFFFFFFFFFFFFFFFFFFFFFFFFFFFFFFFFFFFFFFFFFFFFFFFFFFF1F
:2021E000FFFFFFFFFFFFFFFFFFFFFFFFFFFFFFFFFFFFFFFFFFFFFFFFFFFFFFFFFFFFFFFFFF
:20220000FFFFFFFFFFFFFFFFFFFFFFFFFFFFFFFFFFFFFFFFFFFFFFFFFFFFFFFFFFFFFFFFDE
:20222000FFFFFFFFFFFFFFFFFFFFFFFFFFFFFFFFFFFFFFFFFFFFFFFFFFFFFFFFFFFFFFFFBE
:20224000FFFFFFFFFFFFFFFFFFFFFFFFFFFFFFFFFFFFFFFFFFFFFFFFFFFFFFFFFFFFFFFF9E
:20226000FFFFFFFFFFFFFFFFFFFFFFFFFFFFFFFFFFFFFFFFFFFFFFFFFFFFFFFFFFFFFFFF7E
:20228000FFFFFFFFFFFFFFFFFFFFFFFFFFFFFFFFFFFFFFFFFFFFFFFFFFFFFFFFFFFFFFFF5E
:2022A000FFFFFFFFFFFFFFFFFFFFFFFFFFFFFFFFFFFFFFFFFFFFFFFFFFFFFFFFFFFFFFFF3E
:2022C000FFFFFFFFFFFFFFFFFFFFFFFFFFFFFFFFFFFFFFFFFFFFFFFFFFFFFFFFFFFFFFFF1E
:2022E000FFFFFFFFFFFFFFFFFFFFFFFFFFFFFFFFFFFFFFFFFFFFFFFFFFFFFFFFFFFFFFFFFE
:20230000FFFFFFFFFFFFFFFFFFFFFFFFFFFFFFFFFFFFFFFFFFFFFFFFFFFFFFFFFFFFFFFFDD
:20232000FFFFFFFFFFFFFFFFFFFFFFFFFFFFFFFFFFFFFFFFFFFFFFFFFFFFFFFFFFFFFFFFBD
:20234000FFFFFFFFFFFFFFFFFFFFFFFFFFFFFFFFFFFFFFFFFFFFFFFFFFFFFFFFFFFFFFFF9D
:20236000FFFFFFFFFFFFFFFFFFFFFFFFFFFFFFFFFFFFFFFFFFFFFFFFFFFFFFFFFFFFFFFF7D
:20238000FFFFFFFFFFFFFFFFFFFFFFFFFFFFFFFFFFFFFFFFFFFFFFFFFFFFFFFFFFFFFFFF5D
:2023A000FFFFFFFFFFFFFFFFFFFFFFFFFFFFFFFFFFFFFFFFFFFFFFFFFFFFFFFFFFFFFFFF3D
:2023C000FFFFFFFFFFFFFFFFFFFFFFFFFFFFFFFFFFFFFFFFFFFFFFFFFFFFFFFFFFFFFFFF1D
:2023E000FFFFFFFFFFFFFFFFFFFFFFFFFFFFFFFFFFFFFFFFFFFFFFFFFFFFFFFFFFFFFFFFFD
:20240000FFFFFFFFFFFFFFFFFFFFFFFFFFFFFFFFFFFFFFFFFFFFFFFFFFFFFFFFFFFFFFFFDC
:20242000FFFFFFFFFFFFFFFFFFFFFFFFFFFFFFFFFFFFFFFFFFFFFFFFFFFFFFFFFFFFFFFFBC
:20244000FFFFFFFFFFFFFFFFFFFFFFFFFFFFFFFFFFFFFFFFFFFFFFFFFFFFFFFFFFFFFFFF9C
:20246000FFFFFFFFFFFFFFFFFFFFFFFFFFFFFFFFFFFFFFFFFFFFFFFFFFFFFFFFFFFFFFFF7C
:20248000FFFFFFFFFFFFFFFFFFFFFFFFFFFFFFFFFFFFFFFFFFFFFFFFFFFFFFFFFFFFFFFF5C
:2024A000FFFFFFFFFFFFFFFFFFFFFFFFFFFFFFFFFFFFFFFFFFFFFFFFFFFFFFFFFFFFFFFF3C
:2024C000FFFFFFFFFFFFFFFFFFFFFFFFFFFFFFFFFFFFFFFFFFFFFFFFFFFFFFFFFFFFFFFF1C
:2024E000FFFFFFFFFFFFFFFFFFFFFFFFFFFFFFFFFFFFFFFFFFFFFFFFFFFFFFFFFFFFFFFFFC
:20250000FFFFFFFFFFFFFFFFFFFFFFFFFFFFFFFFFFFFFFFFFFFFFFFFFFFFFFFFFFFFFFFFDB
:20252000FFFFFFFFFFFFFFFFFFFFFFFFFFFFFFFFFFFFFFFFFFFFFFFFFFFFFFFFFFFFFFFFBB
:20254000FFFFFFFFFFFFFFFFFFFFFFFFFFFFFFFFFFFFFFFFFFFFFFFFFFFFFFFFFFFFFFFF9B
:20256000FFFFFFFFFFFFFFFFFFFFFFFFFFFFFFFFFFFFFFFFFFFFFFFFFFFFFFFFFFFFFFFF7B
:20258000FFFFFFFFFFFFFFFFFFFFFFFFFFFFFFFFFFFFFFFFFFFFFFFFFFFFFFFFFFFFFFFF5B
:2025A000FFFFFFFFFFFFFFFFFFFFFFFFFFFFFFFFFFFFFFFFFFFFFFFFFFFFFFFFFFFFFFFF3B
:2025C000FFFFFFFFFFFFFFFFFFFFFFFFFFFFFFFFFFFFFFFFFFFFFFFFFFFFFFFFFFFFFFFF1B
:2025E000FFFFFFFFFFFFFFFFFFFFFFFFFFFFFFFFFFFFFFFFFFFFFFFFFFFFFFFFFFFFFFFFFB
:20260000FFFFFFFFFFFFFFFFFFFFFFFFFFFFFFFFFFFFFFFFFFFFFFFFFFFFFFFFFFFFFFFFDA
:20262000FFFFFFFFFFFFFFFFFFFFFFFFFFFFFFFFFFFFFFFFFFFFFFFFFFFFFFFFFFFFFFFFBA
:20264000FFFFFFFFFFFFFFFFFFFFFFFFFFFFFFFFFFFFFFFFFFFFFFFFFFFFFFFFFFFFFFFF9A
:20266000FFFFFFFFFFFFFFFFFFFFFFFFFFFFFFFFFFFFFFFFFFFFFFFFFFFFFFFFFFFFFFFF7A
:20268000FFFFFFFFFFFFFFFFFFFFFFFFFFFFFFFFFFFFFFFFFFFFFFFFFFFFFFFFFFFFFFFF5A
:2026A000FFFFFFFFFFFFFFFFFFFFFFFFFFFFFFFFFFFFFFFFFFFFFFFFFFFFFFFFFFFFFFFF3A
:2026C000FFFFFFFFFFFFFFFFFFFFFFFFFFFFFFFFFFFFFFFFFFFFFFFFFFFFFFFFFFFFFFFF1A
:2026E000FFFFFFFFFFFFFFFFFFFFFFFFFFFFFFFFFFFFFFFFFFFFFFFFFFFFFFFFFFFFFFFFFA
:20270000FFFFFFFFFFFFFFFFFFFFFFFFFFFFFFFFFFFFFFFFFFFFFFFFFFFFFFFFFFFFFFFFD9
:20272000FFFFFFFFFFFFFFFFFFFFFFFFFFFFFFFFFFFFFFFFFFFFFFFFFFFFFFFFFFFFFFFFB9
:20274000FFFFFFFFFFFFFFFFFFFFFFFFFFFFFFFFFFFFFFFFFFFFFFFFFFFFFFFFFFFFFFFF99
:20276000FFFFFFFFFFFFFFFFFFFFFFFFFFFFFFFFFFFFFFFFFFFFFFFFFFFFFFFFFFFFFFFF79
:20278000FFFFFFFFFFFFFFFFFFFFFFFFFFFFFFFFFFFFFFFFFFFFFFFFFFFFFFFFFFFFFFFF59
:2027A000FFFFFFFFFFFFFFFFFFFFFFFFFFFFFFFFFFFFFFFFFFFFFFFFFFFFFFFFFFFFFFFF39
:2027C000FFFFFFFFFFFFFFFFFFFFFFFFFFFFFFFFFFFFFFFFFFFFFFFFFFFFFFFFFFFFFFFF19
:2027E000FFFFFFFFFFFFFFFFFFFFFFFFFFFFFFFFFFFFFFFFFFFFFFFFFFFFFFFFFFFFFFFFF9
:20280000FFFFFFFFFFFFFFFFFFFFFFFFFFFFFFFFFFFFFFFFFFFFFFFFFFFFFFFFFFFFFFFFD8
:20282000FFFFFFFFFFFFFFFFFFFFFFFFFFFFFFFFFFFFFFFFFFFFFFFFFFFFFFFFFFFFFFFFB8
:20284000FFFFFFFFFFFFFFFFFFFFFFFFFFFFFFFFFFFFFFFFFFFFFFFFFFFFFFFFFFFFFFFF98
:20286000FFFFFFFFFFFFFFFFFFFFFFFFFFFFFFFFFFFFFFFFFFFFFFFFFFFFFFFFFFFFFFFF78
:20288000FFFFFFFFFFFFFFFFFFFFFFFFFFFFFFFFFFFFFFFFFFFFFFFFFFFFFFFFFFFFFFFF58
:2028A000FFFFFFFFFFFFFFFFFFFFFFFFFFFFFFFFFFFFFFFFFFFFFFFFFFFFFFFFFFFFFFFF38
:2028C000FFFFFFFFFFFFFFFFFFFFFFFFFFFFFFFFFFFFFFFFFFFFFFFFFFFFFFFFFFFFFFFF18
:2028E000FFFFFFFFFFFFFFFFFFFFFFFFFFFFFFFFFFFFFFFFFFFFFFFFFFFFFFFFFFFFFFFFF8
:20290000FFFFFFFFFFFFFFFFFFFFFFFFFFFFFFFFFFFFFFFFFFFFFFFFFFFFFFFFFFFFFFFFD7
:20292000FFFFFFFFFFFFFFFFFFFFFFFFFFFFFFFFFFFFFFFFFFFFFFFFFFFFFFFFFFFFFFFFB7
:20294000FFFFFFFFFFFFFFFFFFFFFFFFFFFFFFFFFFFFFFFFFFFFFFFFFFFFFFFFFFFFFFFF97
:20296000FFFFFFFFFFFFFFFFFFFFFFFFFFFFFFFFFFFFFFFFFFFFFFFFFFFFFFFFFFFFFFFF77
:20298000FFFFFFFFFFFFFFFFFFFFFFFFFFFFFFFFFFFFFFFFFFFFFFFFFFFFFFFFFFFFFFFF57
:2029A000FFFFFFFFFFFFFFFFFFFFFFFFFFFFFFFFFFFFFFFFFFFFFFFFFFFFFFFFFFFFFFFF37
:2029C000FFFFFFFFFFFFFFFFFFFFFFFFFFFFFFFFFFFFFFFFFFFFFFFFFFFFFFFFFFFFFFFF17
:2029E000FFFFFFFFFFFFFFFFFFFFFFFFFFFFFFFFFFFFFFFFFFFFFFFFFFFFFFFFFFFFFFFFF7
:202A0000FFFFFFFFFFFFFFFFFFFFFFFFFFFFFFFFFFFFFFFFFFFFFFFFFFFFFFFFFFFFFFFFD6
:202A2000FFFFFFFFFFFFFFFFFFFFFFFFFFFFFFFFFFFFFFFFFFFFFFFFFFFFFFFFFFFFFFFFB6
:202A4000FFFFFFFFFFFFFFFFFFFFFFFFFFFFFFFFFFFFFFFFFFFFFFFFFFFFFFFFFFFFFFFF96
:202A6000FFFFFFFFFFFFFFFFFFFFFFFFFFFFFFFFFFFFFFFFFFFFFFFFFFFFFFFFFFFFFFFF76
:202A8000FFFFFFFFFFFFFFFFFFFFFFFFFFFFFFFFFFFFFFFFFFFFFFFFFFFFFFFFFFFFFFFF56
:202AA000FFFFFFFFFFFFFFFFFFFFFFFFFFFFFFFFFFFFFFFFFFFFFFFFFFFFFFFFFFFFFFFF36
:202AC000FFFFFFFFFFFFFFFFFFFFFFFFFFFFFFFFFFFFFFFFFFFFFFFFFFFFFFFFFFFFFFFF16
:202AE000FFFFFFFFFFFFFFFFFFFFFFFFFFFFFFFFFFFFFFFFFFFFFFFFFFFFFFFFFFFFFFFFF6
:202B0000FFFFFFFFFFFFFFFFFFFFFFFFFFFFFFFFFFFFFFFFFFFFFFFFFFFFFFFFFFFFFFFFD5
:202B2000FFFFFFFFFFFFFFFFFFFFFFFFFFFFFFFFFFFFFFFFFFFFFFFFFFFFFFFFFFFFFFFFB5
:202B4000FFFFFFFFFFFFFFFFFFFFFFFFFFFFFFFFFFFFFFFFFFFFFFFFFFFFFFFFFFFFFFFF95
:202B6000FFFFFFFFFFFFFFFFFFFFFFFFFFFFFFFFFFFFFFFFFFFFFFFFFFFFFFFFFFFFFFFF75
:202B8000FFFFFFFFFFFFFFFFFFFFFFFFFFFFFFFFFFFFFFFFFFFFFFFFFFFFFFFFFFFFFFFF55
:202BA000FFFFFFFFFFFFFFFFFFFFFFFFFFFFFFFFFFFFFFFFFFFFFFFFFFFFFFFFFFFFFFFF35
:202BC000FFFFFFFFFFFFFFFFFFFFFFFFFFFFFFFFFFFFFFFFFFFFFFFFFFFFFFFFFFFFFFFF15
:202BE000FFFFFFFFFFFFFFFFFFFFFFFFFFFFFFFFFFFFFFFFFFFFFFFFFFFFFFFFFFFFFFFFF5
:202C0000FFFFFFFFFFFFFFFFFFFFFFFFFFFFFFFFFFFFFFFFFFFFFFFFFFFFFFFFFFFFFFFFD4
:202C2000FFFFFFFFFFFFFFFFFFFFFFFFFFFFFFFFFFFFFFFFFFFFFFFFFFFFFFFFFFFFFFFFB4
:202C4000FFFFFFFFFFFFFFFFFFFFFFFFFFFFFFFFFFFFFFFFFFFFFFFFFFFFFFFFFFFFFFFF94
:202C6000FFFFFFFFFFFFFFFFFFFFFFFFFFFFFFFFFFFFFFFFFFFFFFFFFFFFFFFFFFFFFFFF74
:202C8000FFFFFFFFFFFFFFFFFFFFFFFFFFFFFFFFFFFFFFFFFFFFFFFFFFFFFFFFFFFFFFFF54
:202CA000FFFFFFFFFFFFFFFFFFFFFFFFFFFFFFFFFFFFFFFFFFFFFFFFFFFFFFFFFFFFFFFF34
:202CC000FFFFFFFFFFFFFFFFFFFFFFFFFFFFFFFFFFFFFFFFFFFFFFFFFFFFFFFFFFFFFFFF14
:202CE000FFFFFFFFFFFFFFFFFFFFFFFFFFFFFFFFFFFFFFFFFFFFFFFFFFFFFFFFFFFFFFFFF4
:202D0000FFFFFFFFFFFFFFFFFFFFFFFFFFFFFFFFFFFFFFFFFFFFFFFFFFFFFFFFFFFFFFFFD3
:202D2000FFFFFFFFFFFFFFFFFFFFFFFFFFFFFFFFFFFFFFFFFFFFFFFFFFFFFFFFFFFFFFFFB3
:202D4000FFFFFFFFFFFFFFFFFFFFFFFFFFFFFFFFFFFFFFFFFFFFFFFFFFFFFFFFFFFFFFFF93
:202D6000FFFFFFFFFFFFFFFFFFFFFFFFFFFFFFFFFFFFFFFFFFFFFFFFFFFFFFFFFFFFFFFF73
:202D8000FFFFFFFFFFFFFFFFFFFFFFFFFFFFFFFFFFFFFFFFFFFFFFFFFFFFFFFFFFFFFFFF53
:202DA000FFFFFFFFFFFFFFFFFFFFFFFFFFFFFFFFFFFFFFFFFFFFFFFFFFFFFFFFFFFFFFFF33
:202DC000FFFFFFFFFFFFFFFFFFFFFFFFFFFFFFFFFFFFFFFFFFFFFFFFFFFFFFFFFFFFFFFF13
:202DE000FFFFFFFFFFFFFFFFFFFFFFFFFFFFFFFFFFFFFFFFFFFFFFFFFFFFFFFFFFFFFFFFF3
:202E0000FFFFFFFFFFFFFFFFFFFFFFFFFFFFFFFFFFFFFFFFFFFFFFFFFFFFFFFFFFFFFFFFD2
:202E2000FFFFFFFFFFFFFFFFFFFFFFFFFFFFFFFFFFFFFFFFFFFFFFFFFFFFFFFFFFFFFFFFB2
:202E4000FFFFFFFFFFFFFFFFFFFFFFFFFFFFFFFFFFFFFFFFFFFFFFFFFFFFFFFFFFFFFFFF92
:202E6000FFFFFFFFFFFFFFFFFFFFFFFFFFFFFFFFFFFFFFFFFFFFFFFFFFFFFFFFFFFFFFFF72
:202E8000FFFFFFFFFFFFFFFFFFFFFFFFFFFFFFFFFFFFFFFFFFFFFFFFFFFFFFFFFFFFFFFF52
:202EA000FFFFFFFFFFFFFFFFFFFFFFFFFFFFFFFFFFFFFFFFFFFFFFFFFFFFFFFFFFFFFFFF32
:202EC000FFFFFFFFFFFFFFFFFFFFFFFFFFFFFFFFFFFFFFFFFFFFFFFFFFFFFFFFFFFFFFFF12
:202EE000FFFFFFFFFFFFFFFFFFFFFFFFFFFFFFFFFFFFFFFFFFFFFFFFFFFFFFFFFFFFFFFFF2
:202F0000FFFFFFFFFFFFFFFFFFFFFFFFFFFFFFFFFFFFFFFFFFFFFFFFFFFFFFFFFFFFFFFFD1
:202F2000FFFFFFFFFFFFFFFFFFFFFFFFFFFFFFFFFFFFFFFFFFFFFFFFFFFFFFFFFFFFFFFFB1
:202F4000FFFFFFFFFFFFFFFFFFFFFFFFFFFFFFFFFFFFFFFFFFFFFFFFFFFFFFFFFFFFFFFF91
:202F6000FFFFFFFFFFFFFFFFFFFFFFFFFFFFFFFFFFFFFFFFFFFFFFFFFFFFFFFFFFFFFFFF71
:202F8000FFFFFFFFFFFFFFFFFFFFFFFFFFFFFFFFFFFFFFFFFFFFFFFFFFFFFFFFFFFFFFFF51
:202FA000FFFFFFFFFFFFFFFFFFFFFFFFFFFFFFFFFFFFFFFFFFFFFFFFFFFFFFFFFFFFFFFF31
:202FC000FFFFFFFFFFFFFFFFFFFFFFFFFFFFFFFFFFFFFFFFFFFFFFFFFFFFFFFFFFFFFFFF11
:202FE000FFFFFFFFFFFFFFFFFFFFFFFFFFFFFFFFFFFFFFFFFFFFFFFFFFFFFFFFFFFFFFFFF1
:20300000FFFFFFFFFFFFFFFFFFFFFFFFFFFFFFFFFFFFFFFFFFFFFFFFFFFFFFFFFFFFFFFFD0
:20302000FFFFFFFFFFFFFFFFFFFFFFFFFFFFFFFFFFFFFFFFFFFFFFFFFFFFFFFFFFFFFFFFB0
:20304000FFFFFFFFFFFFFFFFFFFFFFFFFFFFFFFFFFFFFFFFFFFFFFFFFFFFFFFFFFFFFFFF90
:20306000FFFFFFFFFFFFFFFFFFFFFFFFFFFFFFFFFFFFFFFFFFFFFFFFFFFFFFFFFFFFFFFF70
:20308000FFFFFFFFFFFFFFFFFFFFFFFFFFFFFFFFFFFFFFFFFFFFFFFFFFFFFFFFFFFFFFFF50
:2030A000FFFFFFFFFFFFFFFFFFFFFFFFFFFFFFFFFFFFFFFFFFFFFFFFFFFFFFFFFFFFFFFF30
:2030C000FFFFFFFFFFFFFFFFFFFFFFFFFFFFFFFFFFFFFFFFFFFFFFFFFFFFFFFFFFFFFFFF10
:2030E000FFFFFFFFFFFFFFFFFFFFFFFFFFFFFFFFFFFFFFFFFFFFFFFFFFFFFFFFFFFFFFFFF0
:20310000FFFFFFFFFFFFFFFFFFFFFFFFFFFFFFFFFFFFFFFFFFFFFFFFFFFFFFFFFFFFFFFFCF
:20312000FFFFFFFFFFFFFFFFFFFFFFFFFFFFFFFFFFFFFFFFFFFFFFFFFFFFFFFFFFFFFFFFAF
:20314000FFFFFFFFFFFFFFFFFFFFFFFFFFFFFFFFFFFFFFFFFFFFFFFFFFFFFFFFFFFFFFFF8F
:20316000FFFFFFFFFFFFFFFFFFFFFFFFFFFFFFFFFFFFFFFFFFFFFFFFFFFFFFFFFFFFFFFF6F
:20318000FFFFFFFFFFFFFFFFFFFFFFFFFFFFFFFFFFFFFFFFFFFFFFFFFFFFFFFFFFFFFFFF4F
:2031A000FFFFFFFFFFFFFFFFFFFFFFFFFFFFFFFFFFFFFFFFFFFFFFFFFFFFFFFFFFFFFFFF2F
:2031C000FFFFFFFFFFFFFFFFFFFFFFFFFFFFFFFFFFFFFFFFFFFFFFFFFFFFFFFFFFFFFFFF0F
:2031E000FFFFFFFFFFFFFFFFFFFFFFFFFFFFFFFFFFFFFFFFFFFFFFFFFFFFFFFFFFFFFFFFEF
:20320000FFFFFFFFFFFFFFFFFFFFFFFFFFFFFFFFFFFFFFFFFFFFFFFFFFFFFFFFFFFFFFFFCE
:20322000FFFFFFFFFFFFFFFFFFFFFFFFFFFFFFFFFFFFFFFFFFFFFFFFFFFFFFFFFFFFFFFFAE
:20324000FFFFFFFFFFFFFFFFFFFFFFFFFFFFFFFFFFFFFFFFFFFFFFFFFFFFFFFFFFFFFFFF8E
:20326000FFFFFFFFFFFFFFFFFFFFFFFFFFFFFFFFFFFFFFFFFFFFFFFFFFFFFFFFFFFFFFFF6E
:20328000FFFFFFFFFFFFFFFFFFFFFFFFFFFFFFFFFFFFFFFFFFFFFFFFFFFFFFFFFFFFFFFF4E
:2032A000FFFFFFFFFFFFFFFFFFFFFFFFFFFFFFFFFFFFFFFFFFFFFFFFFFFFFFFFFFFFFFFF2E
:2032C000FFFFFFFFFFFFFFFFFFFFFFFFFFFFFFFFFFFFFFFFFFFFFFFFFFFFFFFFFFFFFFFF0E
:2032E000FFFFFFFFFFFFFFFFFFFFFFFFFFFFFFFFFFFFFFFFFFFFFFFFFFFFFFFFFFFFFFFFEE
:20330000FFFFFFFFFFFFFFFFFFFFFFFFFFFFFFFFFFFFFFFFFFFFFFFFFFFFFFFFFFFFFFFFCD
:20332000FFFFFFFFFFFFFFFFFFFFFFFFFFFFFFFFFFFFFFFFFFFFFFFFFFFFFFFFFFFFFFFFAD
:20334000FFFFFFFFFFFFFFFFFFFFFFFFFFFFFFFFFFFFFFFFFFFFFFFFFFFFFFFFFFFFFFFF8D
:20336000FFFFFFFFFFFFFFFFFFFFFFFFFFFFFFFFFFFFFFFFFFFFFFFFFFFFFFFFFFFFFFFF6D
:20338000FFFFFFFFFFFFFFFFFFFFFFFFFFFFFFFFFFFFFFFFFFFFFFFFFFFFFFFFFFFFFFFF4D
:2033A000FFFFFFFFFFFFFFFFFFFFFFFFFFFFFFFFFFFFFFFFFFFFFFFFFFFFFFFFFFFFFFFF2D
:2033C000FFFFFFFFFFFFFFFFFFFFFFFFFFFFFFFFFFFFFFFFFFFFFFFFFFFFFFFFFFFFFFFF0D
:2033E000FFFFFFFFFFFFFFFFFFFFFFFFFFFFFFFFFFFFFFFFFFFFFFFFFFFFFFFFFFFFFFFFED
:20340000FFFFFFFFFFFFFFFFFFFFFFFFFFFFFFFFFFFFFFFFFFFFFFFFFFFFFFFFFFFFFFFFCC
:20342000FFFFFFFFFFFFFFFFFFFFFFFFFFFFFFFFFFFFFFFFFFFFFFFFFFFFFFFFFFFFFFFFAC
:20344000FFFFFFFFFFFFFFFFFFFFFFFFFFFFFFFFFFFFFFFFFFFFFFFFFFFFFFFFFFFFFFFF8C
:20346000FFFFFFFFFFFFFFFFFFFFFFFFFFFFFFFFFFFFFFFFFFFFFFFFFFFFFFFFFFFFFFFF6C
:20348000FFFFFFFFFFFFFFFFFFFFFFFFFFFFFFFFFFFFFFFFFFFFFFFFFFFFFFFFFFFFFFFF4C
:2034A000FFFFFFFFFFFFFFFFFFFFFFFFFFFFFFFFFFFFFFFFFFFFFFFFFFFFFFFFFFFFFFFF2C
:2034C000FFFFFFFFFFFFFFFFFFFFFFFFFFFFFFFFFFFFFFFFFFFFFFFFFFFFFFFFFFFFFFFF0C
:2034E000FFFFFFFFFFFFFFFFFFFFFFFFFFFFFFFFFFFFFFFFFFFFFFFFFFFFFFFFFFFFFFFFEC
:20350000FFFFFFFFFFFFFFFFFFFFFFFFFFFFFFFFFFFFFFFFFFFFFFFFFFFFFFFFFFFFFFFFCB
:20352000FFFFFFFFFFFFFFFFFFFFFFFFFFFFFFFFFFFFFFFFFFFFFFFFFFFFFFFFFFFFFFFFAB
:20354000FFFFFFFFFFFFFFFFFFFFFFFFFFFFFFFFFFFFFFFFFFFFFFFFFFFFFFFFFFFFFFFF8B
:20356000FFFFFFFFFFFFFFFFFFFFFFFFFFFFFFFFFFFFFFFFFFFFFFFFFFFFFFFFFFFFFFFF6B
:20358000FFFFFFFFFFFFFFFFFFFFFFFFFFFFFFFFFFFFFFFFFFFFFFFFFFFFFFFFFFFFFFFF4B
:2035A000FFFFFFFFFFFFFFFFFFFFFFFFFFFFFFFFFFFFFFFFFFFFFFFFFFFFFFFFFFFFFFFF2B
:2035C000FFFFFFFFFFFFFFFFFFFFFFFFFFFFFFFFFFFFFFFFFFFFFFFFFFFFFFFFFFFFFFFF0B
:2035E000FFFFFFFFFFFFFFFFFFFFFFFFFFFFFFFFFFFFFFFFFFFFFFFFFFFFFFFFFFFFFFFFEB
:20360000FFFFFFFFFFFFFFFFFFFFFFFFFFFFFFFFFFFFFFFFFFFFFFFFFFFFFFFFFFFFFFFFCA
:20362000FFFFFFFFFFFFFFFFFFFFFFFFFFFFFFFFFFFFFFFFFFFFFFFFFFFFFFFFFFFFFFFFAA
:20364000FFFFFFFFFFFFFFFFFFFFFFFFFFFFFFFFFFFFFFFFFFFFFFFFFFFFFFFFFFFFFFFF8A
:20366000FFFFFFFFFFFFFFFFFFFFFFFFFFFFFFFFFFFFFFFFFFFFFFFFFFFFFFFFFFFFFFFF6A
:20368000FFFFFFFFFFFFFFFFFFFFFFFFFFFFFFFFFFFFFFFFFFFFFFFFFFFFFFFFFFFFFFFF4A
:2036A000FFFFFFFFFFFFFFFFFFFFFFFFFFFFFFFFFFFFFFFFFFFFFFFFFFFFFFFFFFFFFFFF2A
:2036C000FFFFFFFFFFFFFFFFFFFFFFFFFFFFFFFFFFFFFFFFFFFFFFFFFFFFFFFFFFFFFFFF0A
:2036E000FFFFFFFFFFFFFFFFFFFFFFFFFFFFFFFFFFFFFFFFFFFFFFFFFFFFFFFFFFFFFFFFEA
:20370000FFFFFFFFFFFFFFFFFFFFFFFFFFFFFFFFFFFFFFFFFFFFFFFFFFFFFFFFFFFFFFFFC9
:20372000FFFFFFFFFFFFFFFFFFFFFFFFFFFFFFFFFFFFFFFFFFFFFFFFFFFFFFFFFFFFFFFFA9
:20374000FFFFFFFFFFFFFFFFFFFFFFFFFFFFFFFFFFFFFFFFFFFFFFFFFFFFFFFFFFFFFFFF89
:20376000FFFFFFFFFFFFFFFFFFFFFFFFFFFFFFFFFFFFFFFFFFFFFFFFFFFFFFFFFFFFFFFF69
:20378000FFFFFFFFFFFFFFFFFFFFFFFFFFFFFFFFFFFFFFFFFFFFFFFFFFFFFFFFFFFFFFFF49
:2037A000FFFFFFFFFFFFFFFFFFFFFFFFFFFFFFFFFFFFFFFFFFFFFFFFFFFFFFFFFFFFFFFF29
:2037C000FFFFFFFFFFFFFFFFFFFFFFFFFFFFFFFFFFFFFFFFFFFFFFFFFFFFFFFFFFFFFFFF09
:2037E000FFFFFFFFFFFFFFFFFFFFFFFFFFFFFFFFFFFFFFFFFFFFFFFFFFFFFFFFFFFFFFFFE9
:20380000FFFFFFFFFFFFFFFFFFFFFFFFFFFFFFFFFFFFFFFFFFFFFFFFFFFFFFFFFFFFFFFFC8
:20382000FFFFFFFFFFFFFFFFFFFFFFFFFFFFFFFFFFFFFFFFFFFFFFFFFFFFFFFFFFFFFFFFA8
:20384000FFFFFFFFFFFFFFFFFFFFFFFFFFFFFFFFFFFFFFFFFFFFFFFFFFFFFFFFFFFFFFFF88
:20386000FFFFFFFFFFFFFFFFFFFFFFFFFFFFFFFFFFFFFFFFFFFFFFFFFFFFFFFFFFFFFFFF68
:20388000FFFFFFFFFFFFFFFFFFFFFFFFFFFFFFFFFFFFFFFFFFFFFFFFFFFFFFFFFFFFFFFF48
:2038A000FFFFFFFFFFFFFFFFFFFFFFFFFFFFFFFFFFFFFFFFFFFFFFFFFFFFFFFFFFFFFFFF28
:2038C000FFFFFFFFFFFFFFFFFFFFFFFFFFFFFFFFFFFFFFFFFFFFFFFFFFFFFFFFFFFFFFFF08
:2038E000FFFFFFFFFFFFFFFFFFFFFFFFFFFFFFFFFFFFFFFFFFFFFFFFFFFFFFFFFFFFFFFFE8
:20390000FFFFFFFFFFFFFFFFFFFFFFFFFFFFFFFFFFFFFFFFFFFFFFFFFFFFFFFFFFFFFFFFC7
:20392000FFFFFFFFFFFFFFFFFFFFFFFFFFFFFFFFFFFFFFFFFFFFFFFFFFFFFFFFFFFFFFFFA7
:20394000FFFFFFFFFFFFFFFFFFFFFFFFFFFFFFFFFFFFFFFFFFFFFFFFFFFFFFFFFFFFFFFF87
:20396000FFFFFFFFFFFFFFFFFFFFFFFFFFFFFFFFFFFFFFFFFFFFFFFFFFFFFFFFFFFFFFFF67
:20398000FFFFFFFFFFFFFFFFFFFFFFFFFFFFFFFFFFFFFFFFFFFFFFFFFFFFFFFFFFFFFFFF47
:2039A000FFFFFFFFFFFFFFFFFFFFFFFFFFFFFFFFFFFFFFFFFFFFFFFFFFFFFFFFFFFFFFFF27
:2039C000FFFFFFFFFFFFFFFFFFFFFFFFFFFFFFFFFFFFFFFFFFFFFFFFFFFFFFFFFFFFFFFF07
:2039E000FFFFFFFFFFFFFFFFFFFFFFFFFFFFFFFFFFFFFFFFFFFFFFFFFFFFFFFFFFFFFFFFE7
:203A0000FFFFFFFFFFFFFFFFFFFFFFFFFFFFFFFFFFFFFFFFFFFFFFFFFFFFFFFFFFFFFFFFC6
:203A2000FFFFFFFFFFFFFFFFFFFFFFFFFFFFFFFFFFFFFFFFFFFFFFFFFFFFFFFFFFFFFFFFA6
:203A4000FFFFFFFFFFFFFFFFFFFFFFFFFFFFFFFFFFFFFFFFFFFFFFFFFFFFFFFFFFFFFFFF86
:203A6000FFFFFFFFFFFFFFFFFFFFFFFFFFFFFFFFFFFFFFFFFFFFFFFFFFFFFFFFFFFFFFFF66
:203A8000FFFFFFFFFFFFFFFFFFFFFFFFFFFFFFFFFFFFFFFFFFFFFFFFFFFFFFFFFFFFFFFF46
:203AA000FFFFFFFFFFFFFFFFFFFFFFFFFFFFFFFFFFFFFFFFFFFFFFFFFFFFFFFFFFFFFFFF26
:203AC000FFFFFFFFFFFFFFFFFFFFFFFFFFFFFFFFFFFFFFFFFFFFFFFFFFFFFFFFFFFFFFFF06
:203AE000FFFFFFFFFFFFFFFFFFFFFFFFFFFFFFFFFFFFFFFFFFFFFFFFFFFFFFFFFFFFFFFFE6
:203B0000FFFFFFFFFFFFFFFFFFFFFFFFFFFFFFFFFFFFFFFFFFFFFFFFFFFFFFFFFFFFFFFFC5
:203B2000FFFFFFFFFFFFFFFFFFFFFFFFFFFFFFFFFFFFFFFFFFFFFFFFFFFFFFFFFFFFFFFFA5
:203B4000FFFFFFFFFFFFFFFFFFFFFFFFFFFFFFFFFFFFFFFFFFFFFFFFFFFFFFFFFFFFFFFF85
:203B6000FFFFFFFFFFFFFFFFFFFFFFFFFFFFFFFFFFFFFFFFFFFFFFFFFFFFFFFFFFFFFFFF65
:203B8000FFFFFFFFFFFFFFFFFFFFFFFFFFFFFFFFFFFFFFFFFFFFFFFFFFFFFFFFFFFFFFFF45
:203BA000FFFFFFFFFFFFFFFFFFFFFFFFFFFFFFFFFFFFFFFFFFFFFFFFFFFFFFFFFFFFFFFF25
:203BC000FFFFFFFFFFFFFFFFFFFFFFFFFFFFFFFFFFFFFFFFFFFFFFFFFFFFFFFFFFFFFFFF05
:203BE000FFFFFFFFFFFFFFFFFFFFFFFFFFFFFFFFFFFFFFFFFFFFFFFFFFFFFFFFFFFFFFFFE5
:203C0000FFFFFFFFFFFFFFFFFFFFFFFFFFFFFFFFFFFFFFFFFFFFFFFFFFFFFFFFFFFFFFFFC4
:203C2000FFFFFFFFFFFFFFFFFFFFFFFFFFFFFFFFFFFFFFFFFFFFFFFFFFFFFFFFFFFFFFFFA4
:203C4000FFFFFFFFFFFFFFFFFFFFFFFFFFFFFFFFFFFFFFFFFFFFFFFFFFFFFFFFFFFFFFFF84
:203C6000FFFFFFFFFFFFFFFFFFFFFFFFFFFFFFFFFFFFFFFFFFFFFFFFFFFFFFFFFFFFFFFF64
:203C8000FFFFFFFFFFFFFFFFFFFFFFFFFFFFFFFFFFFFFFFFFFFFFFFFFFFFFFFFFFFFFFFF44
:203CA000FFFFFFFFFFFFFFFFFFFFFFFFFFFFFFFFFFFFFFFFFFFFFFFFFFFFFFFFFFFFFFFF24
:203CC000FFFFFFFFFFFFFFFFFFFFFFFFFFFFFFFFFFFFFFFFFFFFFFFFFFFFFFFFFFFFFFFF04
:203CE000FFFFFFFFFFFFFFFFFFFFFFFFFFFFFFFFFFFFFFFFFFFFFFFFFFFFFFFFFFFFFFFFE4
:203D0000FFFFFFFFFFFFFFFFFFFFFFFFFFFFFFFFFFFFFFFFFFFFFFFFFFFFFFFFFFFFFFFFC3
:203D2000FFFFFFFFFFFFFFFFFFFFFFFFFFFFFFFFFFFFFFFFFFFFFFFFFFFFFFFFFFFFFFFFA3
:203D4000FFFFFFFFFFFFFFFFFFFFFFFFFFFFFFFFFFFFFFFFFFFFFFFFFFFFFFFFFFFFFFFF83
:203D6000FFFFFFFFFFFFFFFFFFFFFFFFFFFFFFFFFFFFFFFFFFFFFFFFFFFFFFFFFFFFFFFF63
:203D8000FFFFFFFFFFFFFFFFFFFFFFFFFFFFFFFFFFFFFFFFFFFFFFFFFFFFFFFFFFFFFFFF43
:203DA000FFFFFFFFFFFFFFFFFFFFFFFFFFFFFFFFFFFFFFFFFFFFFFFFFFFFFFFFFFFFFFFF23
:203DC000FFFFFFFFFFFFFFFFFFFFFFFFFFFFFFFFFFFFFFFFFFFFFFFFFFFFFFFFFFFFFFFF03
:203DE000FFFFFFFFFFFFFFFFFFFFFFFFFFFFFFFFFFFFFFFFFFFFFFFFFFFFFFFFFFFFFFFFE3
:203E0000FFFFFFFFFFFFFFFFFFFFFFFFFFFFFFFFFFFFFFFFFFFFFFFFFFFFFFFFFFFFFFFFC2
:203E2000FFFFFFFFFFFFFFFFFFFFFFFFFFFFFFFFFFFFFFFFFFFFFFFFFFFFFFFFFFFFFFFFA2
:203E4000FFFFFFFFFFFFFFFFFFFFFFFFFFFFFFFFFFFFFFFFFFFFFFFFFFFFFFFFFFFFFFFF82
:203E6000FFFFFFFFFFFFFFFFFFFFFFFFFFFFFFFFFFFFFFFFFFFFFFFFFFFFFFFFFFFFFFFF62
:203E8000FFFFFFFFFFFFFFFFFFFFFFFFFFFFFFFFFFFFFFFFFFFFFFFFFFFFFFFFFFFFFFFF42
:203EA000FFFFFFFFFFFFFFFFFFFFFFFFFFFFFFFFFFFFFFFFFFFFFFFFFFFFFFFFFFFFFFFF22
:203EC000FFFFFFFFFFFFFFFFFFFFFFFFFFFFFFFFFFFFFFFFFFFFFFFFFFFFFFFFFFFFFFFF02
:203EE000FFFFFFFFFFFFFFFFFFFFFFFFFFFFFFFFFFFFFFFFFFFFFFFFFFFFFFFFFFFFFFFFE2
:203F0000FFFFFFFFFFFFFFFFFFFFFFFFFFFFFFFFFFFFFFFFFFFFFFFFFFFFFFFFFFFFFFFFC1
:203F2000FFFFFFFFFFFFFFFFFFFFFFFFFFFFFFFFFFFFFFFFFFFFFFFFFFFFFFFFFFFFFFFFA1
:203F4000FFFFFFFFFFFFFFFFFFFFFFFFFFFFFFFFFFFFFFFFFFFFFFFFFFFFFFFFFFFFFFFF81
:203F6000FFFFFFFFFFFFFFFFFFFFFFFFFFFFFFFFFFFFFFFFFFFFFFFFFFFFFFFFFFFFFFFF61
:203F8000FFFFFFFFFFFFFFFFFFFFFFFFFFFFFFFFFFFFFFFFFFFFFFFFFFFFFFFFFFFFFFFF41
:203FA000FFFFFFFFFFFFFFFFFFFFFFFFFFFFFFFFFFFFFFFFFFFFFFFFFFFFFFFFFFFFFFFF21
:203FC000FFFFFFFFFFFFFFFFFFFFFFFFFFFFFFFFFFFFFFFFFFFFFFFFFFFFFFFFFFFFFFFF01
:203FE000FFFFFFFFFFFFFFFFFFFFFFFFFFFFFFFFFFFFFFFFFFFFFFFFFFFFFFFFFFFFFFFFE1
:20400000B2BE0C001D0200000000000000008600040000000000000000000000000000007B
:20402000000000000000000000000000000000000000000000000000000000000000000080
:20404000000000000000000000000000000000000000000000000000000000000000000060
:20406000000000000000000000000000000000000000000000000000000000000000000040
:2040800000000000000000000000000000000000000000000C00F7010000290100000000F2
:2040A00016001C0201000002011400003404000000008C0A2F000E0026000300010000017E
:2040C000000000000A00FA0100003C0300000A000C020000012C0200170012000400000028
:2040E00000010000054634303500000800000043000302010000000000000000000000008A
:2041000000000000000000000000000000000000000000000000000000000000000000009F
:204120000000000000000000000000000000000000011A00370008000F0000000A00EE021C
:204140001E00EE0214009600020800140C00140002000300000000001200F6010300000058
:20416000000001000000020200000C00F80104000201F401140018000602010026270000B7
:2041800020030000000020030000000020030E000500040000000000020100000A0013027D
:2041A0000000000001001800FD01000019123A1000361A133B114237000000000000150036
:2041C00008020100151617FFFF2D3233FFFF232425FFFF2C0006000300E00107000000007D
:2041E0000021202A2B000000000000000001020304050607002602D007E803A8070E004521
:2042000000160200002102002002002A01002B01013902FF3802FF1801012902FF1302FF1E
:204220002801FF2F03FF000000000000000000000000000000000000000000000000000025
:20424000000000005E000D000100010000001405040500000000010000003305040500008D
:2042600000000000000034050405000000000000000035050405000000000200000036057C
:204280000405000000000004000037050405000000004000000038050405000000006400E2
:2042A000520042001A0200000000000000000000000000000000000000000000000000004E
:2042C0000000000000000000535042450053504545445942454546343035563500000000B4
:2042E00000000100F6002102000000000000000000000000000000000000000000000000A4
:2043000000000000000000000000000000000000000000000000000000000000000000009D
:2043200000000000000000000000000000000000000000000000000000000000000000007D
:2043400000000000000000000000000000000000000000000000000000000000000000005D
:2043600000000000000000000000000000000000FFFF000000FF0F0000FF320000FF64009D
:2043800000FF730000FF7D0000FFB40000FFD20000FFF00000FF0E0100FF2C0100FF4A0138
:2043A00000FF0000000000000000010B020D0A03050B030D0A030A0B040D0A03080B040D52
:2043C0000A03070B030D0A03000000000000060A0100000203060000000316002C00000040
:2043E000E803D007E803D007E803D007E803D007320125000200000000000000000000005B
:2044000000000000000000000000000000000000000000000000000000000000000000009C
:2044200000000000000000000000000000000000000000000000000000000000000000007C
:2044400000000000000000000000000000000000000000000000000000000000000000005C
:2044600000000000000000000000000000000000000000000000000000000000000000003C
:2044800000000000000000000000000000000000000000000000000000000000000000001C
:2044A0000000000000000000000000000000000000000000000000000000000000000000FC
:2044C0000000000000000000000000000000000000000000000000000000000000000000DC
:2044E0000000000000000000000000000000000000000000000000000000000000000000BC
:2045000000000000000000000000000000000000000000000000000000000000000000009B
:2045200000002A002B000000001E001E001E0005011E011E011E011E011E011E011E011ECF
:20454000011E011E011E011E011E011E0A0027000000200300000A001300010008044110D2
:2045600086000C0007003200030707070000004343430064CE07CE07CE07000000000000AC
:204580000000000032003200030707070000004343430064CE07CE07CE07000000000000F3
:2045A0000000000032003200030707070000004343430064CE07CE07CE07000000000000D3
:2045C0000000000032003200030707070000004343430064CE07CE07CE07000000000000B3
:2045E000000000003200480031020100AE014A015E019A010000000A00000000000000000F
:204600000000AE014A015E019A010000000A00000000000000000000AE014A015E019A01A8
:204620000000000A0000000000000000000022012202000000000000000000000000000029
:2046400000000000000000000000000000000000000000000000000000000000000000005A
:2046600000000000000000000000000000000000000000000000000000000000000000003A
:2046800000000000000000000000000000000000000000000000000000000000000000001A
:2046A0000000000000000000000000000000000000000000000042414E4431202020004212
:2046C000414E44322020200042414E44332020200042414E44342020200042414E443520BA
:2046E00020200042414E44362020200042414E44372020200042414E443820202000313213
:204700003334353637383100320033003400350036003700380000000000000000000000B4
:20472000000000000000000000000000000000004C5630004C5631004C5632004C5633002B
:204740004C5634004C5635004C5636004C56370010000301010000000000000000000000E6
:204760002A000A000A0030000000FA00F40100000000000000000000020000029E077D00B6
:20478000FA00F4010000050164011E00FE0100000131010030010135010000010100000005
:2047A0000000000001FFFF007E00290005000000000000000000000000000000000000004E
:2047C0000000000000000000000000000000000000000000000000000000000000000000D9
:2047E0000000000000000000000000000000000000000000000000000000000000000000B9
:20480000000000000000000000000000000000000000000000000000000000000000000098
:20482000000000000000120001000200E80364000F3C000105001E003A001800040000014E
:204840000302040506070C000100000001006400DC051A046C070019750343080E0000016E
:204860000000001E1E1E7D010100000000000000000016002300020019000000000000000B
:20488000000000000000000014000B0004002C016401010100011E0A000002009E030E0087
:2048A0000B0064004B00000000002D501E00780000002F5422007D0000002D500000780014
:2048C0000000324B4B003200000028000000000000000050F4019001013C870050000000CC
:2048E0000000320090015E01F40100000A64C8009001960000050F00010F0114004B32008E
:2049000000004B009600011400280100C800282E00002364000000000000000000000032A1
:20492000323296000141070F5A0F64050000026464646464646401646405640141004605D6
:204940005064F40114001A0400190F320000000000000000000000000000000000001E0004
:20496000C80046001400E80332007201E803E803D007D809000000000000031EE600E6000A
:20498000B40002007017140064004B00000000002D501E00780000002F5422007D000000E2
:2049A0002D50000078000000324B4B003200000028000000000000000050F4019001013CCD
:2049C0008700500000000000320090015E01F40100000A64C8009001960000050F00010F68
:2049E0000114004B320000004B009600011400280100C800282E0000236400000000000061
:204A0000000000000032323296000141070F5A0F64050000026464646464646401646405B4
:204A20006401410046055064F40114001A0400190F32000000000000000000000000000050
:204A4000000000001E00C80046001400E80332007201E803E803D007D809000000000000F8
:204A6000031EE600E600B40002007017140064004B00000000002D501E00780000002F54B3
:204A800022007D0000002D50000078000000324B4B00320000002800000000000000005010
:204AA000F4019001013C8700500000000000320090015E01F40100000A64C80090019600E8
:204AC00000050F00010F0114004B320000004B009600011400280100C800282E000023645C
:204AE000000000000000000000000032323296000141070F5A0F640500000264646464646A
:204B00006464016464056401410046055064F40114001A0400190F320000000000000000D9
:204B2000000000000000000000001E00C80046001400E80332007201E803E803D007D80917
:204B4000000000000000031EE600E600B40002007017140064004B00000000002D501E00CD
:204B6000780000002F5422007D0000002D50000078000000324B4B00320000002800000084
:204B8000000000000050F4019001013C8700500000000000320090015E01F40100000A64A6
:204BA000C8009001960000050F00010F0114004B320000004B009600011400280100C80069
:204BC000282E00002364000000000000000000000032323296000141070F5A0F64050000A2
:204BE0000264646464646464016464056401410046055064F40114001A0400190F32000003
:204C0000000000000000000000000000000000001E00C80046001400E80332007201E803D9
:204C2000E803D007D809000000000000031EE600E600B40002007017140054001E0004001D
:204C40000105010001070A000000000000000000000000000000000000000000000000003B
:204C6000000000000000000000000000000000000000000000000000000000000000000034
:204C800000000000000000000000000000001E0023020400000000000000000000000000CD
:204CA000FF00000000000000140000000E003002010000000000000064000E0038000700EF
:204CC00000642C012C01900160003C000A000400FB044C046C071E1E1E1E1E1E1E1E1E1EED
:204CE0000A323200F401F401C80032003200DC00B801FA00FA000C00C409DC0500003200BB
:204D00000A001E002C010803E803D007320A0100C8000A32640001001400E803102710275E
:204D200008050000000000000900190001000000000A0028020000000000000A00270200DC
:204D4000000000000014001A0000007E05EA05B4053200E803D007000012002002060003C9
:204D600064646464003200F401960008000E02000000006C002F0002000000000000000031
:204D8000000000000000000000000000000000000000000000000000000000000000000013
:204DA0000000000000000000000000000000000000000000000000000000000000000000F3
:204DC0000000000000000000000000000000000000000000000000000000000000000007CC
:204DE000002D020000000A00120201002829FFFF0A0001010000000000000A0000010000FF
:204E0000240000000900020100006E0A014600290200000000000000000000000000000078
:204E2000000000000000000000000000000000000000000000000000000000000000000072
:204E40000000000000000000000000000000000000000007000F020000000E002A020100FF
:204E6000640058022C01030016001B000300011800020301F40132000164000078001000DD
:204E800016000300C4090000190200000000090010000200000500120002000100000000DC
:204EA0000000000000000000000A0005020000000000000E002C020200190019000A000067
:204EC0000016001B02000006000000E803000000000000000000000800040201000000326D
:204EE000001F00060000000000000100010005000001020300000000000000000000000080
:204F00000000000000008017002302010202020100070009020000000A00F90100001F0098
:204F2000000009000202000000000012001F020000FFFFFFFFFFFFFFFFFFFFFFFF0E00111E
:204F40000200003D3E0000010101011000010200000000000002000000000000005DD3008B
:204F6000FFFFFFFFFFFFFFFFFFFFFFFFFFFFFFFFFFFFFFFFFFFFFFFFFFFFFFFFFFFFFFFF51
:204F8000FFFFFFFFFFFFFFFFFFFFFFFFFFFFFFFFFFFFFFFFFFFFFFFFFFFFFFFFFFFFFFFF31
:204FA000FFFFFFFFFFFFFFFFFFFFFFFFFFFFFFFFFFFFFFFFFFFFFFFFFFFFFFFFFFFFFFFF11
:204FC000FFFFFFFFFFFFFFFFFFFFFFFFFFFFFFFFFFFFFFFFFFFFFFFFFFFFFFFFFFFFFFFFF1
:204FE000FFFFFFFFFFFFFFFFFFFFFFFFFFFFFFFFFFFFFFFFFFFFFFFFFFFFFFFFFFFFFFFFD1
:20500000FFFFFFFFFFFFFFFFFFFFFFFFFFFFFFFFFFFFFFFFFFFFFFFFFFFFFFFFFFFFFFFFB0
:20502000FFFFFFFFFFFFFFFFFFFFFFFFFFFFFFFFFFFFFFFFFFFFFFFFFFFFFFFFFFFFFFFF90
:20504000FFFFFFFFFFFFFFFFFFFFFFFFFFFFFFFFFFFFFFFFFFFFFFFFFFFFFFFFFFFFFFFF70
:20506000FFFFFFFFFFFFFFFFFFFFFFFFFFFFFFFFFFFFFFFFFFFFFFFFFFFFFFFFFFFFFFFF50
:20508000FFFFFFFFFFFFFFFFFFFFFFFFFFFFFFFFFFFFFFFFFFFFFFFFFFFFFFFFFFFFFFFF30
:2050A000FFFFFFFFFFFFFFFFFFFFFFFFFFFFFFFFFFFFFFFFFFFFFFFFFFFFFFFFFFFFFFFF10
:2050C000FFFFFFFFFFFFFFFFFFFFFFFFFFFFFFFFFFFFFFFFFFFFFFFFFFFFFFFFFFFFFFFFF0
:2050E000FFFFFFFFFFFFFFFFFFFFFFFFFFFFFFFFFFFFFFFFFFFFFFFFFFFFFFFFFFFFFFFFD0
:20510000FFFFFFFFFFFFFFFFFFFFFFFFFFFFFFFFFFFFFFFFFFFFFFFFFFFFFFFFFFFFFFFFAF
:20512000FFFFFFFFFFFFFFFFFFFFFFFFFFFFFFFFFFFFFFFFFFFFFFFFFFFFFFFFFFFFFFFF8F
:20514000FFFFFFFFFFFFFFFFFFFFFFFFFFFFFFFFFFFFFFFFFFFFFFFFFFFFFFFFFFFFFFFF6F
:20516000FFFFFFFFFFFFFFFFFFFFFFFFFFFFFFFFFFFFFFFFFFFFFFFFFFFFFFFFFFFFFFFF4F
:20518000FFFFFFFFFFFFFFFFFFFFFFFFFFFFFFFFFFFFFFFFFFFFFFFFFFFFFFFFFFFFFFFF2F
:2051A000FFFFFFFFFFFFFFFFFFFFFFFFFFFFFFFFFFFFFFFFFFFFFFFFFFFFFFFFFFFFFFFF0F
:2051C000FFFFFFFFFFFFFFFFFFFFFFFFFFFFFFFFFFFFFFFFFFFFFFFFFFFFFFFFFFFFFFFFEF
:2051E000FFFFFFFFFFFFFFFFFFFFFFFFFFFFFFFFFFFFFFFFFFFFFFFFFFFFFFFFFFFFFFFFCF
:20520000FFFFFFFFFFFFFFFFFFFFFFFFFFFFFFFFFFFFFFFFFFFFFFFFFFFFFFFFFFFFFFFFAE
:20522000FFFFFFFFFFFFFFFFFFFFFFFFFFFFFFFFFFFFFFFFFFFFFFFFFFFFFFFFFFFFFFFF8E
:20524000FFFFFFFFFFFFFFFFFFFFFFFFFFFFFFFFFFFFFFFFFFFFFFFFFFFFFFFFFFFFFFFF6E
:20526000FFFFFFFFFFFFFFFFFFFFFFFFFFFFFFFFFFFFFFFFFFFFFFFFFFFFFFFFFFFFFFFF4E
:20528000FFFFFFFFFFFFFFFFFFFFFFFFFFFFFFFFFFFFFFFFFFFFFFFFFFFFFFFFFFFFFFFF2E
:2052A000FFFFFFFFFFFFFFFFFFFFFFFFFFFFFFFFFFFFFFFFFFFFFFFFFFFFFFFFFFFFFFFF0E
:2052C000FFFFFFFFFFFFFFFFFFFFFFFFFFFFFFFFFFFFFFFFFFFFFFFFFFFFFFFFFFFFFFFFEE
:2052E000FFFFFFFFFFFFFFFFFFFFFFFFFFFFFFFFFFFFFFFFFFFFFFFFFFFFFFFFFFFFFFFFCE
:20530000FFFFFFFFFFFFFFFFFFFFFFFFFFFFFFFFFFFFFFFFFFFFFFFFFFFFFFFFFFFFFFFFAD
:20532000FFFFFFFFFFFFFFFFFFFFFFFFFFFFFFFFFFFFFFFFFFFFFFFFFFFFFFFFFFFFFFFF8D
:20534000FFFFFFFFFFFFFFFFFFFFFFFFFFFFFFFFFFFFFFFFFFFFFFFFFFFFFFFFFFFFFFFF6D
:20536000FFFFFFFFFFFFFFFFFFFFFFFFFFFFFFFFFFFFFFFFFFFFFFFFFFFFFFFFFFFFFFFF4D
:20538000FFFFFFFFFFFFFFFFFFFFFFFFFFFFFFFFFFFFFFFFFFFFFFFFFFFFFFFFFFFFFFFF2D
:2053A000FFFFFFFFFFFFFFFFFFFFFFFFFFFFFFFFFFFFFFFFFFFFFFFFFFFFFFFFFFFFFFFF0D
:2053C000FFFFFFFFFFFFFFFFFFFFFFFFFFFFFFFFFFFFFFFFFFFFFFFFFFFFFFFFFFFFFFFFED
:2053E000FFFFFFFFFFFFFFFFFFFFFFFFFFFFFFFFFFFFFFFFFFFFFFFFFFFFFFFFFFFFFFFFCD
:20540000FFFFFFFFFFFFFFFFFFFFFFFFFFFFFFFFFFFFFFFFFFFFFFFFFFFFFFFFFFFFFFFFAC
:20542000FFFFFFFFFFFFFFFFFFFFFFFFFFFFFFFFFFFFFFFFFFFFFFFFFFFFFFFFFFFFFFFF8C
:20544000FFFFFFFFFFFFFFFFFFFFFFFFFFFFFFFFFFFFFFFFFFFFFFFFFFFFFFFFFFFFFFFF6C
:20546000FFFFFFFFFFFFFFFFFFFFFFFFFFFFFFFFFFFFFFFFFFFFFFFFFFFFFFFFFFFFFFFF4C
:20548000FFFFFFFFFFFFFFFFFFFFFFFFFFFFFFFFFFFFFFFFFFFFFFFFFFFFFFFFFFFFFFFF2C
:2054A000FFFFFFFFFFFFFFFFFFFFFFFFFFFFFFFFFFFFFFFFFFFFFFFFFFFFFFFFFFFFFFFF0C
:2054C000FFFFFFFFFFFFFFFFFFFFFFFFFFFFFFFFFFFFFFFFFFFFFFFFFFFFFFFFFFFFFFFFEC
:2054E000FFFFFFFFFFFFFFFFFFFFFFFFFFFFFFFFFFFFFFFFFFFFFFFFFFFFFFFFFFFFFFFFCC
:20550000FFFFFFFFFFFFFFFFFFFFFFFFFFFFFFFFFFFFFFFFFFFFFFFFFFFFFFFFFFFFFFFFAB
:20552000FFFFFFFFFFFFFFFFFFFFFFFFFFFFFFFFFFFFFFFFFFFFFFFFFFFFFFFFFFFFFFFF8B
:20554000FFFFFFFFFFFFFFFFFFFFFFFFFFFFFFFFFFFFFFFFFFFFFFFFFFFFFFFFFFFFFFFF6B
:20556000FFFFFFFFFFFFFFFFFFFFFFFFFFFFFFFFFFFFFFFFFFFFFFFFFFFFFFFFFFFFFFFF4B
:20558000FFFFFFFFFFFFFFFFFFFFFFFFFFFFFFFFFFFFFFFFFFFFFFFFFFFFFFFFFFFFFFFF2B
:2055A000FFFFFFFFFFFFFFFFFFFFFFFFFFFFFFFFFFFFFFFFFFFFFFFFFFFFFFFFFFFFFFFF0B
:2055C000FFFFFFFFFFFFFFFFFFFFFFFFFFFFFFFFFFFFFFFFFFFFFFFFFFFFFFFFFFFFFFFFEB
:2055E000FFFFFFFFFFFFFFFFFFFFFFFFFFFFFFFFFFFFFFFFFFFFFFFFFFFFFFFFFFFFFFFFCB
:20560000FFFFFFFFFFFFFFFFFFFFFFFFFFFFFFFFFFFFFFFFFFFFFFFFFFFFFFFFFFFFFFFFAA
:20562000FFFFFFFFFFFFFFFFFFFFFFFFFFFFFFFFFFFFFFFFFFFFFFFFFFFFFFFFFFFFFFFF8A
:20564000FFFFFFFFFFFFFFFFFFFFFFFFFFFFFFFFFFFFFFFFFFFFFFFFFFFFFFFFFFFFFFFF6A
:20566000FFFFFFFFFFFFFFFFFFFFFFFFFFFFFFFFFFFFFFFFFFFFFFFFFFFFFFFFFFFFFFFF4A
:20568000FFFFFFFFFFFFFFFFFFFFFFFFFFFFFFFFFFFFFFFFFFFFFFFFFFFFFFFFFFFFFFFF2A
:2056A000FFFFFFFFFFFFFFFFFFFFFFFFFFFFFFFFFFFFFFFFFFFFFFFFFFFFFFFFFFFFFFFF0A
:2056C000FFFFFFFFFFFFFFFFFFFFFFFFFFFFFFFFFFFFFFFFFFFFFFFFFFFFFFFFFFFFFFFFEA
:2056E000FFFFFFFFFFFFFFFFFFFFFFFFFFFFFFFFFFFFFFFFFFFFFFFFFFFFFFFFFFFFFFFFCA
:20570000FFFFFFFFFFFFFFFFFFFFFFFFFFFFFFFFFFFFFFFFFFFFFFFFFFFFFFFFFFFFFFFFA9
:20572000FFFFFFFFFFFFFFFFFFFFFFFFFFFFFFFFFFFFFFFFFFFFFFFFFFFFFFFFFFFFFFFF89
:20574000FFFFFFFFFFFFFFFFFFFFFFFFFFFFFFFFFFFFFFFFFFFFFFFFFFFFFFFFFFFFFFFF69
:20576000FFFFFFFFFFFFFFFFFFFFFFFFFFFFFFFFFFFFFFFFFFFFFFFFFFFFFFFFFFFFFFFF49
:20578000FFFFFFFFFFFFFFFFFFFFFFFFFFFFFFFFFFFFFFFFFFFFFFFFFFFFFFFFFFFFFFFF29
:2057A000FFFFFFFFFFFFFFFFFFFFFFFFFFFFFFFFFFFFFFFFFFFFFFFFFFFFFFFFFFFFFFFF09
:2057C000FFFFFFFFFFFFFFFFFFFFFFFFFFFFFFFFFFFFFFFFFFFFFFFFFFFFFFFFFFFFFFFFE9
:2057E000FFFFFFFFFFFFFFFFFFFFFFFFFFFFFFFFFFFFFFFFFFFFFFFFFFFFFFFFFFFFFFFFC9
:20580000FFFFFFFFFFFFFFFFFFFFFFFFFFFFFFFFFFFFFFFFFFFFFFFFFFFFFFFFFFFFFFFFA8
:20582000FFFFFFFFFFFFFFFFFFFFFFFFFFFFFFFFFFFFFFFFFFFFFFFFFFFFFFFFFFFFFFFF88
:20584000FFFFFFFFFFFFFFFFFFFFFFFFFFFFFFFFFFFFFFFFFFFFFFFFFFFFFFFFFFFFFFFF68
:20586000FFFFFFFFFFFFFFFFFFFFFFFFFFFFFFFFFFFFFFFFFFFFFFFFFFFFFFFFFFFFFFFF48
:20588000FFFFFFFFFFFFFFFFFFFFFFFFFFFFFFFFFFFFFFFFFFFFFFFFFFFFFFFFFFFFFFFF28
:2058A000FFFFFFFFFFFFFFFFFFFFFFFFFFFFFFFFFFFFFFFFFFFFFFFFFFFFFFFFFFFFFFFF08
:2058C000FFFFFFFFFFFFFFFFFFFFFFFFFFFFFFFFFFFFFFFFFFFFFFFFFFFFFFFFFFFFFFFFE8
:2058E000FFFFFFFFFFFFFFFFFFFFFFFFFFFFFFFFFFFFFFFFFFFFFFFFFFFFFFFFFFFFFFFFC8
:20590000FFFFFFFFFFFFFFFFFFFFFFFFFFFFFFFFFFFFFFFFFFFFFFFFFFFFFFFFFFFFFFFFA7
:20592000FFFFFFFFFFFFFFFFFFFFFFFFFFFFFFFFFFFFFFFFFFFFFFFFFFFFFFFFFFFFFFFF87
:20594000FFFFFFFFFFFFFFFFFFFFFFFFFFFFFFFFFFFFFFFFFFFFFFFFFFFFFFFFFFFFFFFF67
:20596000FFFFFFFFFFFFFFFFFFFFFFFFFFFFFFFFFFFFFFFFFFFFFFFFFFFFFFFFFFFFFFFF47
:20598000FFFFFFFFFFFFFFFFFFFFFFFFFFFFFFFFFFFFFFFFFFFFFFFFFFFFFFFFFFFFFFFF27
:2059A000FFFFFFFFFFFFFFFFFFFFFFFFFFFFFFFFFFFFFFFFFFFFFFFFFFFFFFFFFFFFFFFF07
:2059C000FFFFFFFFFFFFFFFFFFFFFFFFFFFFFFFFFFFFFFFFFFFFFFFFFFFFFFFFFFFFFFFFE7
:2059E000FFFFFFFFFFFFFFFFFFFFFFFFFFFFFFFFFFFFFFFFFFFFFFFFFFFFFFFFFFFFFFFFC7
:205A0000FFFFFFFFFFFFFFFFFFFFFFFFFFFFFFFFFFFFFFFFFFFFFFFFFFFFFFFFFFFFFFFFA6
:205A2000FFFFFFFFFFFFFFFFFFFFFFFFFFFFFFFFFFFFFFFFFFFFFFFFFFFFFFFFFFFFFFFF86
:205A4000FFFFFFFFFFFFFFFFFFFFFFFFFFFFFFFFFFFFFFFFFFFFFFFFFFFFFFFFFFFFFFFF66
:205A6000FFFFFFFFFFFFFFFFFFFFFFFFFFFFFFFFFFFFFFFFFFFFFFFFFFFFFFFFFFFFFFFF46
:205A8000FFFFFFFFFFFFFFFFFFFFFFFFFFFFFFFFFFFFFFFFFFFFFFFFFFFFFFFFFFFFFFFF26
:205AA000FFFFFFFFFFFFFFFFFFFFFFFFFFFFFFFFFFFFFFFFFFFFFFFFFFFFFFFFFFFFFFFF06
:205AC000FFFFFFFFFFFFFFFFFFFFFFFFFFFFFFFFFFFFFFFFFFFFFFFFFFFFFFFFFFFFFFFFE6
:205AE000FFFFFFFFFFFFFFFFFFFFFFFFFFFFFFFFFFFFFFFFFFFFFFFFFFFFFFFFFFFFFFFFC6
:205B0000FFFFFFFFFFFFFFFFFFFFFFFFFFFFFFFFFFFFFFFFFFFFFFFFFFFFFFFFFFFFFFFFA5
:205B2000FFFFFFFFFFFFFFFFFFFFFFFFFFFFFFFFFFFFFFFFFFFFFFFFFFFFFFFFFFFFFFFF85
:205B4000FFFFFFFFFFFFFFFFFFFFFFFFFFFFFFFFFFFFFFFFFFFFFFFFFFFFFFFFFFFFFFFF65
:205B6000FFFFFFFFFFFFFFFFFFFFFFFFFFFFFFFFFFFFFFFFFFFFFFFFFFFFFFFFFFFFFFFF45
:205B8000FFFFFFFFFFFFFFFFFFFFFFFFFFFFFFFFFFFFFFFFFFFFFFFFFFFFFFFFFFFFFFFF25
:205BA000FFFFFFFFFFFFFFFFFFFFFFFFFFFFFFFFFFFFFFFFFFFFFFFFFFFFFFFFFFFFFFFF05
:205BC000FFFFFFFFFFFFFFFFFFFFFFFFFFFFFFFFFFFFFFFFFFFFFFFFFFFFFFFFFFFFFFFFE5
:205BE000FFFFFFFFFFFFFFFFFFFFFFFFFFFFFFFFFFFFFFFFFFFFFFFFFFFFFFFFFFFFFFFFC5
:205C0000FFFFFFFFFFFFFFFFFFFFFFFFFFFFFFFFFFFFFFFFFFFFFFFFFFFFFFFFFFFFFFFFA4
:205C2000FFFFFFFFFFFFFFFFFFFFFFFFFFFFFFFFFFFFFFFFFFFFFFFFFFFFFFFFFFFFFFFF84
:205C4000FFFFFFFFFFFFFFFFFFFFFFFFFFFFFFFFFFFFFFFFFFFFFFFFFFFFFFFFFFFFFFFF64
:205C6000FFFFFFFFFFFFFFFFFFFFFFFFFFFFFFFFFFFFFFFFFFFFFFFFFFFFFFFFFFFFFFFF44
:205C8000FFFFFFFFFFFFFFFFFFFFFFFFFFFFFFFFFFFFFFFFFFFFFFFFFFFFFFFFFFFFFFFF24
:205CA000FFFFFFFFFFFFFFFFFFFFFFFFFFFFFFFFFFFFFFFFFFFFFFFFFFFFFFFFFFFFFFFF04
:205CC000FFFFFFFFFFFFFFFFFFFFFFFFFFFFFFFFFFFFFFFFFFFFFFFFFFFFFFFFFFFFFFFFE4
:205CE000FFFFFFFFFFFFFFFFFFFFFFFFFFFFFFFFFFFFFFFFFFFFFFFFFFFFFFFFFFFFFFFFC4
:205D0000FFFFFFFFFFFFFFFFFFFFFFFFFFFFFFFFFFFFFFFFFFFFFFFFFFFFFFFFFFFFFFFFA3
:205D2000FFFFFFFFFFFFFFFFFFFFFFFFFFFFFFFFFFFFFFFFFFFFFFFFFFFFFFFFFFFFFFFF83
:205D4000FFFFFFFFFFFFFFFFFFFFFFFFFFFFFFFFFFFFFFFFFFFFFFFFFFFFFFFFFFFFFFFF63
:205D6000FFFFFFFFFFFFFFFFFFFFFFFFFFFFFFFFFFFFFFFFFFFFFFFFFFFFFFFFFFFFFFFF43
:205D8000FFFFFFFFFFFFFFFFFFFFFFFFFFFFFFFFFFFFFFFFFFFFFFFFFFFFFFFFFFFFFFFF23
:205DA000FFFFFFFFFFFFFFFFFFFFFFFFFFFFFFFFFFFFFFFFFFFFFFFFFFFFFFFFFFFFFFFF03
:205DC000FFFFFFFFFFFFFFFFFFFFFFFFFFFFFFFFFFFFFFFFFFFFFFFFFFFFFFFFFFFFFFFFE3
:205DE000FFFFFFFFFFFFFFFFFFFFFFFFFFFFFFFFFFFFFFFFFFFFFFFFFFFFFFFFFFFFFFFFC3
:205E0000FFFFFFFFFFFFFFFFFFFFFFFFFFFFFFFFFFFFFFFFFFFFFFFFFFFFFFFFFFFFFFFFA2
:205E2000FFFFFFFFFFFFFFFFFFFFFFFFFFFFFFFFFFFFFFFFFFFFFFFFFFFFFFFFFFFFFFFF82
:205E4000FFFFFFFFFFFFFFFFFFFFFFFFFFFFFFFFFFFFFFFFFFFFFFFFFFFFFFFFFFFFFFFF62
:205E6000FFFFFFFFFFFFFFFFFFFFFFFFFFFFFFFFFFFFFFFFFFFFFFFFFFFFFFFFFFFFFFFF42
:205E8000FFFFFFFFFFFFFFFFFFFFFFFFFFFFFFFFFFFFFFFFFFFFFFFFFFFFFFFFFFFFFFFF22
:205EA000FFFFFFFFFFFFFFFFFFFFFFFFFFFFFFFFFFFFFFFFFFFFFFFFFFFFFFFFFFFFFFFF02
:205EC000FFFFFFFFFFFFFFFFFFFFFFFFFFFFFFFFFFFFFFFFFFFFFFFFFFFFFFFFFFFFFFFFE2
:205EE000FFFFFFFFFFFFFFFFFFFFFFFFFFFFFFFFFFFFFFFFFFFFFFFFFFFFFFFFFFFFFFFFC2
:205F0000FFFFFFFFFFFFFFFFFFFFFFFFFFFFFFFFFFFFFFFFFFFFFFFFFFFFFFFFFFFFFFFFA1
:205F2000FFFFFFFFFFFFFFFFFFFFFFFFFFFFFFFFFFFFFFFFFFFFFFFFFFFFFFFFFFFFFFFF81
:205F4000FFFFFFFFFFFFFFFFFFFFFFFFFFFFFFFFFFFFFFFFFFFFFFFFFFFFFFFFFFFFFFFF61
:205F6000FFFFFFFFFFFFFFFFFFFFFFFFFFFFFFFFFFFFFFFFFFFFFFFFFFFFFFFFFFFFFFFF41
:205F8000FFFFFFFFFFFFFFFFFFFFFFFFFFFFFFFFFFFFFFFFFFFFFFFFFFFFFFFFFFFFFFFF21
:205FA000FFFFFFFFFFFFFFFFFFFFFFFFFFFFFFFFFFFFFFFFFFFFFFFFFFFFFFFFFFFFFFFF01
:205FC000FFFFFFFFFFFFFFFFFFFFFFFFFFFFFFFFFFFFFFFFFFFFFFFFFFFFFFFFFFFFFFFFE1
:205FE000FFFFFFFFFFFFFFFFFFFFFFFFFFFFFFFFFFFFFFFFFFFFFFFFFFFFFFFFFFFFFFFFC1
:20600000FFFFFFFFFFFFFFFFFFFFFFFFFFFFFFFFFFFFFFFFFFFFFFFFFFFFFFFFFFFFFFFFA0
:20602000FFFFFFFFFFFFFFFFFFFFFFFFFFFFFFFFFFFFFFFFFFFFFFFFFFFFFFFFFFFFFFFF80
:20604000FFFFFFFFFFFFFFFFFFFFFFFFFFFFFFFFFFFFFFFFFFFFFFFFFFFFFFFFFFFFFFFF60
:20606000FFFFFFFFFFFFFFFFFFFFFFFFFFFFFFFFFFFFFFFFFFFFFFFFFFFFFFFFFFFFFFFF40
:20608000FFFFFFFFFFFFFFFFFFFFFFFFFFFFFFFFFFFFFFFFFFFFFFFFFFFFFFFFFFFFFFFF20
:2060A000FFFFFFFFFFFFFFFFFFFFFFFFFFFFFFFFFFFFFFFFFFFFFFFFFFFFFFFFFFFFFFFF00
:2060C000FFFFFFFFFFFFFFFFFFFFFFFFFFFFFFFFFFFFFFFFFFFFFFFFFFFFFFFFFFFFFFFFE0
:2060E000FFFFFFFFFFFFFFFFFFFFFFFFFFFFFFFFFFFFFFFFFFFFFFFFFFFFFFFFFFFFFFFFC0
:20610000FFFFFFFFFFFFFFFFFFFFFFFFFFFFFFFFFFFFFFFFFFFFFFFFFFFFFFFFFFFFFFFF9F
:20612000FFFFFFFFFFFFFFFFFFFFFFFFFFFFFFFFFFFFFFFFFFFFFFFFFFFFFFFFFFFFFFFF7F
:20614000FFFFFFFFFFFFFFFFFFFFFFFFFFFFFFFFFFFFFFFFFFFFFFFFFFFFFFFFFFFFFFFF5F
:20616000FFFFFFFFFFFFFFFFFFFFFFFFFFFFFFFFFFFFFFFFFFFFFFFFFFFFFFFFFFFFFFFF3F
:20618000FFFFFFFFFFFFFFFFFFFFFFFFFFFFFFFFFFFFFFFFFFFFFFFFFFFFFFFFFFFFFFFF1F
:2061A000FFFFFFFFFFFFFFFFFFFFFFFFFFFFFFFFFFFFFFFFFFFFFFFFFFFFFFFFFFFFFFFFFF
:2061C000FFFFFFFFFFFFFFFFFFFFFFFFFFFFFFFFFFFFFFFFFFFFFFFFFFFFFFFFFFFFFFFFDF
:2061E000FFFFFFFFFFFFFFFFFFFFFFFFFFFFFFFFFFFFFFFFFFFFFFFFFFFFFFFFFFFFFFFFBF
:20620000FFFFFFFFFFFFFFFFFFFFFFFFFFFFFFFFFFFFFFFFFFFFFFFFFFFFFFFFFFFFFFFF9E
:20622000FFFFFFFFFFFFFFFFFFFFFFFFFFFFFFFFFFFFFFFFFFFFFFFFFFFFFFFFFFFFFFFF7E
:20624000FFFFFFFFFFFFFFFFFFFFFFFFFFFFFFFFFFFFFFFFFFFFFFFFFFFFFFFFFFFFFFFF5E
:20626000FFFFFFFFFFFFFFFFFFFFFFFFFFFFFFFFFFFFFFFFFFFFFFFFFFFFFFFFFFFFFFFF3E
:20628000FFFFFFFFFFFFFFFFFFFFFFFFFFFFFFFFFFFFFFFFFFFFFFFFFFFFFFFFFFFFFFFF1E
:2062A000FFFFFFFFFFFFFFFFFFFFFFFFFFFFFFFFFFFFFFFFFFFFFFFFFFFFFFFFFFFFFFFFFE
:2062C000FFFFFFFFFFFFFFFFFFFFFFFFFFFFFFFFFFFFFFFFFFFFFFFFFFFFFFFFFFFFFFFFDE
:2062E000FFFFFFFFFFFFFFFFFFFFFFFFFFFFFFFFFFFFFFFFFFFFFFFFFFFFFFFFFFFFFFFFBE
:20630000FFFFFFFFFFFFFFFFFFFFFFFFFFFFFFFFFFFFFFFFFFFFFFFFFFFFFFFFFFFFFFFF9D
:20632000FFFFFFFFFFFFFFFFFFFFFFFFFFFFFFFFFFFFFFFFFFFFFFFFFFFFFFFFFFFFFFFF7D
:20634000FFFFFFFFFFFFFFFFFFFFFFFFFFFFFFFFFFFFFFFFFFFFFFFFFFFFFFFFFFFFFFFF5D
:20636000FFFFFFFFFFFFFFFFFFFFFFFFFFFFFFFFFFFFFFFFFFFFFFFFFFFFFFFFFFFFFFFF3D
:20638000FFFFFFFFFFFFFFFFFFFFFFFFFFFFFFFFFFFFFFFFFFFFFFFFFFFFFFFFFFFFFFFF1D
:2063A000FFFFFFFFFFFFFFFFFFFFFFFFFFFFFFFFFFFFFFFFFFFFFFFFFFFFFFFFFFFFFFFFFD
:2063C000FFFFFFFFFFFFFFFFFFFFFFFFFFFFFFFFFFFFFFFFFFFFFFFFFFFFFFFFFFFFFFFFDD
:2063E000FFFFFFFFFFFFFFFFFFFFFFFFFFFFFFFFFFFFFFFFFFFFFFFFFFFFFFFFFFFFFFFFBD
:20640000FFFFFFFFFFFFFFFFFFFFFFFFFFFFFFFFFFFFFFFFFFFFFFFFFFFFFFFFFFFFFFFF9C
:20642000FFFFFFFFFFFFFFFFFFFFFFFFFFFFFFFFFFFFFFFFFFFFFFFFFFFFFFFFFFFFFFFF7C
:20644000FFFFFFFFFFFFFFFFFFFFFFFFFFFFFFFFFFFFFFFFFFFFFFFFFFFFFFFFFFFFFFFF5C
:20646000FFFFFFFFFFFFFFFFFFFFFFFFFFFFFFFFFFFFFFFFFFFFFFFFFFFFFFFFFFFFFFFF3C
:20648000FFFFFFFFFFFFFFFFFFFFFFFFFFFFFFFFFFFFFFFFFFFFFFFFFFFFFFFFFFFFFFFF1C
:2064A000FFFFFFFFFFFFFFFFFFFFFFFFFFFFFFFFFFFFFFFFFFFFFFFFFFFFFFFFFFFFFFFFFC
:2064C000FFFFFFFFFFFFFFFFFFFFFFFFFFFFFFFFFFFFFFFFFFFFFFFFFFFFFFFFFFFFFFFFDC
:2064E000FFFFFFFFFFFFFFFFFFFFFFFFFFFFFFFFFFFFFFFFFFFFFFFFFFFFFFFFFFFFFFFFBC
:20650000FFFFFFFFFFFFFFFFFFFFFFFFFFFFFFFFFFFFFFFFFFFFFFFFFFFFFFFFFFFFFFFF9B
:20652000FFFFFFFFFFFFFFFFFFFFFFFFFFFFFFFFFFFFFFFFFFFFFFFFFFFFFFFFFFFFFFFF7B
:20654000FFFFFFFFFFFFFFFFFFFFFFFFFFFFFFFFFFFFFFFFFFFFFFFFFFFFFFFFFFFFFFFF5B
:20656000FFFFFFFFFFFFFFFFFFFFFFFFFFFFFFFFFFFFFFFFFFFFFFFFFFFFFFFFFFFFFFFF3B
:20658000FFFFFFFFFFFFFFFFFFFFFFFFFFFFFFFFFFFFFFFFFFFFFFFFFFFFFFFFFFFFFFFF1B
:2065A000FFFFFFFFFFFFFFFFFFFFFFFFFFFFFFFFFFFFFFFFFFFFFFFFFFFFFFFFFFFFFFFFFB
:2065C000FFFFFFFFFFFFFFFFFFFFFFFFFFFFFFFFFFFFFFFFFFFFFFFFFFFFFFFFFFFFFFFFDB
:2065E000FFFFFFFFFFFFFFFFFFFFFFFFFFFFFFFFFFFFFFFFFFFFFFFFFFFFFFFFFFFFFFFFBB
:20660000FFFFFFFFFFFFFFFFFFFFFFFFFFFFFFFFFFFFFFFFFFFFFFFFFFFFFFFFFFFFFFFF9A
:20662000FFFFFFFFFFFFFFFFFFFFFFFFFFFFFFFFFFFFFFFFFFFFFFFFFFFFFFFFFFFFFFFF7A
:20664000FFFFFFFFFFFFFFFFFFFFFFFFFFFFFFFFFFFFFFFFFFFFFFFFFFFFFFFFFFFFFFFF5A
:20666000FFFFFFFFFFFFFFFFFFFFFFFFFFFFFFFFFFFFFFFFFFFFFFFFFFFFFFFFFFFFFFFF3A
:20668000FFFFFFFFFFFFFFFFFFFFFFFFFFFFFFFFFFFFFFFFFFFFFFFFFFFFFFFFFFFFFFFF1A
:2066A000FFFFFFFFFFFFFFFFFFFFFFFFFFFFFFFFFFFFFFFFFFFFFFFFFFFFFFFFFFFFFFFFFA
:2066C000FFFFFFFFFFFFFFFFFFFFFFFFFFFFFFFFFFFFFFFFFFFFFFFFFFFFFFFFFFFFFFFFDA
:2066E000FFFFFFFFFFFFFFFFFFFFFFFFFFFFFFFFFFFFFFFFFFFFFFFFFFFFFFFFFFFFFFFFBA
:20670000FFFFFFFFFFFFFFFFFFFFFFFFFFFFFFFFFFFFFFFFFFFFFFFFFFFFFFFFFFFFFFFF99
:20672000FFFFFFFFFFFFFFFFFFFFFFFFFFFFFFFFFFFFFFFFFFFFFFFFFFFFFFFFFFFFFFFF79
:20674000FFFFFFFFFFFFFFFFFFFFFFFFFFFFFFFFFFFFFFFFFFFFFFFFFFFFFFFFFFFFFFFF59
:20676000FFFFFFFFFFFFFFFFFFFFFFFFFFFFFFFFFFFFFFFFFFFFFFFFFFFFFFFFFFFFFFFF39
:20678000FFFFFFFFFFFFFFFFFFFFFFFFFFFFFFFFFFFFFFFFFFFFFFFFFFFFFFFFFFFFFFFF19
:2067A000FFFFFFFFFFFFFFFFFFFFFFFFFFFFFFFFFFFFFFFFFFFFFFFFFFFFFFFFFFFFFFFFF9
:2067C000FFFFFFFFFFFFFFFFFFFFFFFFFFFFFFFFFFFFFFFFFFFFFFFFFFFFFFFFFFFFFFFFD9
:2067E000FFFFFFFFFFFFFFFFFFFFFFFFFFFFFFFFFFFFFFFFFFFFFFFFFFFFFFFFFFFFFFFFB9
:20680000FFFFFFFFFFFFFFFFFFFFFFFFFFFFFFFFFFFFFFFFFFFFFFFFFFFFFFFFFFFFFFFF98
:20682000FFFFFFFFFFFFFFFFFFFFFFFFFFFFFFFFFFFFFFFFFFFFFFFFFFFFFFFFFFFFFFFF78
:20684000FFFFFFFFFFFFFFFFFFFFFFFFFFFFFFFFFFFFFFFFFFFFFFFFFFFFFFFFFFFFFFFF58
:20686000FFFFFFFFFFFFFFFFFFFFFFFFFFFFFFFFFFFFFFFFFFFFFFFFFFFFFFFFFFFFFFFF38
:20688000FFFFFFFFFFFFFFFFFFFFFFFFFFFFFFFFFFFFFFFFFFFFFFFFFFFFFFFFFFFFFFFF18
:2068A000FFFFFFFFFFFFFFFFFFFFFFFFFFFFFFFFFFFFFFFFFFFFFFFFFFFFFFFFFFFFFFFFF8
:2068C000FFFFFFFFFFFFFFFFFFFFFFFFFFFFFFFFFFFFFFFFFFFFFFFFFFFFFFFFFFFFFFFFD8
:2068E000FFFFFFFFFFFFFFFFFFFFFFFFFFFFFFFFFFFFFFFFFFFFFFFFFFFFFFFFFFFFFFFFB8
:20690000FFFFFFFFFFFFFFFFFFFFFFFFFFFFFFFFFFFFFFFFFFFFFFFFFFFFFFFFFFFFFFFF97
:20692000FFFFFFFFFFFFFFFFFFFFFFFFFFFFFFFFFFFFFFFFFFFFFFFFFFFFFFFFFFFFFFFF77
:20694000FFFFFFFFFFFFFFFFFFFFFFFFFFFFFFFFFFFFFFFFFFFFFFFFFFFFFFFFFFFFFFFF57
:20696000FFFFFFFFFFFFFFFFFFFFFFFFFFFFFFFFFFFFFFFFFFFFFFFFFFFFFFFFFFFFFFFF37
:20698000FFFFFFFFFFFFFFFFFFFFFFFFFFFFFFFFFFFFFFFFFFFFFFFFFFFFFFFFFFFFFFFF17
:2069A000FFFFFFFFFFFFFFFFFFFFFFFFFFFFFFFFFFFFFFFFFFFFFFFFFFFFFFFFFFFFFFFFF7
:2069C000FFFFFFFFFFFFFFFFFFFFFFFFFFFFFFFFFFFFFFFFFFFFFFFFFFFFFFFFFFFFFFFFD7
:2069E000FFFFFFFFFFFFFFFFFFFFFFFFFFFFFFFFFFFFFFFFFFFFFFFFFFFFFFFFFFFFFFFFB7
:206A0000FFFFFFFFFFFFFFFFFFFFFFFFFFFFFFFFFFFFFFFFFFFFFFFFFFFFFFFFFFFFFFFF96
:206A2000FFFFFFFFFFFFFFFFFFFFFFFFFFFFFFFFFFFFFFFFFFFFFFFFFFFFFFFFFFFFFFFF76
:206A4000FFFFFFFFFFFFFFFFFFFFFFFFFFFFFFFFFFFFFFFFFFFFFFFFFFFFFFFFFFFFFFFF56
:206A6000FFFFFFFFFFFFFFFFFFFFFFFFFFFFFFFFFFFFFFFFFFFFFFFFFFFFFFFFFFFFFFFF36
:206A8000FFFFFFFFFFFFFFFFFFFFFFFFFFFFFFFFFFFFFFFFFFFFFFFFFFFFFFFFFFFFFFFF16
:206AA000FFFFFFFFFFFFFFFFFFFFFFFFFFFFFFFFFFFFFFFFFFFFFFFFFFFFFFFFFFFFFFFFF6
:206AC000FFFFFFFFFFFFFFFFFFFFFFFFFFFFFFFFFFFFFFFFFFFFFFFFFFFFFFFFFFFFFFFFD6
:206AE000FFFFFFFFFFFFFFFFFFFFFFFFFFFFFFFFFFFFFFFFFFFFFFFFFFFFFFFFFFFFFFFFB6
:206B0000FFFFFFFFFFFFFFFFFFFFFFFFFFFFFFFFFFFFFFFFFFFFFFFFFFFFFFFFFFFFFFFF95
:206B2000FFFFFFFFFFFFFFFFFFFFFFFFFFFFFFFFFFFFFFFFFFFFFFFFFFFFFFFFFFFFFFFF75
:206B4000FFFFFFFFFFFFFFFFFFFFFFFFFFFFFFFFFFFFFFFFFFFFFFFFFFFFFFFFFFFFFFFF55
:206B6000FFFFFFFFFFFFFFFFFFFFFFFFFFFFFFFFFFFFFFFFFFFFFFFFFFFFFFFFFFFFFFFF35
:206B8000FFFFFFFFFFFFFFFFFFFFFFFFFFFFFFFFFFFFFFFFFFFFFFFFFFFFFFFFFFFFFFFF15
:206BA000FFFFFFFFFFFFFFFFFFFFFFFFFFFFFFFFFFFFFFFFFFFFFFFFFFFFFFFFFFFFFFFFF5
:206BC000FFFFFFFFFFFFFFFFFFFFFFFFFFFFFFFFFFFFFFFFFFFFFFFFFFFFFFFFFFFFFFFFD5
:206BE000FFFFFFFFFFFFFFFFFFFFFFFFFFFFFFFFFFFFFFFFFFFFFFFFFFFFFFFFFFFFFFFFB5
:206C0000FFFFFFFFFFFFFFFFFFFFFFFFFFFFFFFFFFFFFFFFFFFFFFFFFFFFFFFFFFFFFFFF94
:206C2000FFFFFFFFFFFFFFFFFFFFFFFFFFFFFFFFFFFFFFFFFFFFFFFFFFFFFFFFFFFFFFFF74
:206C4000FFFFFFFFFFFFFFFFFFFFFFFFFFFFFFFFFFFFFFFFFFFFFFFFFFFFFFFFFFFFFFFF54
:206C6000FFFFFFFFFFFFFFFFFFFFFFFFFFFFFFFFFFFFFFFFFFFFFFFFFFFFFFFFFFFFFFFF34
:206C8000FFFFFFFFFFFFFFFFFFFFFFFFFFFFFFFFFFFFFFFFFFFFFFFFFFFFFFFFFFFFFFFF14
:206CA000FFFFFFFFFFFFFFFFFFFFFFFFFFFFFFFFFFFFFFFFFFFFFFFFFFFFFFFFFFFFFFFFF4
:206CC000FFFFFFFFFFFFFFFFFFFFFFFFFFFFFFFFFFFFFFFFFFFFFFFFFFFFFFFFFFFFFFFFD4
:206CE000FFFFFFFFFFFFFFFFFFFFFFFFFFFFFFFFFFFFFFFFFFFFFFFFFFFFFFFFFFFFFFFFB4
:206D0000FFFFFFFFFFFFFFFFFFFFFFFFFFFFFFFFFFFFFFFFFFFFFFFFFFFFFFFFFFFFFFFF93
:206D2000FFFFFFFFFFFFFFFFFFFFFFFFFFFFFFFFFFFFFFFFFFFFFFFFFFFFFFFFFFFFFFFF73
:206D4000FFFFFFFFFFFFFFFFFFFFFFFFFFFFFFFFFFFFFFFFFFFFFFFFFFFFFFFFFFFFFFFF53
:206D6000FFFFFFFFFFFFFFFFFFFFFFFFFFFFFFFFFFFFFFFFFFFFFFFFFFFFFFFFFFFFFFFF33
:206D8000FFFFFFFFFFFFFFFFFFFFFFFFFFFFFFFFFFFFFFFFFFFFFFFFFFFFFFFFFFFFFFFF13
:206DA000FFFFFFFFFFFFFFFFFFFFFFFFFFFFFFFFFFFFFFFFFFFFFFFFFFFFFFFFFFFFFFFFF3
:206DC000FFFFFFFFFFFFFFFFFFFFFFFFFFFFFFFFFFFFFFFFFFFFFFFFFFFFFFFFFFFFFFFFD3
:206DE000FFFFFFFFFFFFFFFFFFFFFFFFFFFFFFFFFFFFFFFFFFFFFFFFFFFFFFFFFFFFFFFFB3
:206E0000FFFFFFFFFFFFFFFFFFFFFFFFFFFFFFFFFFFFFFFFFFFFFFFFFFFFFFFFFFFFFFFF92
:206E2000FFFFFFFFFFFFFFFFFFFFFFFFFFFFFFFFFFFFFFFFFFFFFFFFFFFFFFFFFFFFFFFF72
:206E4000FFFFFFFFFFFFFFFFFFFFFFFFFFFFFFFFFFFFFFFFFFFFFFFFFFFFFFFFFFFFFFFF52
:206E6000FFFFFFFFFFFFFFFFFFFFFFFFFFFFFFFFFFFFFFFFFFFFFFFFFFFFFFFFFFFFFFFF32
:206E8000FFFFFFFFFFFFFFFFFFFFFFFFFFFFFFFFFFFFFFFFFFFFFFFFFFFFFFFFFFFFFFFF12
:206EA000FFFFFFFFFFFFFFFFFFFFFFFFFFFFFFFFFFFFFFFFFFFFFFFFFFFFFFFFFFFFFFFFF2
:206EC000FFFFFFFFFFFFFFFFFFFFFFFFFFFFFFFFFFFFFFFFFFFFFFFFFFFFFFFFFFFFFFFFD2
:206EE000FFFFFFFFFFFFFFFFFFFFFFFFFFFFFFFFFFFFFFFFFFFFFFFFFFFFFFFFFFFFFFFFB2
:206F0000FFFFFFFFFFFFFFFFFFFFFFFFFFFFFFFFFFFFFFFFFFFFFFFFFFFFFFFFFFFFFFFF91
:206F2000FFFFFFFFFFFFFFFFFFFFFFFFFFFFFFFFFFFFFFFFFFFFFFFFFFFFFFFFFFFFFFFF71
:206F4000FFFFFFFFFFFFFFFFFFFFFFFFFFFFFFFFFFFFFFFFFFFFFFFFFFFFFFFFFFFFFFFF51
:206F6000FFFFFFFFFFFFFFFFFFFFFFFFFFFFFFFFFFFFFFFFFFFFFFFFFFFFFFFFFFFFFFFF31
:206F8000FFFFFFFFFFFFFFFFFFFFFFFFFFFFFFFFFFFFFFFFFFFFFFFFFFFFFFFFFFFFFFFF11
:206FA000FFFFFFFFFFFFFFFFFFFFFFFFFFFFFFFFFFFFFFFFFFFFFFFFFFFFFFFFFFFFFFFFF1
:206FC000FFFFFFFFFFFFFFFFFFFFFFFFFFFFFFFFFFFFFFFFFFFFFFFFFFFFFFFFFFFFFFFFD1
:206FE000FFFFFFFFFFFFFFFFFFFFFFFFFFFFFFFFFFFFFFFFFFFFFFFFFFFFFFFFFFFFFFFFB1
:20700000FFFFFFFFFFFFFFFFFFFFFFFFFFFFFFFFFFFFFFFFFFFFFFFFFFFFFFFFFFFFFFFF90
:20702000FFFFFFFFFFFFFFFFFFFFFFFFFFFFFFFFFFFFFFFFFFFFFFFFFFFFFFFFFFFFFFFF70
:20704000FFFFFFFFFFFFFFFFFFFFFFFFFFFFFFFFFFFFFFFFFFFFFFFFFFFFFFFFFFFFFFFF50
:20706000FFFFFFFFFFFFFFFFFFFFFFFFFFFFFFFFFFFFFFFFFFFFFFFFFFFFFFFFFFFFFFFF30
:20708000FFFFFFFFFFFFFFFFFFFFFFFFFFFFFFFFFFFFFFFFFFFFFFFFFFFFFFFFFFFFFFFF10
:2070A000FFFFFFFFFFFFFFFFFFFFFFFFFFFFFFFFFFFFFFFFFFFFFFFFFFFFFFFFFFFFFFFFF0
:2070C000FFFFFFFFFFFFFFFFFFFFFFFFFFFFFFFFFFFFFFFFFFFFFFFFFFFFFFFFFFFFFFFFD0
:2070E000FFFFFFFFFFFFFFFFFFFFFFFFFFFFFFFFFFFFFFFFFFFFFFFFFFFFFFFFFFFFFFFFB0
:20710000FFFFFFFFFFFFFFFFFFFFFFFFFFFFFFFFFFFFFFFFFFFFFFFFFFFFFFFFFFFFFFFF8F
:20712000FFFFFFFFFFFFFFFFFFFFFFFFFFFFFFFFFFFFFFFFFFFFFFFFFFFFFFFFFFFFFFFF6F
:20714000FFFFFFFFFFFFFFFFFFFFFFFFFFFFFFFFFFFFFFFFFFFFFFFFFFFFFFFFFFFFFFFF4F
:20716000FFFFFFFFFFFFFFFFFFFFFFFFFFFFFFFFFFFFFFFFFFFFFFFFFFFFFFFFFFFFFFFF2F
:20718000FFFFFFFFFFFFFFFFFFFFFFFFFFFFFFFFFFFFFFFFFFFFFFFFFFFFFFFFFFFFFFFF0F
:2071A000FFFFFFFFFFFFFFFFFFFFFFFFFFFFFFFFFFFFFFFFFFFFFFFFFFFFFFFFFFFFFFFFEF
:2071C000FFFFFFFFFFFFFFFFFFFFFFFFFFFFFFFFFFFFFFFFFFFFFFFFFFFFFFFFFFFFFFFFCF
:2071E000FFFFFFFFFFFFFFFFFFFFFFFFFFFFFFFFFFFFFFFFFFFFFFFFFFFFFFFFFFFFFFFFAF
:20720000FFFFFFFFFFFFFFFFFFFFFFFFFFFFFFFFFFFFFFFFFFFFFFFFFFFFFFFFFFFFFFFF8E
:20722000FFFFFFFFFFFFFFFFFFFFFFFFFFFFFFFFFFFFFFFFFFFFFFFFFFFFFFFFFFFFFFFF6E
:20724000FFFFFFFFFFFFFFFFFFFFFFFFFFFFFFFFFFFFFFFFFFFFFFFFFFFFFFFFFFFFFFFF4E
:20726000FFFFFFFFFFFFFFFFFFFFFFFFFFFFFFFFFFFFFFFFFFFFFFFFFFFFFFFFFFFFFFFF2E
:20728000FFFFFFFFFFFFFFFFFFFFFFFFFFFFFFFFFFFFFFFFFFFFFFFFFFFFFFFFFFFFFFFF0E
:2072A000FFFFFFFFFFFFFFFFFFFFFFFFFFFFFFFFFFFFFFFFFFFFFFFFFFFFFFFFFFFFFFFFEE
:2072C000FFFFFFFFFFFFFFFFFFFFFFFFFFFFFFFFFFFFFFFFFFFFFFFFFFFFFFFFFFFFFFFFCE
:2072E000FFFFFFFFFFFFFFFFFFFFFFFFFFFFFFFFFFFFFFFFFFFFFFFFFFFFFFFFFFFFFFFFAE
:20730000FFFFFFFFFFFFFFFFFFFFFFFFFFFFFFFFFFFFFFFFFFFFFFFFFFFFFFFFFFFFFFFF8D
:20732000FFFFFFFFFFFFFFFFFFFFFFFFFFFFFFFFFFFFFFFFFFFFFFFFFFFFFFFFFFFFFFFF6D
:20734000FFFFFFFFFFFFFFFFFFFFFFFFFFFFFFFFFFFFFFFFFFFFFFFFFFFFFFFFFFFFFFFF4D
:20736000FFFFFFFFFFFFFFFFFFFFFFFFFFFFFFFFFFFFFFFFFFFFFFFFFFFFFFFFFFFFFFFF2D
:20738000FFFFFFFFFFFFFFFFFFFFFFFFFFFFFFFFFFFFFFFFFFFFFFFFFFFFFFFFFFFFFFFF0D
:2073A000FFFFFFFFFFFFFFFFFFFFFFFFFFFFFFFFFFFFFFFFFFFFFFFFFFFFFFFFFFFFFFFFED
:2073C000FFFFFFFFFFFFFFFFFFFFFFFFFFFFFFFFFFFFFFFFFFFFFFFFFFFFFFFFFFFFFFFFCD
:2073E000FFFFFFFFFFFFFFFFFFFFFFFFFFFFFFFFFFFFFFFFFFFFFFFFFFFFFFFFFFFFFFFFAD
:20740000FFFFFFFFFFFFFFFFFFFFFFFFFFFFFFFFFFFFFFFFFFFFFFFFFFFFFFFFFFFFFFFF8C
:20742000FFFFFFFFFFFFFFFFFFFFFFFFFFFFFFFFFFFFFFFFFFFFFFFFFFFFFFFFFFFFFFFF6C
:20744000FFFFFFFFFFFFFFFFFFFFFFFFFFFFFFFFFFFFFFFFFFFFFFFFFFFFFFFFFFFFFFFF4C
:20746000FFFFFFFFFFFFFFFFFFFFFFFFFFFFFFFFFFFFFFFFFFFFFFFFFFFFFFFFFFFFFFFF2C
:20748000FFFFFFFFFFFFFFFFFFFFFFFFFFFFFFFFFFFFFFFFFFFFFFFFFFFFFFFFFFFFFFFF0C
:2074A000FFFFFFFFFFFFFFFFFFFFFFFFFFFFFFFFFFFFFFFFFFFFFFFFFFFFFFFFFFFFFFFFEC
:2074C000FFFFFFFFFFFFFFFFFFFFFFFFFFFFFFFFFFFFFFFFFFFFFFFFFFFFFFFFFFFFFFFFCC
:2074E000FFFFFFFFFFFFFFFFFFFFFFFFFFFFFFFFFFFFFFFFFFFFFFFFFFFFFFFFFFFFFFFFAC
:20750000FFFFFFFFFFFFFFFFFFFFFFFFFFFFFFFFFFFFFFFFFFFFFFFFFFFFFFFFFFFFFFFF8B
:20752000FFFFFFFFFFFFFFFFFFFFFFFFFFFFFFFFFFFFFFFFFFFFFFFFFFFFFFFFFFFFFFFF6B
:20754000FFFFFFFFFFFFFFFFFFFFFFFFFFFFFFFFFFFFFFFFFFFFFFFFFFFFFFFFFFFFFFFF4B
:20756000FFFFFFFFFFFFFFFFFFFFFFFFFFFFFFFFFFFFFFFFFFFFFFFFFFFFFFFFFFFFFFFF2B
:20758000FFFFFFFFFFFFFFFFFFFFFFFFFFFFFFFFFFFFFFFFFFFFFFFFFFFFFFFFFFFFFFFF0B
:2075A000FFFFFFFFFFFFFFFFFFFFFFFFFFFFFFFFFFFFFFFFFFFFFFFFFFFFFFFFFFFFFFFFEB
:2075C000FFFFFFFFFFFFFFFFFFFFFFFFFFFFFFFFFFFFFFFFFFFFFFFFFFFFFFFFFFFFFFFFCB
:2075E000FFFFFFFFFFFFFFFFFFFFFFFFFFFFFFFFFFFFFFFFFFFFFFFFFFFFFFFFFFFFFFFFAB
:20760000FFFFFFFFFFFFFFFFFFFFFFFFFFFFFFFFFFFFFFFFFFFFFFFFFFFFFFFFFFFFFFFF8A
:20762000FFFFFFFFFFFFFFFFFFFFFFFFFFFFFFFFFFFFFFFFFFFFFFFFFFFFFFFFFFFFFFFF6A
:20764000FFFFFFFFFFFFFFFFFFFFFFFFFFFFFFFFFFFFFFFFFFFFFFFFFFFFFFFFFFFFFFFF4A
:20766000FFFFFFFFFFFFFFFFFFFFFFFFFFFFFFFFFFFFFFFFFFFFFFFFFFFFFFFFFFFFFFFF2A
:20768000FFFFFFFFFFFFFFFFFFFFFFFFFFFFFFFFFFFFFFFFFFFFFFFFFFFFFFFFFFFFFFFF0A
:2076A000FFFFFFFFFFFFFFFFFFFFFFFFFFFFFFFFFFFFFFFFFFFFFFFFFFFFFFFFFFFFFFFFEA
:2076C000FFFFFFFFFFFFFFFFFFFFFFFFFFFFFFFFFFFFFFFFFFFFFFFFFFFFFFFFFFFFFFFFCA
:2076E000FFFFFFFFFFFFFFFFFFFFFFFFFFFFFFFFFFFFFFFFFFFFFFFFFFFFFFFFFFFFFFFFAA
:20770000FFFFFFFFFFFFFFFFFFFFFFFFFFFFFFFFFFFFFFFFFFFFFFFFFFFFFFFFFFFFFFFF89
:20772000FFFFFFFFFFFFFFFFFFFFFFFFFFFFFFFFFFFFFFFFFFFFFFFFFFFFFFFFFFFFFFFF69
:20774000FFFFFFFFFFFFFFFFFFFFFFFFFFFFFFFFFFFFFFFFFFFFFFFFFFFFFFFFFFFFFFFF49
:20776000FFFFFFFFFFFFFFFFFFFFFFFFFFFFFFFFFFFFFFFFFFFFFFFFFFFFFFFFFFFFFFFF29
:20778000FFFFFFFFFFFFFFFFFFFFFFFFFFFFFFFFFFFFFFFFFFFFFFFFFFFFFFFFFFFFFFFF09
:2077A000FFFFFFFFFFFFFFFFFFFFFFFFFFFFFFFFFFFFFFFFFFFFFFFFFFFFFFFFFFFFFFFFE9
:2077C000FFFFFFFFFFFFFFFFFFFFFFFFFFFFFFFFFFFFFFFFFFFFFFFFFFFFFFFFFFFFFFFFC9
:2077E000FFFFFFFFFFFFFFFFFFFFFFFFFFFFFFFFFFFFFFFFFFFFFFFFFFFFFFFFFFFFFFFFA9
:20780000FFFFFFFFFFFFFFFFFFFFFFFFFFFFFFFFFFFFFFFFFFFFFFFFFFFFFFFFFFFFFFFF88
:20782000FFFFFFFFFFFFFFFFFFFFFFFFFFFFFFFFFFFFFFFFFFFFFFFFFFFFFFFFFFFFFFFF68
:20784000FFFFFFFFFFFFFFFFFFFFFFFFFFFFFFFFFFFFFFFFFFFFFFFFFFFFFFFFFFFFFFFF48
:20786000FFFFFFFFFFFFFFFFFFFFFFFFFFFFFFFFFFFFFFFFFFFFFFFFFFFFFFFFFFFFFFFF28
:20788000FFFFFFFFFFFFFFFFFFFFFFFFFFFFFFFFFFFFFFFFFFFFFFFFFFFFFFFFFFFFFFFF08
:2078A000FFFFFFFFFFFFFFFFFFFFFFFFFFFFFFFFFFFFFFFFFFFFFFFFFFFFFFFFFFFFFFFFE8
:2078C000FFFFFFFFFFFFFFFFFFFFFFFFFFFFFFFFFFFFFFFFFFFFFFFFFFFFFFFFFFFFFFFFC8
:2078E000FFFFFFFFFFFFFFFFFFFFFFFFFFFFFFFFFFFFFFFFFFFFFFFFFFFFFFFFFFFFFFFFA8
:20790000FFFFFFFFFFFFFFFFFFFFFFFFFFFFFFFFFFFFFFFFFFFFFFFFFFFFFFFFFFFFFFFF87
:20792000FFFFFFFFFFFFFFFFFFFFFFFFFFFFFFFFFFFFFFFFFFFFFFFFFFFFFFFFFFFFFFFF67
:20794000FFFFFFFFFFFFFFFFFFFFFFFFFFFFFFFFFFFFFFFFFFFFFFFFFFFFFFFFFFFFFFFF47
:20796000FFFFFFFFFFFFFFFFFFFFFFFFFFFFFFFFFFFFFFFFFFFFFFFFFFFFFFFFFFFFFFFF27
:20798000FFFFFFFFFFFFFFFFFFFFFFFFFFFFFFFFFFFFFFFFFFFFFFFFFFFFFFFFFFFFFFFF07
:2079A000FFFFFFFFFFFFFFFFFFFFFFFFFFFFFFFFFFFFFFFFFFFFFFFFFFFFFFFFFFFFFFFFE7
:2079C000FFFFFFFFFFFFFFFFFFFFFFFFFFFFFFFFFFFFFFFFFFFFFFFFFFFFFFFFFFFFFFFFC7
:2079E000FFFFFFFFFFFFFFFFFFFFFFFFFFFFFFFFFFFFFFFFFFFFFFFFFFFFFFFFFFFFFFFFA7
:207A0000FFFFFFFFFFFFFFFFFFFFFFFFFFFFFFFFFFFFFFFFFFFFFFFFFFFFFFFFFFFFFFFF86
:207A2000FFFFFFFFFFFFFFFFFFFFFFFFFFFFFFFFFFFFFFFFFFFFFFFFFFFFFFFFFFFFFFFF66
:207A4000FFFFFFFFFFFFFFFFFFFFFFFFFFFFFFFFFFFFFFFFFFFFFFFFFFFFFFFFFFFFFFFF46
:207A6000FFFFFFFFFFFFFFFFFFFFFFFFFFFFFFFFFFFFFFFFFFFFFFFFFFFFFFFFFFFFFFFF26
:207A8000FFFFFFFFFFFFFFFFFFFFFFFFFFFFFFFFFFFFFFFFFFFFFFFFFFFFFFFFFFFFFFFF06
:207AA000FFFFFFFFFFFFFFFFFFFFFFFFFFFFFFFFFFFFFFFFFFFFFFFFFFFFFFFFFFFFFFFFE6
:207AC000FFFFFFFFFFFFFFFFFFFFFFFFFFFFFFFFFFFFFFFFFFFFFFFFFFFFFFFFFFFFFFFFC6
:207AE000FFFFFFFFFFFFFFFFFFFFFFFFFFFFFFFFFFFFFFFFFFFFFFFFFFFFFFFFFFFFFFFFA6
:207B0000FFFFFFFFFFFFFFFFFFFFFFFFFFFFFFFFFFFFFFFFFFFFFFFFFFFFFFFFFFFFFFFF85
:207B2000FFFFFFFFFFFFFFFFFFFFFFFFFFFFFFFFFFFFFFFFFFFFFFFFFFFFFFFFFFFFFFFF65
:207B4000FFFFFFFFFFFFFFFFFFFFFFFFFFFFFFFFFFFFFFFFFFFFFFFFFFFFFFFFFFFFFFFF45
:207B6000FFFFFFFFFFFFFFFFFFFFFFFFFFFFFFFFFFFFFFFFFFFFFFFFFFFFFFFFFFFFFFFF25
:207B8000FFFFFFFFFFFFFFFFFFFFFFFFFFFFFFFFFFFFFFFFFFFFFFFFFFFFFFFFFFFFFFFF05
:207BA000FFFFFFFFFFFFFFFFFFFFFFFFFFFFFFFFFFFFFFFFFFFFFFFFFFFFFFFFFFFFFFFFE5
:207BC000FFFFFFFFFFFFFFFFFFFFFFFFFFFFFFFFFFFFFFFFFFFFFFFFFFFFFFFFFFFFFFFFC5
:207BE000FFFFFFFFFFFFFFFFFFFFFFFFFFFFFFFFFFFFFFFFFFFFFFFFFFFFFFFFFFFFFFFFA5
:207C0000FFFFFFFFFFFFFFFFFFFFFFFFFFFFFFFFFFFFFFFFFFFFFFFFFFFFFFFFFFFFFFFF84
:207C2000FFFFFFFFFFFFFFFFFFFFFFFFFFFFFFFFFFFFFFFFFFFFFFFFFFFFFFFFFFFFFFFF64
:207C4000FFFFFFFFFFFFFFFFFFFFFFFFFFFFFFFFFFFFFFFFFFFFFFFFFFFFFFFFFFFFFFFF44
:207C6000FFFFFFFFFFFFFFFFFFFFFFFFFFFFFFFFFFFFFFFFFFFFFFFFFFFFFFFFFFFFFFFF24
:207C8000FFFFFFFFFFFFFFFFFFFFFFFFFFFFFFFFFFFFFFFFFFFFFFFFFFFFFFFFFFFFFFFF04
:207CA000FFFFFFFFFFFFFFFFFFFFFFFFFFFFFFFFFFFFFFFFFFFFFFFFFFFFFFFFFFFFFFFFE4
:207CC000FFFFFFFFFFFFFFFFFFFFFFFFFFFFFFFFFFFFFFFFFFFFFFFFFFFFFFFFFFFFFFFFC4
:207CE000FFFFFFFFFFFFFFFFFFFFFFFFFFFFFFFFFFFFFFFFFFFFFFFFFFFFFFFFFFFFFFFFA4
:207D0000FFFFFFFFFFFFFFFFFFFFFFFFFFFFFFFFFFFFFFFFFFFFFFFFFFFFFFFFFFFFFFFF83
:207D2000FFFFFFFFFFFFFFFFFFFFFFFFFFFFFFFFFFFFFFFFFFFFFFFFFFFFFFFFFFFFFFFF63
:207D4000FFFFFFFFFFFFFFFFFFFFFFFFFFFFFFFFFFFFFFFFFFFFFFFFFFFFFFFFFFFFFFFF43
:207D6000FFFFFFFFFFFFFFFFFFFFFFFFFFFFFFFFFFFFFFFFFFFFFFFFFFFFFFFFFFFFFFFF23
:207D8000FFFFFFFFFFFFFFFFFFFFFFFFFFFFFFFFFFFFFFFFFFFFFFFFFFFFFFFFFFFFFFFF03
:207DA000FFFFFFFFFFFFFFFFFFFFFFFFFFFFFFFFFFFFFFFFFFFFFFFFFFFFFFFFFFFFFFFFE3
:207DC000FFFFFFFFFFFFFFFFFFFFFFFFFFFFFFFFFFFFFFFFFFFFFFFFFFFFFFFFFFFFFFFFC3
:207DE000FFFFFFFFFFFFFFFFFFFFFFFFFFFFFFFFFFFFFFFFFFFFFFFFFFFFFFFFFFFFFFFFA3
:207E0000FFFFFFFFFFFFFFFFFFFFFFFFFFFFFFFFFFFFFFFFFFFFFFFFFFFFFFFFFFFFFFFF82
:207E2000FFFFFFFFFFFFFFFFFFFFFFFFFFFFFFFFFFFFFFFFFFFFFFFFFFFFFFFFFFFFFFFF62
:207E4000FFFFFFFFFFFFFFFFFFFFFFFFFFFFFFFFFFFFFFFFFFFFFFFFFFFFFFFFFFFFFFFF42
:207E6000FFFFFFFFFFFFFFFFFFFFFFFFFFFFFFFFFFFFFFFFFFFFFFFFFFFFFFFFFFFFFFFF22
:207E8000FFFFFFFFFFFFFFFFFFFFFFFFFFFFFFFFFFFFFFFFFFFFFFFFFFFFFFFFFFFFFFFF02
:207EA000FFFFFFFFFFFFFFFFFFFFFFFFFFFFFFFFFFFFFFFFFFFFFFFFFFFFFFFFFFFFFFFFE2
:207EC000FFFFFFFFFFFFFFFFFFFFFFFFFFFFFFFFFFFFFFFFFFFFFFFFFFFFFFFFFFFFFFFFC2
:207EE000FFFFFFFFFFFFFFFFFFFFFFFFFFFFFFFFFFFFFFFFFFFFFFFFFFFFFFFFFFFFFFFFA2
:207F0000FFFFFFFFFFFFFFFFFFFFFFFFFFFFFFFFFFFFFFFFFFFFFFFFFFFFFFFFFFFFFFFF81
:207F2000FFFFFFFFFFFFFFFFFFFFFFFFFFFFFFFFFFFFFFFFFFFFFFFFFFFFFFFFFFFFFFFF61
:207F4000FFFFFFFFFFFFFFFFFFFFFFFFFFFFFFFFFFFFFFFFFFFFFFFFFFFFFFFFFFFFFFFF41
:207F6000FFFFFFFFFFFFFFFFFFFFFFFFFFFFFFFFFFFFFFFFFFFFFFFFFFFFFFFFFFFFFFFF21
:207F8000FFFFFFFFFFFFFFFFFFFFFFFFFFFFFFFFFFFFFFFFFFFFFFFFFFFFFFFFFFFFFFFF01
:207FA000FFFFFFFFFFFFFFFFFFFFFFFFFFFFFFFFFFFFFFFFFFFFFFFFFFFFFFFFFFFFFFFFE1
:207FC000FFFFFFFFFFFFFFFFFFFFFFFFFFFFFFFFFFFFFFFFFFFFFFFFFFFFFFFFFFFFFFFFC1
:207FE000FFFFFFFFFFFFFFFFFFFFFFFFFFFFFFFFFFFFFFFFFFFFFFFFFFFFFFFFFFFFFFFFA1
:20800000074BD0F8EC105B68D0F8F8205B1A9A42B8BFC0F8F830012380F824310020704737
:20802000001000E02C22C24B00FB02F22DE9F04103EB020E9A585268918ACD0700F187802E
:208040005FFA81FC1CF0020F4ED0BFF35F8F9EF81C100129CCB200F0F3804100148BBFF310
:208060005F8F4FF02C0C0CFB003C9CF81C40022C00F013814FF02C0C0CFB003C9CF81C400C
:20808000032C09D19CF81E4034B10C181C4494F88450002D40F06981B2F804C01FFA8CFCC6
:2080A0004CF4806CA2F804C001EB000C9C449CF986E04FF02C0C0CFB003C9CF81CC00CF13C
:2080C000010CF4450ED101441944002481F8844091F88510002940F0D9802C2202FB00332A
:2080E00000225A76BDE8F0811CF0040F66D18CB200EB40015E181CF0400C96F986804FEA1C
:20810000400100F0DF80158ADEF82470EDB207F808505FFA88FC0CF1010464B29EF81C70B9
:2081200086F88640E51CAF42A64600F049812C2505FB00352D7FAC42BBD10C180CF1020C88
:208140001C444FFA8CFC84F886C0E646B1E7118821F400610904090C1180118889B241F49D
:208160008061118000EB400C9C449EF81E40002541008CF88650002C50D09CF88440002CF2
:2081800048D001441944012481F884402C2101FB0031097F022904D1118889B241F4006157
:2081A00011802C2101FB0031897E41F0010111822C2202FB00331B7FBDE8F08100EB40048A
:2081C0001C449EF81E504FF0010C410084F885C0002D7BD094F88450002D7CD12C2404FB4C
:2081E0000034647F002C00F0C3801488A4B244F4007414800C181C4494F886E00EF1010E53
:208200004FFA8EFE84F886E0B2F800C01CF4807FFAD14EE79EF81B40FF2CB2D02C2404FB41
:20822000003494F81AC00CF0FE0CA2F810C0E27EFF2ABDD001441944FF2281F88620B7E79E
:208240009EF81E1000293FF408AF00EB40051D44410095F88460002E3FF400AF168826F43C
:2082600080663604360C1680BFF35F8F85F88540148B148895F986E0A4B244F4007414805F
:208280009488A4B244F48064948012E7918821F440710904090C91801FE79CF81E40002C0D
:2082A0003FF4E8AE0C181C4494F88450002D3FF4E1AE94F986E0148824F480642404240C3F
:2082C00014804BE0240635D4C646F2E694F88440002C83D089E79EF81C50DEF82460022DFE
:2082E000158852D925F480652D042D0C1580158A94F986C0EDB206F80C501588DEF8247047
:20830000ADB245F4007515805FFA8CFC168A0CF101056DB2F6B27E550CF1020E4FFA8EFEBB
:2083200084F886E09488A4B244F4806494806BE7F80C0020B8F1FF3F49D0DEF8204014F801
:208340000850EDB215829EF81C5008F1010464B2A54286F88640A6467FF4ABAE948824F462
:2083600080642404240C9480A3E694F986E0F5E71488A4B244F4807414800C181C440125F9
:2083800094F986E084F884503EE7ADB245F400751580158A94F986C0EDB206F80C505FFA0F
:2083A0008CFC168ADEF824700CF101056DB20CF1030EF6B24FFA8EFE7E5584F886E023E7BF
:2083C000958825F480652D042D0C9580AFE69EF81B1086F886C0C9B211829EF81E1021B93D
:2083E0009EF81C1000297FF4E3AE918821F480610904090C9180DBE610B404698269E46823
:208400004168146000234024C2E90234446993630C31C2E90433C2E90633C2E90833C2E9A0
:208420000A33C2E90C33516094B1C269E46893634FF48030C2E90041C2E90233C2E9043311
:20844000C2E90633C2E90833C2E90A03C2E90C335DF8044B704700BFD0E9001300221A602E
:20846000037D1F2B07D9203B202202FA03F343F01803CB607047202202FA03F343F0180311
:208480008B6070471B4B016803F57D7C02E02C3363452CD01A688A42F9D170B593F804E0E9
:2084A000427996450BD02C33634505D01A688A42F4D02C336345F9D14FF0FF3070BD9E460D
:2084C0008468DEF80C50A5424FF0000208D00132032A0EF10C0EE6D0DEF80C50A542F6D16F
:2084E000DEF81050C668B542F1D150B270BD4FF0FF307047E44F0508002A4FEA014C30B536
:2085000003460ABFE6468E468C4600F1C005002419689A6841EA0C0142EA0E029A60C3E900
:2085200000140C33AB42F3D1D0F8C030C0F8C44043EA0E03C0F8C030C0F8C84030BD00BF71
:20854000C3691969B3F80CC00A6830B49C6822F0010224680A60A28992B222EA0C02A281E5
:20856000027D00681F2A06D94568203A082494402C4245D0FEE70568082494402C42F9D1D8
:20858000202404FA02F28260264A1278002A35D01A7E012A39D0D3F8F4200132C3F8F420ED
:2085A000EFF31181502282F3128858685C6C026822EA04029C6C2243C9B2026081F311886B
:2085C000D3E90C401A6999681D6C096814605061D3E90E40546090600024B3F8A800D56096
:2085E0004C62C86210680124204310601C7683F8F1408A899B8913439BB28B8130BC70476C
:20860000202404FA02F2C260BEE7002283F8F120D3F8F8000A68013022F00102C3F8F80081
:208620000A60EBE7040000102DE9F041204C6568002D33DD002304F1080218461F46012621
:2086400004EB032C01339CF8F91001F0FF0E59B9AB4202F58072F3D120B1164B93F88D2017
:20866000542A1ED0BDE8F0819168B2F80C807046D1F800E0BEF80C1089B221EA0801AEF823
:208680000C10D2F810E0DEF8001021F00101CEF800108CF8F97082F8F260D9E70020BDE8F7
:2086A000F081B3F894200132A3F89420BDE8F08104000010F80C002010B40C4C6368002B08
:2086C00011DD002004F1080C0146DCF8A03003F1C00259600C339342FBD163680130834288
:2086E0000CF5807CF1DC5DF8044B704704000010F0B5414C04EB401393F8243403B9F0BD81
:208700003E4B93F8A05093F8A12095424FEA401C0CD002EB420E03EBCE0E9EF8A460771E8B
:20872000012F4FEA420E58D9032E51D004EB0C00A0F80814EFF31182902383F3128890F88E
:208740000A34B0F8081443EA41030021D2B29BB280F80A1482F311882178D0F820441A0928
:2087600082EA13225A40C9B1D0F80C14D4F8A040D2431B019BB202F00F02012088401343F0
:2087800004F1C0015A0013F4004F93B202D16268024362600C34A142F4D1F0BDD0F80C140D
:2087A000D4F8A0401B0110319BB202F00F0201208840134304F1C0015A0013F4004F93B276
:2087C00002D16268024362600C34A142F4D1F0BD561C06F00306AE42A8D0964403EBCE03EE
:2087E000184490F8B1100029A0D004EB0C03012283F80A249AE700BF04000010F80C0020F9
:20880000704700BF024B03EB401393F825047047040000104368B0F8502010B41A83EFF3CF
:208820001182502383F312884168446C0B6823EA0403C46C2343D2B20B6082F31188D0E9F6
:2088400007418268036912681C605961D0E909415C60C46A9960B0F86010DC600023D1623A
:208860005DF8044B0376704710B4037D02681F2B09D95468203B202101FA03F31C4215D1BD
:208880005DF8044B70471468202101FA03F31C42F6D00D494068002481F8044101685DF80D
:2088A000044B21F0010101609360704706494068002481F8044101685DF8044B21F0010152
:2088C0000160D360704700BFF80C0020122301480B80704788010020042301480B8070474F
:2088E0009C0100201C48D0F8103AD0F8182A10B59B184FF01A040C8001D1184810BD174A7A
:20890000D0F8140A02F1100411464FF0000E4FEA137CB3F1204F34BF0CF1300C0CF1370C7F
:2089200081F802C081F803E002318C424FEA0313EDD102F108040021030FB0F1204F34BF5D
:20894000303337339374D174023294424FEA0010F2D1024810BD00BF0070FF1FA0010020C3
:20896000426A806A131A58425841704790F84F3830B53BB990F84D1890F84E380124DAB2B6
:20898000914200D830BDB0F8565804FA03F22A43A0F856280133F2E70379024613F001009E
:2089A00005D0D369D068116A01385B1A1840704710B50379DB07044601D4002010BDFFF711
:2089C000EBFF0028F9D0236A6269D05C236AE2680133B3FBF2F102FB1133C0B22362EDE790
:2089E00003799B070AD5436A8269D154436A02690133B3FBF2F102FB11334362704770478C
:208A0000017170470379024613F0020007D0536A1069916A01385B1A0340DBB2C01A70474D
:208A200082B01D4B1D49002201920193019B04330193019B1A688B6803F00C03042B02D072
:208A4000082B05D0164A174BC3F8082102B0704748684B68400203F03F0314D44A68104932
:208A6000B1FBF3F3C2F3881203FB02F20B4B5B68C3F3014301335B00B2FBF3F2094BC3F8E0
:208A8000082102B070474968B2FBF3F2C1F3881303FB02F2EAE700BF5028004000380240FE
:208AA0000024F400F80C00204A484B494B4BDFF830C12DE9F04F4FF0010A4FF002094FF0CE
:208AC000040808271026202540244FF0800E30F8022B12F0010F03D01960A3F804A0083382
:208AE00012F0020F03D01960A3F80490083312F0040F03D01960A3F80480083312F0080FD9
:208B000002D019609F80083312F0100F02D019609E80083312F0200F02D019609D80083317
:208B200012F0400F02D019609C80083312F0800F03D01960A3F804E0083312F4807F05D0D1
:208B40004FF4807B1960A3F804B0083312F4007F05D04FF4007B1960A3F804B0083312F4B3
:208B6000806F05D04FF4806B1960A3F804B0083312F4006F05D04FF4006B1960A3F804B040
:208B8000083312F4805F05D04FF4805B1960A3F804B0083312F4005F05D04FF4005B19606E
:208BA000A3F804B0083312F4804F05D04FF4804B1960A3F804B00833D20B04D04FF400423A
:208BC00019609A80083301F5806161457FF47FAFBDE8F08FD853050800000240040E0020D9
:208BE00000180240072809D8054B8C2202FB0033B3F80805B0FA80F0400970470020704734
:208C000004000010072806D8034B8C2202FB0033012283F80A2570470400001070B53F4CBF
:208C20008C2303FB004393F8173503B970BD3C4B93F8A0E093F8A12096450CD002EB420CB4
:208C400003EBCC0C9CF8A4506E1E012E4FEA420C44D9032D3DD08C2202FB0042A2F8081586
:208C6000EFF31181902383F31288B2F8085592F80A3543EA45030025C9B29BB282F80A55B2
:208C800081F311881A09217882EA13225A4001B1D2431B019BB294F86C19D4F8685902F010
:208CA0000F021A438C2303FB004431BB0121D4F89005A847D4F88C15B4F814558A8AD4F895
:208CC00088352A438A8258601A6842F001021A6070BD551C05F003057545BCD0944403EBCE
:208CE000CC03034493F8B1100029B4D08C2303FB0043012283F80A25ADE7D4F81035D4F837
:208D00008C155B79086903F0FC0318440421A847D4F88C358000988170BD00BF04000010E5
:208D2000F80C002010B584464FEA810E102312F4004F14BF0E2407245200013BCCF800406E
:208D400092B2F444F3D100EB81128C01035142F82130122010BD00BF10B584464FEA810ED4
:208D60000424130B03EB430318331201013CCCF8003092B2F444F4D100EB01130A018450CB
:208D800043F82140062010BD704700BF704700BF034B00EB400003EBC00393F88109704762
:208DA00004000010064B93F8302A824283BF00EB400003EBC003D3F884090020704700BF99
:208DC000040000102AE700BF072808D8044B03EB401393F8242412B1012283F80A247047F7
:208DE00004000010072808D8054B03EB4013B3F80804B0FA80F0400970470020704700BF58
:208E000004000010054B93F8302A824286BF03EB4013D3F814040020704700BF0400001032
:208E20001D4B93F8342AAAB3D3F8701909B100200860012A2ED0D3F8881909B10020086017
:208E4000022A27D0D3F8A01909B100200860032A20D0D3F8B81909B100200860042A19D017
:208E6000D3F8D01909B100200860052A12D0D3F8E81909B100200860062A0BD0D3F8001AED
:208E800009B100200860072A04D0D3F8183A0BB100221A60704700BF040000101D4B93F899
:208EA000342AAAB3D3F8701909B100200860012A2ED0D3F8881909B100200860022A27D067
:208EC000D3F8A01909B100200860032A20D0D3F8B81909B100200860042A19D0D3F8D01906
:208EE00009B100200860052A12D0D3F8E81909B100200860062A0BD0D3F8001A09B1002047
:208F00000860072A04D0D3F8183A0BB100221A60704700BF04000010B84B93F83230002BCA
:208F200040F06A81B64B93F8342A002A00F0648193F8801970B400294FD1D3F87019002028
:208F4000012A086047D993F8981900296BD1D3F888190020022A08603DD993F8B01900290A
:208F600040F0D280D3F8A0190020032A086032D993F8C819002940F0EF80D3F8B81900203B
:208F8000042A086027D993F8E019002940F00C81D3F8D0190020052A08601CD993F8F819D5
:208FA000002940F03381D3F8E8190020062A086011D993F8101A00295BD1D3F8001A002027
:208FC000072A086007D993F8282A002A77D1D3F8183A00221A6070BC7047D3F87409810A5A
:208FE000A1F580115229A8D8864C214491F800140D29A2D8EFF31184502282F31288824D04
:20900000466A828A4FF02C0C0CFB015192B2013642F00102C1F83464E4B2828284F3118819
:2090200093F8342A89E7D3F88C09810AA1F5801152298CD8734C214491F800140D2986D891
:20904000EFF31184502282F312886F4D466A828A4FF02C0C0CFB015192B2013642F0010220
:20906000C1F83464E4B2828284F3118893F8342A6DE7D3F8040A810AA1F5801152299CD83E
:20908000604C214491F800140D2996D8EFF31184502282F312885C4D466A828A4FF02C0CAA
:2090A0000CFB015192B2013642F00102C1F83464E4B2828284F3118893F8342A7DE7D3F894
:2090C0001C1A8A0AA2F58012522A80D84D48024492F800040D283FF67AAFEFF311845022E4
:2090E00082F31288484D4E6A8A8A4FF02C0C0CFB005092B2013642F00102C0F83464E4B29C
:209100008A8284F3118862E7D3F8A409810AA1F5801152293FF626AF3A4C214491F8006463
:209120000D2E3FF61FAFEFF31181502282F31288354C456A828A4FF02C0C0CFB064492B2B4
:20914000013542F00102C4F83454C9B2828281F3118893F8342A05E7D3F8BC09810AA1F54E
:20916000801152293FF609AF264C214491F800140D293FF602AFEFF31184502282F312886E
:20918000214D466A828A4FF02C0C0CFB015192B2013642F00102C1F83464E4B2828284F3C3
:2091A000118893F8342AE8E6D3F8D409810AA1F5801152293FF6ECAE124C214491F800145B
:2091C0000D293FF6E5AEEFF31184502282F312880D4D466A828A4FF02C0C0CFB015192B26F
:2091E000013642F00102C1F83464E4B2828284F3118893F8342ACBE6704700BF880100204F
:2092000004000010E44F0508F80C0020D3F8EC09810AA1F5801152293FF6C5AE0F4C214481
:2092200091F800640D2E3FF6BEAEEFF31181502282F312880A4C456A828A4FF02C0C0CFBE1
:20924000064492B2013542F00102C4F83454C9B2828281F3118893F8342AA4E6E44F050892
:20926000F80C002000EE100AB8EE400A704700BFBCEEC00A10EE103A98B27047012380F803
:2092800029300020704700BF08B50346426AC06B996B02445A6201B18847002008BD00BFD7
:2092A000036B1B681B6A5B685B78024613F0010008BF82F829007047F0B5224C224A234B48
:2092C00095B0054604F13C00CDE90002049304F140000023CDE90503CDE90E331C4A099270
:2092E0000B9304F134021093139311932B6B95F828700A921868012302228DF80C3007933E
:209300008DF820308DF834308DF848303B1D02920E460C9347F09EFC97B1330E84F8353078
:209320003634320C330A22706370A670286B69463DF0A2FE2B6B186847F08CFC15B0F0BD77
:209340003534EEE7880100206C130020A19200087D92000810B5044694B050220649684673
:209360004BF0E2FB206B69463DF086FE236B186847F070FC14B010BD385405088263416287
:20938000704700BF2DE9F0410446006B00681E460F46904647F05EFC94F82830606A002BFA
:2093A0003ED0284D030E85F84530052205F146039870EA67020C000A58701A703B68C5F89E
:2093C00088300020D8F80030C5F89030012EE363C5F8A00029D0022E20D1D8F80420C5F89B
:2093E0009800796885F89400C5F89C1013441649C5F8A4200120E36385F8A800C5F8AC103E
:20940000124B94F82920206BA3F11401002A08BF19463DF031FEA36B7BB1E06BBDE8F0819F
:209420000B4B0422A3F14505C2E7074B85F89460C5E92630C5F8A400E2E7236B186847F0F3
:2094400009FCEAE78801002089920008E8010020CD010020704700BF00B583B041620192DF
:20946000049A0093826301236A4601A9FFF78AFF03B05DF804FB00BF043070470D4B93F845
:209480007C26D3F878160244D2B283F87C2693F87C2601441206C3F8781605D593F87C2610
:2094A00082F0800283F87C26034B012283F8C420704700BFF80C0020880100202DE9F0473B
:2094C000154FD7F88056ED0A20D00026B14607F2C4687419D7F884361048D3F828A0C7F89A
:2094E000BC9604EBD474641010234246E102D0470F280BDD0A4B03F1100153F8042B013294
:2095000007D18B42F9D12546B542E2DCE802BDE8F087661CF8E700BFF80C00207C130020C3
:20952000BC1300201A4BD3F8D416D3F8D8268A1A322A05DCD3F8EC268A1A002A0FDC70472B
:2095400093F8DC26D3F8E01602F0010219B108688988B2B901830022C3F8EC267047D3F81D
:20956000E02682B11068928810B444693231224218BF42835DF8044B08BF0283C3F8EC169F
:2095800070474183E7E73231C3F8EC16704700BFF80C0020064AD2F8E0363BB192F8DC1630
:2095A0009A881B68C90754BF1A835A8300207047F80C00204FF40070034B1060D3F8F83644
:2095C0000B600020704700BFF80C00200020704701207047012070470020704730B585B0EE
:2095E000684641F029FF1048104AD0F8FC10009B0F4D41F08071C0F8FC10002400F1C840E4
:20960000C2F8B05FA0F5650054601168094CA0F67D60A0FB030341F001019B0CC4F82837FC
:20962000116005B030BD00BF00ED00E0001000E055CEACC5F80C00202DE9F84F0130884C81
:20964000884D01F1FF385FFA80FB1026012745F0D1FA4FF4FA794FF0E0214FF47A7C6B68D8
:20966000C3F30803002B40F0D280EFF31183002B40F0CD80D4F8D4368869D4F8D4269342FC
:20968000F8D1D4F830279042F4D8D4F828270CFB02FEAEEB000EBEFBF2FE0CFB03EE6B6803
:2096A000C3F30803002B40F09280EFF31183002B40F08D80D4F8D4368869D4F8D42693423C
:2096C000F8D1D4F830279042F4D8D4F828A70CFB0AF2121AB2FBFAF20CFB0323A3EB0E03D1
:2096E000B3F57A7FDBD3B9F10109B8D158464FF47A7945F033FF4FF0E021CC466B68C3F3C8
:209700000803002B40F09780EFF31183002B40F09280D4F8D4368869D4F8D4269342F8D1BE
:20972000D4F830279042F4D8D4F828270CFB02FEAEEB000EBEFBF2FE0CFB03EE6B68C3F375
:20974000080323BBEFF311830BBBD4F8D4368869D4F8D4269342F8D1D4F830279042F4D8F8
:20976000D4F828A70CFB0AF2121AB2FBFAF20CFB0323A3EB0E03B3F57A7FDFD3B9F10109B3
:20978000BCD1B8F10108BFF462AFBDE8F88FEFF3118386F31288D1F818A00A69D20344BF45
:2097A000C4F82C77D1F818A0D4F8D406D4F82C27DBB283F311880244D4F828070CFB00F32D
:2097C000A3EB0A03B3FBF0F30CFB0233D1E7EFF3118386F31288D1F818A00A69D20344BF14
:2097E000C4F82C77D1F818A0D4F8D406D4F82C27DBB283F311880244D4F828070CFB00F3ED
:20980000A3EB0A03B3FBF0F30CFB023366E7EFF3118286F3128888690B69DB0344BFC4F809
:209820002C778869D4F8D436D4F82CE7D2B282F31188734429E7EFF3118286F3128888690D
:209840000B69DB0344BFC4F82C778869D4F8D436D4F82CE7D2B282F31188734464E700BF5B
:20986000F80C002000ED00E02DE9F0411D4CDFF87C801D4F82B004F54075012602E00834E3
:20988000A54224D094F90630002BF8D1206800F13F4303F57E0308EB932393F8A4345A0953
:2098A000032A03F01F0306FA03F317D0042A11D0022A02D17A6C13437B640023A1881A46B4
:2098C000CDE90036083447F04DF9A542DAD102B0BDE8F0813A6B13433B63EEE73A6C13431F
:2098E0003B64EAE7040E002000380240E44F050809494B6C10B5094C43F480434B644022DE
:20990000002104F234704BF067F94FF0FF33C4F87437C4F8773710BD00380240F80C002044
:209920002DE9F0411348144D4FF41A7200214BF053F94FF00008A5F2AC4705F6880440F223
:20994000222655F82810002354F8332091420BD001330E2BF8D1002008F1070846F0C4F979
:20996000B045EED1BDE8F08107EBC30393F8380DF2E700BF04110020905405082DE9F84386
:20998000038AB0F80C801FFA88F818EA030829D005460E464FF00047B8FA88F327FA03F2FF
:2099A000D24391B21B3B298208EA0208042B16D8DFE803F04134271A0300B36A002B47D063
:2099C00003F1FF3900231FFA89F9B362746A34B123682046494698476468002CF8D1B8F1FC
:2099E000000FD9D1BDE8F88370680028F7D00368002BF4D0696B89B29847B8F1000FCBD12B
:209A0000F0E7B0680028EAD00368002BE7D0A96B89B29847B8F1000FBED1E3E7F068002869
:209A2000DDD00368002BDAD0E96B89B29847B8F1000FB1D1D6E730690028D0D00368002BDD
:209A4000CDD0296C89B29847B8F1000FA4D1C9E7EB6A1FFA83F9B9E770B50B4C054607265F
:209A6000013E00D170BD94F900001AF04FF9031E08DBEA1861789171A178E954052BDCBFC8
:209A8000E37813730434EBE7885D050810B5274B93F8A02093F8A1309A4242D1244A92F824
:209AA000F80AF8B192F86C4902F6382300EB4000D2F8382A03EBC000B4B140F20D3C00E0A4
:209AC0001A6899689C894C600C6844F001040C60A2F848C09189183389B241F480718342EC
:209AE0009181EDD110BD1A68118821F0800109041833090C118033F8141CD162118889B2BC
:209B000041F0800111805462B2F80CC033F8041C41EA0C0189B28342918123F8044CE2D123
:209B200010BD47F0E9FF0028B8D110BDF80C00200400001010B5044649F0A8FD81B22046FD
:209B4000BDE81040FEF7D4BD10B5044649F09EFD81B22046BDE81040FFF760B838B50B4DC6
:209B600000EB400005F5176303EBC00393ED027AD3ED037AE7EE007AC4002544B0EE670AD1
:209B800049F084FDD5F87039186038BD040000100A4608B5054920B9054841F0D7FE034842
:209BA00008BD044841F0D2FE004808BD7414002090A80508B8A8050810B5044C04480A467B
:209BC000214641F0C3FE204610BD00BF74140020E0A8050810B5044C04480A46214641F0B4
:209BE000B5FE204610BD00BF74140020F4A8050810B5044C04480A46214641F0A7FE20461B
:209C000010BD00BF7414002000A90508F8B5A0F668042379DB0725D5657994F84C3805F050
:209C200001073D46FBB1D4F848341A68D36A5B08536294F8503823B1B4F85A380133A4F8D8
:209C40005A38606C85F0010144F036F9012384F84F38002384F84D3884F84E38A4F8563855
:209C600084F84C38F8BD94F84F68012E04BF94F84D3884F84E382046FEF778FE4EB90123EB
:209C800084F84F3887EA0301606CBDE8F84044F013B9002384F84F383946F5E7C0690028D1
:209CA00036D003681A6A127B2ABBD3E904125B68496872B110B4546800220A6022609A8824
:209CC0005DF8044B22F003021204120C9A803DF0D9BD1A891206FCD41A89D20709D40022B2
:209CE0000A609A8822F002021204120C9A803DF0C9BD9A89F0E78268002AD6D0116892887A
:209D00000A83D3E904125B684968002AD2D1E0E7704700BFC06900B97047016830B4D1E9C6
:209D200004424B6864687AB15568002222602A609A8822F003021204120C9A800B6A1B7BB6
:209D4000A3B930BC3DF09EBD1A891506FCD41A89D20714D4002222609A8822F0020212044F
:209D6000120C9A800B6A1B7B002BEAD08368002BE7D01A689B88138330BC3DF083BD9A8937
:209D8000E5E700BF38B590F83430012B044608D090F8290008B9012038BD002384F8293091
:209DA00038BD006B03681A7B92B994F82930002BF1D00A4D0A49022305F67C023DF016F9A3
:209DC00095F87D38D84300F0010003F00103E5E71B6A002BE9D0002038BD00BFF80C002011
:209DE0005002002038B5044694F83430012B09D094F8293013B1002384F82930012038BD0E
:209E00001B6A23B1206B03681A7B002AF8D194F82930002BF2D0084D0849022305F67C0255
:209E20003DF0E4F895F87D3803F00102DB0784F82920E3D5D8E700BFF80C0020500200206E
:209E40002DE9F843DDF820800F4615460021202204461E464AF0C0FEB8F1000F0CD0D8F81F
:209E60000030E3811B0C2382D8F80430B8F80A20E3821B0C62822383384648F091FAEB065C
:209E800019D4431EB8B107EB000C01E0013B12D31CF801EDBEF12E0FF8D1C01A421E032AED
:209EA000A8BF0322082B03F10109A8BF08239046B9441A4606E008280246B946A8BF082232
:209EC0004FF000084FF0203339462360636020464AF02AFE04F10800154B23814246494604
:209EE00083704AF021FE611EE21D11F801CFACF16103192B9CBFACF1200C81F800C091424A
:209F0000F3D104F10A0011F8013FA3F16102192A9CBF203B0B708142F5D118232373330C31
:209F2000A382E572099B6683E361BDE8F88300BF202020002DE9F04FDFF84CB4DBF8D406BC
:209F400085B0CBF8D806002B60D013440C46174601F5FE7A99461FE0002F64D0DBF804370D
:209F6000BB4200F0C680DBF80037BB4200F0F880DBF80837DBF80C17BB424BD8B94200F22A
:209F80007081791A204643F049FB01374F4504F500740AF5007A39D0DBF81037BB42DBD8DB
:209FA000DBF82057FB1A296BDA0802328A4203F0070602D3AB6B9A420BD9294610460292C8
:209FC00043F0FCFA029A0546002800F06A81CBF820072B79002B40F01E81D5F82880B8F1C8
:209FE000000F00F057812B6BD21AEB6806EBC20203EB422220462B464FF400710137C047E4
:20A000004F4504F500740AF5007AC5D1002005B0BDE8F08FB942B4D94FF400720021204673
:20A020004AF0DAFDB1E74FF40072394620464AF0D3FD802384F8BE310C2384F8C231DBF854
:20A040000017C54ADBF8F836C4F8C6119142C4F8CA3100F30B81C14AC14D82FB010285FB24
:20A0600001050A44C817C0EB6212C0EB2530BD4D84F8C10185FB0265C2EB82168010891BE6
:20A08000013120F03F0015440843D117C1EBE5110A4484F8BF21B04A84F8C001013B93421F
:20A0A00000F3F080AD4AAE4882FB031280FB03101A44D917C1EB6212C1EB2031A94884F858
:20A0C000C51180FB0250C2EB821589105B1B013321F03F0110441943D317C3EBE0131A446C
:20A0E00084F8C41184F8C3214AF65523A4F8FE314BE74FF0FF3384F8EC3184F8ED3184F8DA
:20A10000EE3184F8EF315223237063706123A37084F8E7314123E37084F8E631722300257A
:20A1200084F8E43184F8E531DBF81837C4F8E8314FF4F0722946201D4AF04EFD552384F83B
:20A14000FE316FF05503C4F8F051C4F8F451C4F8F85184F8FC5184F8FD5184F8FF3114E7DC
:20A160004FF40072002120464AF036FD7E4B03CB45F6EB0323809023C4F80710A370022216
:20A180000821F823C4F80300617322746375DBF8F8362273A27384F82C20DBF800279B1A58
:20A1A0002362DBF80827DBF80C379B1A63620023E372E3736377A377E37784F82D3084F817
:20A1C0002E3084F82F3084F83130684BA361684BC4F842303E232377012384F83030654A27
:20A1E000802384F8403084F846104AF65521A4F8FE1103CA604BC4F84700C4F84B1003CB3D
:20A200001388A4F84F309378C4F85200C4F8561084F85130B9E64FF40072002120464AF03B
:20A22000DBFC002E44D12B6C04F12008002B7BD02B6B52491122CDE900662046FFF700FE00
:20A240002B6C1A6C002A7ED01B6B4D49CDE9006640461122FFF7F4FD04F140084FF4E073BE
:20A260006DE0F91A204643F0D9F98EE6FF2284F8C1214FF6FF72A4F8BF21374A013B93425C
:20A280007FF710AFFF2384F8C5314FF6FF73A4F8C33129E741464FF4007220464AF09CFC2A
:20A2A00073E6384A231F43F8042F9A45FBD16CE6D5E910253301002A43D0023B002D3FF415
:20A2C00064AE013BAD6CF9D1A0464FF40073002D3FF45BAECDE9027A08EB0306A24608E04A
:20A2E0000024CDE900C4FFF7ABFDAD6CBDB1B04515D02C7929682B6B404605F11C0C11221E
:20A3000008F12008002CEBD16A792C6942F02102CDE900C4FFF794FDAD6C002DE7D15446CE
:20A32000029FDDF80CA030E6CDE900663346DBF8FC1608222046FFF783FD4FF4F0736D6CE6
:20A34000C5E7013BBAE7CDE900660D49334640461122FFF775FD7FE7FF03FB0083200882D8
:20A36000975545418180808018A905083F00FF0029940E0D24A9050830A9050810A9050800
:20A3800014A90508DEADBEEFF80C002010B4EFF31182102383F312880A4BD3F8D4164FF0D2
:20A3A000E0200131C3F8D4168169C3F830170024C3F82C470369D3B283F311885DF8044BE4
:20A3C000704700BFF80C002010B4EFF31181102383F312884FF0E022C9B29469136913F42C
:20A3E000803F0D4B1EBF0120C3F82C079469D3F8D406D3F82C2781F31188D3F8281702443D
:20A400004FF47A7000FB01F31B1B5DF8044BB3FBF1F300FB02307047F80C0020264B5B6878
:20A42000C3F3080310B4FBB9EFF31183E3B9234B4FF0E02CD3F8D426DCF81800D3F8D416B2
:20A440008A42F7D1D3F830178842F3D8D3F828474FF47A7101FB04F3181AB0FBF4F05DF850
:20A46000044B01FB02007047EFF31181102383F312884FF0E022C9B29469136913F4803F26
:20A480000E4B1EBF0120C3F82C079469D3F8D406D3F82C2781F31188D3F828174FF47A7370
:20A4A000024403FB01F0001B5DF8044BB0FBF1F003FB0200704700BF00ED00E0F80C0020B5
:20A4C000F8B5027D04681F2A07D96168A2F120052023AB400B4205D1F8BD21682023934095
:20A4E0000B42F9D03B4DC6693B4995F86CC94968C5F8FC1A8C2303FB0653D3F81005D3F814
:20A5000088150768BCF1000F4DD1B3F814050B6823F001030B60BB899BB223EA0003BB81BF
:20A520000B68DB07FCD41F2A49D9203A2023934043F01D03E3602B78002BCDD00B6823F094
:20A54000D0030B608C2303FB0653012283F85C25D5F8043B002B38D03B8820498C2202FB82
:20A5600006F69BB243F080034FF0FF3231442E443B803846FA6241F03BF9D6F88835D6F832
:20A58000101516225A601A68096842F001021A608889B6F81435104A03439BB28B81536846
:20A5A000C5F8003BF8BD0069036823F001030360BB8923F480731B041B0CBB81B0E72023F6
:20A5C000934043F01D03A360B5E7FFF727FFC5F8040BC1E704000010001000E0800500108D
:20A5E0002DE9F04FAA4D2B7887B01BB9012007B0BDE8F08FA74BA849D3F8D426A74BA1FB2F
:20A6000002125209A3FB0213DB0803EB8303A2EB430395F8302A029205F60834DAB2059219
:20A6200004EB830705F6E85905F5816B4FF0000A029B9A4564D0DBF8183093F8F220002AA4
:20A6400051D1D3F8E820DBF80410D3F8EC8003920191FFF7E3FE01998E4B039A93F88DE0E1
:20A6600093F87EC80490890001F1085101EB421108F18060393801EB8C13BEF1540F01EB8F
:20A6800080101E4603D1834BA3F896C03346984218D91A68002A48D01A6C002A00F0878183
:20A6A000D3F88020002A00F08581D3F8C02003F58073002AEBD11E46711AB04233464FEA00
:20A6C000A1123AD8BCF1000F04D0724B0CF1FF3C83F87EC8BEF1540F05D16E4AB2F8923063
:20A6E0000133A2F892300AF1010ABAF1080F04F15C0407F15C0709F114090BF1200B97D1AC
:20A700006A680123002A85F8EC3E7FF76FAF644B002103EB022283F8F21003F580739342BF
:20A72000F9D1012007B0BDE8F08F40331E46711AB04233464FEAA112C4D9A8EB02014529F9
:20A740004FF0000828BF45214046019406EB811144469446F04603960DE01A6C002A40F0C7
:20A76000DB80D3F88020002A40F00581D3F8C02003F580732AB9994206D91A68002AECD098
:20A780004033994200F2CC80C646A046B8F1110F019C62469ED9D8F115019BD4414B1E4678
:20A7A000D3F8CC309C4538BF3346049E38BFC3F8CC20384BD3F88038F21A002A1BDB03F517
:20A7C000F42303F590739E4288BF3346314A88BF0533C2F88038334B2E4AD3F8CC30052B6E
:20A7E00086BF053BDBB2002382F87E382D4A4FF0FF33C2F8CC3041B1C8F11408012300FA71
:20A8000001F103FA08F343EA0100274AC0F3C43302EB83031646D3F8BC1D00F01F0302EB93
:20A820008303D3F8BC2D42EA0132C0F3441106EB8101C0F3842306EB8303D1F8BC1DD3F8C6
:20A84000BC3D42EA011141EA032181EA112383EA131303F00F02D5F8F03D0F2A03F1010311
:20A8600024D1B1F5803F21D2BEF1540F4FEA111105D10848B0F890200132A0F89020B1F57F
:20A88000606FC5F8F03D00F09E80A9F80C101FE004000010F80C00201F85EB51CDCCCCCCEC
:20A8A0000C00001088010020E44F0508BEF1540F05D14D49B1F890200132A1F89020C5F883
:20A8C000F03DD5F8EC3D0133C5F8EC3D4FF6FF7194F85830059883420CD0BA6823689B1AD2
:20A8E00023603A6B63689B1A63600023BB603B6384F85800236801332360BB680133BB6089
:20A900004FF6FF7399427FF4EEAE6368013363603B6B01333B63E6E6803399427FF634AFAA
:20A92000039AA3EB020E4FEAAE1E304A0EF1010E82FB0E62A2EBEE72012AB8BF012200FAB6
:20A9400002FE14440120013A904040EA0E009E46DEF800208AB1DEF8402072B3DEF8802055
:20A9600072B3DEF8C0200EF5807E42B17145EFD803937346FFE6C03303E70EF1400E714577
:20A98000F6D9AEEB0303194A9B11013382FB0362A2EBE373012BB8BF012398401C4401221F
:20A9A000013B9A407346039310437346E3E680331E46BCE6C0331E46B9E60EF1800EDEE75C
:20A9C0000EF1C00EDBE7084A92F8A13003EB430302EBC303534493F8B1300D2B7FF455AFA2
:20A9E000802389F81E3073E7F80C002056555555F8B51D4B93F8A02093F8A1309A422ED17B
:20AA00001A4F7D68002D11DD3846002410F8086B16B1037E012B1CD002691368013443F002
:20AA20000103A54200F580701360F1D1FFF7F6FCD7F8F04E002C0BDD0D4A02EBC404116883
:20AA400093888889083203439BB294428B81F6D1F8BD002380F8F030FDF7DCFEDCE747F01C
:20AA60004BF80028CCD1F8BDF80C002004000010F80E00102DE9F8430546FFF7CFFC254EFB
:20AA8000254B044610274FF0E02C4FF47A7E4FF001087268C2F30802E2B9EFF31182CAB9CB
:20AAA000D3F8D426DCF81800D3F8D4168A42F7D1D3F830178842F3D8D3F828970EFB09F168
:20AAC000091AB1FBF9F10EFB0212121BAA42E0D3BDE8F883EFF3118287F31288DCF818003F
:20AAE000DCF81010C90344BFC3F82C87DCF81800D3F8D496D3F82C17D2B282F311884944D7
:20AB0000D3F828970EFB09F2121AB2FBF9F20EFB0122DAE700ED00E0F80C00202DE9F047B8
:20AB20003E4B3F4D471E10264FF0E0204FF47A7C4FF001086A68C2F30802002A59D1EFF3DE
:20AB40001182002A55D1D3F8D4268469D3F8D4168A42F8D1D3F830178C42F4D8D3F8281760
:20AB60000CFB01FEAEEB040EBEFBF1FE0CFB02EE6A68C2F30802FAB9EFF31182E2B9D3F866
:20AB8000D4268469D3F8D4168A42F8D1D3F830178C42F4D8D3F828970CFB09F1091BB1FB7D
:20ABA000F9F10CFB0212A2EB0E02B2F57A7FDFD3013FBFD2BDE8F087EFF3118286F312882C
:20ABC00084690169C90344BFC3F82C878469D3F8D4A6D3F82C17D2B282F31188D3F8289785
:20ABE00051440CFB09F2121BB2FBF9F20CFB0122D9E7EFF3118186F3128884690269D2035B
:20AC000044BFC3F82C878469D3F8D4E6D3F82C27C9B281F311887244A0E700BFF80C00208B
:20AC200000ED00E030B50C4683B00546D8B1036803F13F4303F57E039B0A0C4A134493F8D2
:20AC4000A40445F051F8C4F34112C4F30013CDE90032C4F38103A988286804F0030245F0E8
:20AC600081FF03B030BD4FF0FF33E6E7E44F050800B1D7E7704700BF70B50E4C94F8306AAC
:20AC8000B6B104F58164002504E00135B54204F120040DD0237F002BF7D0E0680028F4D07B
:20ACA000217D0135FFF7BEFFB54204F12004F1D1012070BD04000010F0B5002487B0CDE923
:20ACC0000144CDE903440DF1040CC0E93F44C0E94144C0F80C41054600F5887EBCE80F00CC
:20ACE000AEE80F00CEF8004095F82931234E0594C5F854610BB907B0F0BD1E09013E052E85
:20AD000003F00F032DD81E4F07EB4602B2F8F40340FA03F2D20724D5012202FA03F3013B8F
:20AD2000184037444AF04AF997F83C3E154A2946154D034405EBC3052620E880234641F83B
:20AD40000C2F2846224643F067FD1049AA880868B2FA82F24FF00043D34003430B6007B033
:20AD6000F0BD2946074B41F80C3F00231A46184607B0BDE8F04043F04FBD00BF3B43413B7C
:20AD8000E44F050821B00008040E0020003C014038B50409013C052C1AD80F4D05EB4402FF
:20ADA00000F00F03B2F8F40340FA03F212F0010210D0012202FA03F3013B184025444AF090
:20ADC000FDF895F83C3E054A034402EBC30038BD002038BD104638BDE44F0508040E00206A
:20ADE00008B518F093FF052807D8054BD3F884380344187BBDE80840CAE7002008BD00BFFD
:20AE0000F80C002008B51D20FFF7C2FF10B190F9063053B11E20FFF7BBFF10B190F906306B
:20AE200003B108BD5523C38008BD5523C380F1E708B540F009FE1B20FFF7AAFF08B12923B3
:20AE4000C3801C20FFF7A4FF08B12923C3800A4B93F88D28012A01D0012008BD0748C3F811
:20AE6000900800F120014C3042F026FC044B002083F8230008BD00BFF80C00205802002029
:20AE800000ED00E043680B4A23F0407323F4807343F48073436083681A4042F002028260EB
:20AEA000C36A0139C9B223F4700343EA0153C362704700BFFDF7FFC0704700BF0020FDF7CD
:20AEC000B1B800BF0120FDF7ADB800BF0220FDF7A9B800BF10B1036882881A83704700BF92
:20AEE00030B1036882881B691A4214BF01200020704700BF10B1036882885A83704700BF09
:20AF0000F0B5056890F888606B688488012285F824201A8822F040021204120C1A802A8975
:20AF2000A24255D1017BAA7A8A420BD01A8822F003021204120C1A801A8892B2002944D016
:20AF40001A80A9721A882F7B92B242F040021A802B6A9A6892B34FF0000C2F4C1433E64689
:20AF600053F8101C964401EA040221B1B2F1805F27D06A692AB353F8142C143302EA0401D1
:20AF800012B1B1F1805F1CD053F80C2C0CF1010C002AE5D1AFB1A6B1BCF1010F0AD8BEF10F
:20AFA000070F07D80CEB8C0C4FEA8C022B6A13441B7B33B9BDE8F0403CF03EBB0FB1002EF0
:20AFC000F4D1BDE8F0403CF0B9BD42F00302B7E71A88124922F0380212048B424FEA1242A7
:20AFE00017D001F580618B4213D02146B1F5807FA8BF4FF480710229B8BF022191FAA1F15A
:20B00000B1FA81F1013942EAC10292B21A802C8188E76108EAE700BF0000FFFF0038004081
:20B0200038B52C4AD0F8E8305268D0F8E010044673B1501A83420BDC94F8D830C4F8E02087
:20B04000012B10D0D4F8DC300133C4F8DC3038BDD4F8EC30C4F8E0200B44C4F8E43094F8CC
:20B06000D830012BEED16168201D04F1F005EFF3118C102383F3128863681B6A0BB3D4F851
:20B08000F8302A461BB1D3691432002BFBD10B6A6BB1996839B9934209D0196829B15B6883
:20B0A00099680029F7D01433F3E7C3E900055FFA8CFC8CF31188D4F8DC300133C4F8DC3000
:20B0C00038BD0D625FFA8CFC8CF31188FFF718FFB8E700BF001000E02DE9F041826992F8FC
:20B0E000E430012B8AB005465BD0023B012B54D892F85431D2F89C203B4C63F07F03137057
:20B100008769D7F8A030D7F8108003F1010E0FCCEC46ACE80F00D7F89C30CDE9003E0FCC24
:20B12000ACE80F0094E8030007F110068CE80300EFF31180102383F312883B691B6A002B5E
:20B1400049D0029B6A461BB1D3691432002BFBD1D8F8203073B1996839B993420AD01968DD
:20B1600029B15B6899680029F7D01433F3E71E60C3F804D0C0B280F31188A9690A69136A93
:20B18000002BFCD1D1F8A0305A8852BAEA819A8852BA2A82DB885BBA6B8201200AB0BDE806
:20B1A000F08192F8570192F85431D2F8A0101B1A5B100133DBB201EB430231F813305BBAA0
:20B1C000EB8153885BBA2B82938801205BBA6B820AB0BDE8F081C8F820D0C0B280F311882A
:20B1E0003046FFF78DFEC8E7285E05082DE9F04190F8E430D0F8A050012B8AB0044673D088
:20B2000041D9023B012B6BD890F85531D0F89C206A4E63F07F031370D0F8A030D0F81080D6
:20B2200003F1010E00F110070FCEEC46ACE80F00D4F89C30CDE9003E0FCEACE80F0096E8C7
:20B2400003008CE80300EFF31180102383F3128823691B6A002B00F0A880029B6A461BB151
:20B26000D3691432002BFBD1D8F820302BB3996839B9934221D01968E1B15B68996800299E
:20B28000F7D01433F3E7D0F89C304FF0FF321A605A609A60DA60D0F8E8300522B3F57A7FB2
:20B2A000C0F8F82054D8032380F8E43001200AB0BDE8F0811F60C3F804D0C0B280F3118863
:20B2C0002269136A002BFCD16B885BBAA4F8D030AB885BBAA4F8D230EB885BBAA4F8D430BC
:20B2E00001200AB0BDE8F08190F8571190F8553190F85621D0ED366AD0ED377A5B1A5B10B5
:20B300000133DBB2521A35F8131005EB430349BAA0F8D010598849BAA0F8D2109B8852101C
:20B320000132D2B25BBAA0F8D43035F81230DBBA07EE103AB8EEC77AE7EE267AFDEEE77ABA
:20B3400017EE903AA0F8D63001200AB0BDE8F08103691A7B2AB35B691BB390F8983003B319
:20B3600090F85731D0F89C20C4F8A40063F07F03137090F8571190F85531D0F8A0201048A3
:20B38000C4F80C015B1A07330121C4F80431D4F89C3084F808110A44C4E93F3284F8E41019
:20B3A0009EE7022384F8E4309AE7C8F820D0C0B280F311883846FFF7A3FD81E7285E050895
:20B3C00001800008D3B2012B1DD8104B02EB420210B54FEA820E0EF1080403F5137C02E0B0
:20B3E0001C3363450DD01A788242F9D15A788A42F6D11A59002AF3D00EF1040E03EB0E0087
:20B4000010BD002010BD0020704700BF505E050810B40C4C002304F6940C01E0152B0CD04B
:20B4200003EB430201331CF802108142F6D1144494F996085DF8044B70474FF0FF305DF854
:20B44000044B7047F80C0020D3B2022B22D870B502EB4202104C4FEA820E23460EF10C0522
:20B46000002204E00132172A03F12C0310D01E68B042F7D193F804C08C45F3D15E59002E46
:20B48000F0D02C210EF1080301FB0233E01870BD002070BD00207047E44F0508002839D0AA
:20B4A00030B51D4D90F804C0002305F6940401E0152B2DD003EB43020133A15C6145F7D14B
:20B4C0001544046895F9963890F805E0DAB2022A1ED803EB430311484FEA830C0CF10C05CD
:20B4E0000346002204E00132172A03F12C030FD019688C42F7D119797145F4D15959002988
:20B50000F1D02C210CF1080301FB0233184430BD002030BD704700BFF80C0020E44F0508B4
:20B520000348D0F8483113B100F59C7018477047880100200348D0F8743113B100F5B27068
:20B5400018477047880100200348D0F8A03113B100F5C87018477047880100200348D0F885
:20B56000CC3113B100F5DE7018477047880100200348D0F8F83113B100F5F4701847704799
:20B58000880100200348D0F8243213B100F5057018477047880100200348D0F8503213B153
:20B5A00000F5107018477047880100200348D0F87C3213B100F51B70184770478801002093
:20B5C0000348D0F8A83213B100F5267018477047880100200348D0F8D43213B100F53170FD
:20B5E00018477047880100200348D0F8003313B100F53C7018477047880100200348D0F80F
:20B600002C3313B100F5477018477047880100200348D0F8583313B100F55270184770476D
:20B62000880100200348D0F8843313B100F55D7018477047880100200348D0F8B03313B198
:20B6400000F5687018477047880100200348D0F8DC3313B100F573701847704788010020E1
:20B66000094B01382C2202FB0033084AD3F838310748116B834214BF4FF480034FF40013BA
:20B680000B431363704700BF88010020003802400060024070B53E4C3E4D01384FF02C0CC1
:20B6A0000CFB004C9646DCF838613B4AAE4214BF4FF480054FF40015166B35431563CCF851
:20B6C000543102F52052DCF83C31CCF84811103293423ED002F5806293423AD0A2F57A72BE
:20B6E000934248D002F58062934244D0A2F57A72934242D002F5806293423ED0A2F57A72F2
:20B70000934236D002F58062934232D0A2F57A72934234D002F58062934230D0A2F57A7211
:20B7200093422ED002F5806293422AD0A2F57A72934228D002F58062934224D0A2F57A7219
:20B74000934222D0154D02F58062934218BF002500E0134D2C2303FB0044CEF3011294F8E5
:20B760005001C4F85C51CEF38711BDE8704045F0D5B90C4DEEE70C4DECE70C4DEAE70C4DC1
:20B78000E8E70C4DE6E70C4DE4E7044DE2E700BF880100200060024000380240008000284A
:20B7A000208000100080001800880010008020102080002000880020008020202DE9F04F7C
:20B7C000934A92F8E538012B85B021D0022B15D0002300938F4F4FF0000807F1780A3B7879
:20B7E000022B17D008F10108B8F1030F07F128070AF1050AF3D105B0BDE8F08F92F8DA380E
:20B8000033B192F8D638083B18BF01230093E1E70093DFE79AF903307F4D0297591C15BF46
:20B82000DBB200239B464FF0010B1E46DAB2012A00F2DB8006EB460189007300774C019339
:20B8400008315FFA88F703E01C34AC4200F0CD802378002BF8D16378BB42F5D1605800286C
:20B86000F2D010F017FB009B814623B1A0F10901072940F2BF807A1CD2B21421484610F0A5
:20B88000F3FA002800F0B180DDE90137334404EB830409F1FF33E068614C59424FF02C025E
:20B8A00003FB02F201F0070103F0070358BF4B42A11804F59C742244C1F844013A614846AD
:20B8C00081F84031FFF7CCFE9AF904305A1C00F09A80DEB23246CDE902794F4DF3B2934624
:20B8E000012B62D806EB4601890073004B4C019308315FFA88F902E01C34AC4255D0237890
:20B90000012BF9D163784B45F6D160580028F3D010F0C0FA009B07461BB1A0F10901072923
:20B9200047D909F10102D2B21321384610F09CFA00283AD0BB46DDE90127324404EB820412
:20B940000BF1FF325142E068354CDDF80C904FF02C0502FB05F501F0070102F0070258BF7B
:20B960004A42611904F59C742544C1F844017D61584681F84021FFF773FEB9F1000F3DD0CE
:20B98000BBF1000F1BD02846FCF766FD3869FCF763FD3846FCF730FD00231A462149584620
:20B9A000FFF778FE01233B731CE70136F3B29B4596D2DDE90279B9F1000F1FD01A4C09F1D9
:20B9C000FF332C2202FB0340002438617C61FCF743FD3846FCF710FD2346144922464846A0
:20B9E000FFF758FE01233B73FCE60136F2B29345BFF41DAF029F4FF0000965E7002200239B
:20BA0000C7E90423EEE601231A46002663E700BFF80C0020F81500209C600508505E0508B3
:20BA2000880100209D9C0008C0020020159D0008064A136851690B4003F00103536123B131
:20BA4000034BD3F83407036818477047003C0140F80C0020064A136851690B4003F00203A8
:20BA6000536123B1034BD3F83807036818477047003C0140F80C0020064A136851690B40F4
:20BA800003F00403536123B1034BD3F83C07036818477047003C0140F80C0020064A1368DB
:20BAA00051690B4003F00803536123B1034BD3F84007036818477047003C0140F80C002079
:20BAC000064A136851690B4003F01003536123B1034BD3F84407036818477047003C0140A6
:20BAE000F80C0020F8B50C4B1D685A69154005F478755D617DB1094F0126B5FA85F4C4F153
:20BB00001F0407EB840306FA04F4D3F8340703689847A543F1D1F8BD003C0140F80C002041
:20BB2000F8B50C4B1D685A69154005F47C455D617DB1094F0126B5FA85F4C4F11F0407EB4D
:20BB4000840306FA04F4D3F8340703689847A543F1D1F8BD003C0140F80C0020F0B5054626
:20BB600083B0A0B307681D4B144607F13F4202F57E0203EB92230E4693F8A40444F0B4F814
:20BB8000A988B1FA81F3C3F11F03C3F3CC0207EB820203F00703156A4FF00F0C9B009C4038
:20BBA0000CFA03F325EA03031362136A1C431462C6F30013C6F34112CDE900323846C6F3B6
:20BBC000810306F0030244F0CDFF03B0F0BD034B93F8A30444F088F82B68FFDEE44F0508A2
:20BBE00000B1BBE7704700BF2DE9F047684E06EB0013D3F88849002C76D093F89079054688
:20BC00004FEA0018384644F06FF807F01F027F090123032F03FA02F372D0042F6BD0022FF1
:20BC200064D006EB0803013593F88C09FFF7B0F8EDB2824610B11223C571837106EB08035D
:20BC400093F88D09FFF7A4F8814610B11323C571837106EB080393F88E09FFF799F8074657
:20BC600010B11423C571837106EB0803504693F88F594A212A46FFF7B3FF2A4648462A21D1
:20BC8000FFF7AEFF2A460A213846FFF7A9FF414B9C423AD0404B9C4242D0404B9C424AD0D8
:20BCA0003F4B9C4252D03F4B9C425AD03E4B9C4262D0A38823F003031B041B0CA380238877
:20BCC00003F4415343F4457343F003032380A38B23F400631B041B0C0722A3832282238882
:20BCE0009BB243F040032380BDE8F0872F4A516A0B43536295E72D4A11690B43136190E7E5
:20BD00002A4A116A0B4313628BE703F584335A6A42F480525A625A6A22F480525A62C8E7B1
:20BD200003F500331A6A42F480421A621A6A22F480421A62BDE703F5FE331A6A42F400423F
:20BD40001A621A6A22F400421A62B2E703F582335A6A42F400525A625A6A22F400525A62D9
:20BD6000A7E703F568435A6A42F480125A625A6A22F480125A629CE703F564435A6A42F406
:20BD800000125A625A6A22F400125A6291E700BFF80C00200030014000380040003C00406D
:20BDA00000340140005001400054014000380240431C00F03B812DE9F04F2C23DFF84C8418
:20BDC00000FB03F385B058F803A0064608EB0302BAF1000F04D094682CB194F9063013B118
:20BDE00005B0BDE8F08F2C2303FB0683D3F80CB0BBF1000F03D09BF90630002BF0D12C237A
:20BE000006FB03F31833002208EB0301751CDAF8049048F80320EDB2C1E90122C1E9032232
:20BE2000002C00F080811523E571A3719AF82800BBF1000F00F0658116238BF806308BF883
:20BE4000075043F051FFB9F804302268A08823F440731B041B0CA9F80430DBF800301083F6
:20BE6000BBF804201A8311212046FEF7DBFE11215846FEF7D7FE0927332524B9D1E0013DFA
:20BE800006D043F0D5FE2368A28819690A42F6D05A8343F071FE2368A2881A8343F06CFE0F
:20BEA000013FE9D1002C00F0EB80332503E0013D06D043F0BDFE2368A28819690A42F6D07B
:20BEC0005A8343F059FEBBF1000F00F00081DBF80030BBF804205A8343F04EFE2368A288E4
:20BEE0001A8343F049FEDBF80030BBF804201A8343F042FE2368A2881B691A4240F0978065
:20BF00002C2303FB0683997C1A7C002940F09A8020461221FFF722FE12212C2303FB068375
:20BF20005A7C5846FFF71AFEB24B994500F01581B14B994500F01C81B04B994500F023814A
:20BF4000B9F8043023F440731B041B0CA9F80430B9F800302C2202FB06829BB243F00103DF
:20BF6000948AA9F80030B9F804504FF47A73684603FB04F425F03F053FF05EFA0299A04B93
:20BF80002D04A3FB01232D0C45EA9345A9F80450B9F8002022F001021204120CA9F800209E
:20BFA000984A980C9442034652DC6200B1FBF2F292B20133042A38BF0422A9F82030A9F867
:20BFC0001C20B9F800309BB243F00103A9F80030B9F8003023F4816323F002031B041B0CB5
:20BFE0004FF4804143F48063A9F80030A9F80810B9F8003023F080031B041B0C0022A9F819
:20C0000000309AF82A00114644F088FD00229AF82900114605B0BDE8F04F44F07FBD43F0B4
:20C0200007FE013DFBD143F0A7FD37E770472C23DBF8002003FB068312699A7C002A00F0D1
:20C04000AD801A7C32212046FFF788FD322164E704EB4404B1FBF4F18AB2C1F30B0109B9C5
:20C0600042F0010268494FF4967300FB03F3A1FB03139B09013342F40042A9F820309EE725
:20C08000332401E043F0D4FD013CFBD143F074FDBBF1000F00F08880DBF80030BBF804202A
:20C0A0005A8343F069FD43F067FDDBF80030BBF804201A8343F060FD2C2303FB06839A7C80
:20C0C000002A18BF32215A7C08BF122129E743F053FD2368A2881A8343F04EFD43F04CFD5D
:20C0E0002368A2881B691A4265D12C2303FB0683997C1A7C00296CD020463221FFF72EFDB5
:20C1000012E743F0F1FDB9F80430A28823F440731B041B0CA9F80430236811211A83204651
:20C12000FEF780FDA7E69AF82800BBF1000F55D016238BF806308BF8075043F0D5FDB9F8E4
:20C140000430BBF8042023F440731B041B0CA9F80430DBF800301A8389E603F5F2331A6A3F
:20C1600042F400121A621A6A22F400121A62E7E603F5F0331A6A42F480021A621A6A22F499
:20C1800080021A62DCE603F5EE331A6A42F400021A621A6A22F400021A62D1E61A7C2046C3
:20C1A0001221FFF7DBFCB7E643F0E6FC43F0E4FC43F0E2FCB8E62C2303FB068320469A7CB9
:20C1C000002A18BF32211A7C08BF1221FFF7C6FCAAE620461221FFF7C1FCA5E643F084FDA8
:20C1E000B9F8043023F440731B041B0CA9F8043041E600BF0054004000580040005C0040C7
:20C2000083DE1B43A0860100D34D6210F80C00202DE9F0410646FEF7D7F8104F2C24054631
:20C2200004FB067442F20F7804E0FEF7CDF8401B404507DC637E002BF7D1207E80F0010086
:20C24000BDE8F081B7F8B839013330469BB2A7F8B839FFF7ADFD0020BDE8F081F80C0020A7
:20C26000B0F1FF3F61D02DE9F04F022883B0044612DC2F4F2C2600FB06F69946BB19D3F87F
:20C2800004B0BBF1000F07D00D46597E0193924601F0FF02009219B1002003B0BDE8F08F7D
:20C2A000FEF792F82036019B009A6D00EDB28046B8199D7601210C9D83F81BA05A779977DB
:20C2C000BD51456083F81C9059761A76BBF8043099051ED4BBF80030DA0513D442F20F754D
:20C2E00005E0FEF771F8A0EB0803AB4213DCBBF800309B05F5D4BBF800309BB243F48073E3
:20C30000ABF80030BBF804309BB243F44073ABF804300120C1E7B7F8B83901339BB2204605
:20C32000A7F8B839FFF744FDB6E70020704700BFF80C00202C2330B500FB03F3254DEA1846
:20C34000EB585C68A38A85B09BB20393039B13F4706F1CBF01231376039B13F4E06F0CD1B4
:20C36000A38A2C2223F4706302FB00551B041B0C0022A3826A7605B030BD238BA38823F407
:20C3800080631B041B0CA380039B9A05E8D423889B05E5D42388D9050FD52388DA05FCD48D
:20C3A00023889BB243F40073238023889B05FCD40190FFF7FDFC0198D2E723889BB243F41C
:20C3C00000732380A38823F440731B041B0CA380C6E700BFF80C00200020ABE70120A9E7F6
:20C3E0000220A7E770B590F871301D09013D052D044611D81C4E06EB450203F00F03B2F825
:20C40000F41341FA03F2D20706D590F87220012AD0B205D0012070BD94F872300120FAE717
:20C42000984001382E44084048F0C8FD96F83C3E0E4A034402EBC30552F83320AB8810698F
:20C440001840E8D0E36E002284F8722093F8212002212846FFF782FB226E93899BB243F04F
:20C4600008039381D6E700BFE44F0508040E0020F8B50E4C94F8307A9FB104F5A164C7F16C
:20C4800009070925013D0ED0A6683079FEF780FC217DF27908B1FFF761FBAF4204F18C0490
:20C4A000F0D10120F8BDAB68FFDE00BF04000010094BD3F8BC29D3F8C01940F22A400023BB
:20C4C00050604B620B889BB243F001030B80136843F0010313607047F80C002010B41D4B31
:20C4E0001D48196C1D4A41F08051012485B0196404625321FF24CA205462506251625B6F46
:20C50000DB0017D416480423002102910290029A1A440292029A04331C2B1160F5D1039117
:20C520000390039B0393039B0E4A1A6005B05DF8044B70470A4B002201920193019B0193E6
:20C54000019A084B12689A42DCD105B05DF8044B704700BF0038024000000E4200280040E9
:20C5600050280040316665422DE9F043046ED0F80890A38923F400531B0407461B0C91B040
:20C58000A38190F805803D79C8F3800005F001064FEA0822B30015F002054FEA003002F4FC
:20C5A000806218BF43F0080302431A43238A4FEA08319BB223F4405301F400511943218287
:20C5C000A38923F4B05323F00C031B041B0C1343A381A38A23F440731B041B0CA38201A828
:20C5E0003EF02AFF684B9C4205D003F580639C4201D0039B00E0049BA2896449A0891204C0
:20C6000003EB83034CBF4FEA49094FEA890903EB8303B3FBF9F3A1FB03C252094FF0640CCC
:20C6200000040CFB12334FEA021200F193801B013233A1FB0313C3F343131A4392B22281D6
:20C6400097F93800FEF7CCFB30B10368828818F0010F14BF1A835A8318F0080FA38A73D00C
:20C660009BB243F00803A382A3899BB243F40053A381002E2FD0FE6B002E78D00023CDE9FE
:20C680000833CDE90C33CDE90E33049306937B6C0193FB6D0293FB6805937B6903934FF413
:20C6A00080714FF48033CDE90A1330464FF4806307933EF00DFF01A930463EF09FFF3368C9
:20C6C00043F001033360A38A9BB243F04003A38273689BB27B65002D33D03E6C002E41D05A
:20C6E000BB6C0193BB6D02933B690593402304934FF48033002530460B934FF4806307939D
:20C70000CDE90855CDE90C55CDE90E55039506950A953EF0DDFE01A930463EF06FFF736963
:20C7200043F080037361336843F0160333607560A38A9BB243F08003A382E36843F040030A
:20C74000E36011B0BDE8F08323F008031B041B0CA38289E7DB003233A1FB0313C3F34213C7
:20C760001A436BE7E36843F08003E360E5E74FF6DF732380E36843F02003E360E36843F05E
:20C780001003E360A7E700BF001001401F85EB51EFF31183502282F31288016C0A68D20716
:20C7A00003D5DBB283F3118870474A6892B230B4A2B9456A846AA5421FD0846A85692C445A
:20C7C000CC60456A846AA54211D8846A82620269121B002492B280F864404A600A6842F084
:20C7E0000102DBB20A6083F3118830BC7047426A846A121B446A8462EBE7012280F8642041
:20C80000DBB283F3118830BC704700BF70B5037DC66902681F2B054640D95068203B2021DA
:20C82000994008422CD0D16010219940D1605168D940C80752D43046FFF7AAFF96F864306F
:20C84000C3B196F87230022B14D096F872308BB996F87100FEF79CFA326E938923F008034B
:20C860001B0401211B0C938186F8721010B12021FEF7D8F92B7D2A681F2B194614D9203B49
:20C88000506808219940084200D0D1605068042101FA03F3184200D0D36070BD106820247F
:20C8A0009C4020420DD11946106808238B40184200D09360106804238B401842EDD09360FE
:20C8C00070BD10219940946091601168D940C907B1D5012101FA03F39360ACE7012101FA9E
:20C8E00003F3D360A7E700BFBFF34F8F0549064BCA6802F4E0621343CB60BFF34F8F00BF59
:20C90000FDE700BF00ED00E00400FA0508B5002103203EF0F5FE72B6FFF7E6FF154C08B561
:20C92000D4F8C43994F8CA09ABB91420FEF7F6F800BFD4F8C4395BB11A689B88116994F815
:20C94000CA290B4012B91BB1FFF7E0FF002BFBD0FCF7E8FDECE719689A880B69134020B151
:20C96000002BE2D10B691340FAE7002BDDD00B691340FAE7F80C002008B572B6FFF7B4FFFF
:20C9800000B583B00D49002200920091009B0C330093009B1B68012B02D003B05DF804FB84
:20C9A00001920191019B06490C330193019B1A600B6883F308884B689847FEE750280040D6
:20C9C0000000FF1F38B5FFF789FDFFF7D9FF01203EF0A6FE6D4A936823F003039360936856
:20C9E00013F00C0FFBD113686849A0B943F00103136041F2883302E0013B00F0C5800A686B
:20CA00009507F9D5624C00220823C4F8CC29C4F8D03902251EE043F48033136041F28833CB
:20CA200002E0013B00F0B0800A689403F9D5584C584B594DB0FBF5F5B0FBF3F0B5EB400FE2
:20CA400018BF28464FF48003C4F8CC39C4F8D009B5FBF0F50220C4F8D4593EF061FE03281D
:20CA60000DD84E4B03EBC0039988DA88C4F8DC195B88C4F8E029B3FBF5F3C4F8D839434BBA
:20CA800047491A6C42F080521A640A6842F440420A609A689A609A6842F400429A609A68F8
:20CAA00042F4A0529A60D4F8CC19D4F8D0290A43D4F8D81942EA8112D4F8E01942EA0162C1
:20CAC000D4F8DC194908013942EA01425A601A6842F080721A601A689201FCD5314A40F22E
:20CAE00005711160996821F003019960996841F00201A2F580629960936803F00C03082B69
:20CB0000FAD12949D823B3FBF5F39B0143F000530120C2F884308866FBF782FF234D1B4B5F
:20CB2000234AEA60234A596FAA605A6B224922F080025A635A6F42F080725A671A6B42F415
:20CB4000CE021A635A6B5A639A6B9A631A6C0A431A64596C194A0A435A64FCF73FFD184AEF
:20CB6000D4F80831A2FB03239B09013BB3F1807F09D24FF0E022F02053610021072385F8C2
:20CB800023009161136138BD014CC7E700380240F80C002080841E0040420F009C600508C2
:20CBA00000700040003C02400000474200ED00E00005FA0500000020FFC9FE36335F070038
:20CBC000D34D6210104BDA68D243C2F30222C2F1040301214FF00F0CDBB201FA03F34CFA3E
:20CBE00002F210B40A40094CDBB213431B012218DBB282F80033430900F01F00814044F813
:20CC000023105DF8044B704700ED00E000E100E030B50068154C164D85B00139002389B21A
:20CC2000A042ADF80C30ADF806308DF80E300291D5F808310FD00F4988420CD001F5804166
:20CC4000884208D001F58061884204D001F58061884218BF5B08B3FBF2F301A9013BADF8C4
:20CC600004303EF06DFD05B030BD00BF00040140F80C00200000014001490248FCF77EBE1A
:20CC8000041100200000014010B5064C064804F20C41FCF773FE04F5B3610448BDE81040C4
:20CCA000FCF76CBEF80C0020000001400044014002494FF08040FCF761BE00BF30110020F1
:20CCC00001490248FCF75ABE5C1100200004004001490248FCF752BE88110020000800404C
:20CCE00001490248FCF74ABEB4110020000C004001490248FCF742BE38120020000401403E
:20CD000010B5064C064804F5A861FCF737FE04F21C610448BDE81040FCF730BEF80C0020CB
:20CD200000040140001C004001490248FCF726BE641200200040014001490248FCF71EBE6D
:20CD4000BC1200200048014001490248FCF716BEE81200200018004001490248FCF70EBE3C
:20CD6000401300200020004010B50C2935D8DFE801F091343434633434340734343435001D
:20CD8000038C5488B2F80CE023F480731B041B0C0384038CB0F804C0818B21F073014EEAF7
:20CDA000040E0904148823F40073090C1B042143764C1B0C43EA0E23A0421FFA8CFC9BB27F
:20CDC00000F0948004F58064A04200F08F809268A0F804C08183C263038410BD038C548853
:20CDE000B2F80CE023F480531B041B0C0384038CB0F804C0818B21F4E6414EEA040E09044C
:20CE0000148823F40053090C41EA04211B045F4C1B0C43EA0E33A0421FFA8CFC9BB289B23D
:20CE20007ED004F58064A0427AD09268A0F804C081830264038410BD038C5488B2F80CE086
:20CE400023F010031B041B0C0384038CB0F804C0018B21F4E6414EEA040E0904148823F016
:20CE60002003090C41EA04211B04484C1B0C43EA0E13A0421FFA8CFC9BB289B26CD004F5C2
:20CE80008064A04268D09268A0F804C001838263038410BD038C5488B2F80CE023F0010369
:20CEA0001B041B0C0384038CB0F804C0018B21F073014EEA040E0904148823F00203090C79
:20CEC0001B042143314C1B0C43EA0E03A0421FFA8CFC9BB22CD004F58064A04228D0926870
:20CEE000A0F804C001834263038410BDD489B2F810E023F4006343EA0423548A2CF4405CFA
:20CF00004EEA040E4CEA0E1C94884FF6FF3E03EA0E0E4EEA042E1FFA8CFC1FFA8EF356E7DE
:20CF2000148A2CF4804C4CEA841C1FFA8CFC7CE7D489B2F810E023F008032343548A2CF414
:20CF4000407C4EEA040E948823F004034CEA0E0C1FFA8CFC2343C2E7D489B2F810E023F08B
:20CF6000800343EA0413548A2CF4406C4EEA040E4CEA8E0C94884FF6BF7E03EA0E0E4EEA47
:20CF8000041E1FFA8CFC1FFA8EF37CE7000001402DE9F04FAC4BDFF8CC9293F8E638AB4C6F
:20CFA000AB4D93B05F1E0293FBB200930023CB460193DFF8B4A2DAF80070BB0AA3F58013BD
:20CFC000522B00F2FF80234493F800340D2B00F2F98015F90380029B012B00F0FA80029B39
:20CFE000022B02D1B8F1080F6DD10026314640460FF032FE0FF0BEFE90F9003013B1542B2A
:20D0000040F0EC800436B6B2102EEFD1019B002113B34A460BE0234493F800340D2B0DD893
:20D02000EB5643450DD002F580725A4512D0906803689B0AA3F58013522BECD900234345C0
:20D04000F1D143799AF8050098423CD002F580725A45ECD1002936D15046FBF713FAC3B256
:20D06000022B9AF805E000F2FF8200F1010C774A0CEB4C0C4FEA8C0C02F57D7003E02C3295
:20D08000824200F0F18213689F42F8D113797345F5D152F80C30002BF1D06E48002103E00E
:20D0A000102900F12C000ED042689A428C4601F10101F5D1684B2C2202FB0C3C9CF95831C6
:20D0C000002B00F09B82654B0AF11C0A9A457FF472AF019B0133042B01930BF5807B7FF4D3
:20D0E00068AF5F4A92F8303A013302F5816802934FF0010B029B9B4561D0534BD8F80C6000
:20D1000093F8E42998F810300193002E57D0544BD6F800A05868B38800930AF13F4505F5AA
:20D120007E0500284FEA952561DD002302E00133834259D01C0259F80410A942F7D14C4426
:20D14000019B88F81030009BC8F80C60B3FA83F5C5F11F034FF00302C8F80430C8F818405F
:20D16000B27186F807B0E16C606C5E0001220327B74002FA06F63143E16439490E78384368
:20D1800002FA03F36064276DD4F8A00099B2002E00F027823B432365009BAAF81830FBF74A
:20D1A000ABF920460BF1010BFBF734FB40F20113BBF1090FA8F81C3008F120089AD113B0F7
:20D1C000BDE8F08F009B012B7FF67DAF4FF000080BE7B8F1010F3FF408AF74E7019B0121CE
:20D1E000002B7FF416AF6EE7042B00F00A821C4B03EB00230102059119690391002900F08C
:20D2000026826C1C0492E4B24FF054029D6083F8042183F80541124B01305860039B5D7905
:20D220001F6806951846FBF72DF9C3B2022B00F21B8200F1010C0CEB4C0C044B049A4FEAB2
:20D240008C0C0021AE4617E0F80C0020E44F0508BCA90508C002002088010020B8610508A3
:20D26000040000100C000010BC6005080131172903F12C0300F0F8811D68AF42F6D11D7984
:20D280007545F3D153F80C50002DEFD02C2300EB400001FB03F37649764F03EB80030B44CD
:20D2A00005981969744B0A910344C3E9065194460023394604E0102B01F12C013FF47FAF90
:20D2C0004A68AA42184603F10103F4D16B4B04952C2101FB0031624691F95831002B7FF473
:20D2E0006EAF059D664881F85941EB1103EB252303EB031300EB83038C2408932B1204FB80
:20D3000003F300F54C7000EB430009905A4843190898C3F8A8000998C3F8F000542081F865
:20D3200058013321C3F8AC100399C3F8F440C3F80CA008685349544B07908842D3F80831C7
:20D3400009EB050410D0A1F5806188420CD001F58041884208D001F58061884204D001F50F
:20D360008061884218BF5B08062A00F05681072A4648474A474918BF1146474A18BF024613
:20D380000598B3FBF2F2B3FBF1F33B49079D0144013A92B2013BA1F8B030A1F8682000F119
:20D3A00054010023A4F85C30284649F80130A26549443EF0C5F90023ADF838302B880699EB
:20D3C0009BB243F080032B802B8823F001031B041B0C2B80314B0D9328464FF480730225FD
:20D3E000CDE910530DAA0A230F93FFF7BDFC039B1879002840F01481079A049D13889BB299
:20D4000043F001031380002004E0102807F12C0700F0FE807B689D42024600F10100F4D1AC
:20D42000049516491E4F049DDDF81CC02C2303FB02131C4AD3F838311B498B4214BF4FF4F2
:20D4400080034FF40013116B0B431363069A0C2A9CBF164B03EB4203059A98BFB3F8DC1061
:20D46000054B134488BF00219982002327E000BFE44F0508C00200200400001088010020BA
:20D48000E016002000040140F80C0020D0DD0600449508001055220040771B0060000100BF
:20D4A000F80E00100038024000600240DC600508944500F0D3800133042B00F0D28057F8E1
:20D4C0003320002AF4D16A4A04951546D2F8F02E0132C5F8F02E05EBC302079DC2F8F45E07
:20D4E000DB003B4400279A8811439980902261492346FEF7CFF804980A9D036843F01003A7
:20D500000360089BE3664FF48063E367059B656603F164014FF400320423C4E92323402396
:20D520003322C4E91C320AF118024FF4805CA2664FF48042C4E920C24944C4E92577A767E7
:20D54000C4F88870C4F89C703EF058F8049A059B1068E061506920625068606203F1AC0184
:20D560009068A0624FF48063D068C4F8C4300423C4F8D830099BC4F8B4304FF44033C4F802
:20D58000D4308C23C4F8AC50C4F8BC30049DE0620AF110034FF48042C4F8B0304FF4006340
:20D5A000C4F8C830C4E937774944C4F8CC20C4F8B870C4F8C070C4F8D070C4F8E4702846DD
:20D5C0003EF01CF82B6823636B6963636B68A363AB68E363EB6823642B6843F010032B60E6
:20D5E000AEE5C5F12F0502FA05F33B432365009BAAF81A303246FAF77FFFD2E5CBF808A024
:20D6000067E51D4A032382F8E53913B0BDE8F08F04954FF0FF32002003E71849184AAFE647
:20D62000FDF7B6FB0B9038B1039B0221DA79FEF795FA0B9B5422DA80079AB2F844306FEA9B
:20D6400043436FEA53439BB2A2F84430D4E60A4A022382F8E53913B0BDE8F08F0495DB00D4
:20D660003FE700239B88FFDE00235B68FFDE00BF0400001041850008F80C0020882A110016
:20D68000A0BB0D000C2911D8DFE801F02310101019101010111010100700838B23F40063E0
:20D6A0001B041B0C43EA02239BB283837047838B23F008031B041B0C1A4382837047038BAF
:20D6C00023F400631B041B0C43EA02239BB203837047038B23F008031B041B0C1A430283DA
:20D6E000704700BF2DE9F04FDFF858A39AF8807099B01FB9002019B0BDE8F08F00222F216B
:20D7000038460FF08BFB80460028F3D0DFF838930568C9F8C059FDF7C1FE0028EAD0D0E91E
:20D72000014BC9F8BC49002CE4D0B94E0022314601E0102ADED048688442944601F12C011F
:20D7400002F10102F5D1B34B2C2202FB0C3C9CF95821002ACED138462F27ACF85871FDF770
:20D7600017FBCAF8840028B1C78098F807202A21FEF7F4F9A84F002207F6345050F8321029
:20D780008D4200F00D8101320E2AF7D1002042F0ABFA2988D9F8082121F001010904090C32
:20D7A00029809E498D4200F00C81A1F580618D4200F0078101F580418D4200F0028101F5E0
:20D7C00080618D4200F0FD8001F580618D42944900F00A81B1EB520F4FEA520040F2E5800F
:20D7E00000210122B0FBF2F2ADF804108D498E48120AA1FB02121109A0FB01014908AAF87B
:20D800008A10490000271209AAF88810284601A90292ADF80C70ADF806708DF80E703DF091
:20D820008FFF98F80630ADF81470602204929A07CDE90677089798F8057040F19E80DB00B1
:20D8400003F008034FF00408ADF81E30ADF8148004AA39462846FFF787FA08223946FFF7A2
:20D8600011FFB5F844206FEA42426FEA524292B2A5F844202A8892B242F080022A802A8C6E
:20D8800008FA07F39BB292B222EA03022A842A8C92B213432B842B889BB243F001032B805B
:20D8A0000022334601E0102A77D059688C42104603F12C0302F10102F5D1564A5B492C2314
:20D8C00003FB002A5A4ADAF838318B4214BF4FF480034FF40013116B0B431363002001E044
:20D8E000102858D073689C4200F1010006F12C06F6D1504960220023FDF7CCFE20463DF09E
:20D90000E7FD236823F00103236020463DF0E0FD05F134033B440A9340F22A430D934FF4C3
:20D9200080630F93444B0B9340230C934FF480504FF480430026CDE9100309A94FF44033C3
:20D940002046CDE91466CDE91666CDF824B00E96129613933DF052FE0C2F04D8374B03EB70
:20D960004703B3F8DC60AB899BB23343AB81236843F0100301202360BDE65B0003F00203E8
:20D98000ADF81C304FF001084FF48073ADF81280ADF820305CE70020ABE74FF0FF308CE716
:20D9A00007EBC20797F8380DF1E6254900F1B77202F55852A1FB0221890D013989B24A1CA8
:20D9C00010E717498A4201D200210DE71C4802F1B77101F55851A0FB0101890D013989B276
:20D9E000481CB2FBF0F2FFE68A4204D200210120B2FBF0F2F8E6124802F1B77101F55851EA
:20DA0000A0FB0101890D013989B2481CF0E700BFC002002088010020E44F05080004014054
:20DA2000006CDC02598B4F01ABAAAAAA006002400038024069880008585C0020DC6005088D
:20DA4000819F5E16F01D0020F80C00202DE9F04FDFF89CB29BF800308BB01BB901200BB0B9
:20DA6000BDE8F08F9E4BD3F8D446FCF7D7FC01469BF8300A002800F033829A4B0490A3FBF6
:20DA80000432994B5209A3FB0243DB0803EB8303A2EB4303DBF8042B0BF6083A8A1A059284
:20DAA0000AEB8309DAB20BF6E85308920BF5AD6402934FF0000831E028463DF009FD8C2335
:20DAC00003FB08B3002683F85C65039B01985F7932463946FFF7D6FD2246FFF745F9394641
:20DAE0000822FFF7CFFD402344F83C3CA4F1480128463DF083FD029B143302932B6843F0EB
:20DB000010032B60049B08F10108984504F18C040AF15C0A09F15C0900F0EC80059A002A7F
:20DB200004DB54F8083C934200F3BA818C2303FB08B354F8582C93F85C3503921268256A81
:20DB40000192002BB8D06E6893891146B6B234F8542CC6F116069BB223EA0203072E8B81AF
:20DB6000AAD9DBF8F03DA16ACDF818800133CBF8F03D0020CDF81C90A8460A6809910746BE
:20DB800001238E460546A1461FE05EF82340142F85F00105A4EB02022FDC12F1080148BF34
:20DBA00002F11701091101F1FF3C072A4FF0010200FA01F002FA0CFC40F3618101339E4288
:20DBC0004CEA00000F44224617D3B342DDD3C7F11501C7F1140400294FF0010C00FA01F1C6
:20DBE0000CFA04F409DD002D00F0498101339E4244EA01004FF01507E7D2152F45464C46A2
:20DC0000DDF81880DDF81C9040F03F813749C0F38423C0F3441201EB830301EB8202D3F896
:20DC2000F830D2F8F8201B0243EA021300F01F0201EB8202C0F3C430D2F8F82001EB800005
:20DC40001343D0F8F82043EA023383EA132282EA121202F00F020F2A40F01781C3F30F131E
:20DC60004FF6FF72934200F01081B3F5606F00F01B81029A93819AF858200898824214D093
:20DC8000D9F80810DAF80020521ACAF80020D9F83010DAF80420521ACAF804200022C9F81F
:20DCA0000820C9F830208AF85800DAF800200132CAF80020D9F808200132C9F808204FF6F0
:20DCC000FF7293427FF4F8AEDAF804300133CAF80430D9F830300133C9F83030ECE600BF9E
:20DCE000F80C00201F85EB51CDCCCCCCDC60050804000010DBF810159BF81845CBF8046B78
:20DD0000184601238BF8EC3E0A684979A40748BF04238B40118C9BB289B221EA0301118433
:20DD2000118C89B20B43012813843FF497AEDBF89C25136851799BF8A425920754BF012281
:20DD400004228A40198C92B289B221EA02011984198C89B20A4302281A843FF47FAEDBF8DC
:20DD60002826136851799BF83026970754BF012204228A40198C92B289B221EA0201198494
:20DD8000198C89B20A4303281A843FF467AEDBF8B426136851799BF8BC26960754BF01220B
:20DDA00004228A40198C92B289B221EA02011984198C89B20A4304281A843FF44FAEDBF8AA
:20DDC0004027136851799BF84827950754BF012204228A40198C92B289B221EA0201198404
:20DDE000198C89B20A4305281A843FF437AEDBF8CC27136851799BF8D427940754BF0122A9
:20DE000004228A40198C92B289B221EA02011984198C89B20A4306281A843FF41FAEDBF877
:20DE20005828136851799BF86028920754BF012204228A40198C92B289B221EA0201198474
:20DE4000198C89B20A4308281A847FF407AEDBF8E4289BF8EC181368507911F0020F18BFFC
:20DE60000422198C08BF0122824092B289B221EA02011984198C89B20A431A84EEE54546D8
:20DE80004C46DDF81880DDF81C90DBF8EC3D0133CBF8EC3DB8F1000F17D04FF6FF73EAE6C0
:20DEA00000200BB0BDE8F08F104991F8A12002EB420201EBC202424492F8B1200D2A7FF454
:20DEC000D8AE029980228A77D5E658220999084846F02AFE039A126801924FF6FF73CAE6E8
:20DEE00001238BF8EC3ECBF8040BB7E5F80C0020980E001037B590F85F38032B04462FD186
:20DF00000023204D8DF807309DF8073094F860289A4201D803B030BD9DF8073005EBC303FE
:20DF200093F890308BB181F0010383B19DF8073005EBC303D3F88C00FCF7CCFF9DF807304E
:20DF40000133DBB28DF80730DEE70B46EDE79DF8073005EBC303D3F88C00FCF7CBFFEDE7F0
:20DF6000D0E910039B7903F00103994204D003B0BDE83040FCF7AEBF03B0BDE83040FCF738
:20DF8000B9BF00BFF01D002038B5044600790D4650B1FCF7FDFE08B10323C380E27929463F
:20DFA000BDE83840FDF71CBE38BD10B504462221FFF7EAFF6379216802229B0802FA03F332
:20DFC000DB439BB20B8263798889D3409A40024392B28A8110BD10B504460121FFF7D4FF14
:20DFE000206861798389890802229BB28A4023EA0203838110BD38B510F8133CA0F66404C2
:20E0000033BB94F85028002A33D1616AA36A99421ED0A36AA169581CA062CB5CA06A2169F7
:20E02000DBB25B0043F40073A4F854380A2384F85238012384F8503894F85F38884228BFF7
:20E04000A262012B01D0042B02D1606CFFF7C3FF94F84C38002B6DD194F84D380133DBB2EE
:20E06000092B84F84D3825D12046BDE83840FAF77DBC94F952586DB1B4F854184B08A4F86C
:20E08000543801F001012046013DFFF733FF84F85258DDE7626AA36A84F850589A42D7D1CA
:20E0A00094F85F38012B01D0042BD1D1606CFFF77CFFCDE70A2B3DD194F84F382BB9B4F898
:20E0C000563843F00103A4F856382379D9070AD5B4F85608820501D4C30718D4B4F85C389A
:20E0E0000133A4F85C38012284F84C2894F84F280023012A84F84D381CD1617984F84F388D
:20E10000606C01F00101BDE838403FF0D5BEE36AC0F3470013B1216B9847E4E7E369626909
:20E12000D054E369E2680133B3FBF2F102FB1133E361D8E738BD00BF1648174A174938B55C
:20E14000174C184D121A46F0EFFCD4F88820164B164842F47002C4F888201A68002142F096
:20E1600001021A6099601A6822F0847222F480321A6058601A6822F480221A600C4AD96062
:20E18000521B28460B4946F0CFFCA560BDE83840FAF746BC00000010040000100E370608C3
:20E1A00000ED00E00000002000380240103000248801002000000008274A92F8F83A7BB388
:20E1C000D2F8381A884237D0012B29D0D2F8501A814235D0022B23D0D2F8681A884231D0FA
:20E1E000032B1DD0D2F8801A88422DD0042B17D0D2F8981A884229D0052B11D0D2F8B01ADF
:20E20000884225D0062B0BD0D2F8C81A884221D0072B05D0D2F8E01A814208BF07230CD071
:20E2200003EB430102EBC10103F1010CC1F8380A82F8F8CA184670470023DBB218467047EB
:20E240000123FAE70223F8E70323F6E70423F4E70523F2E70623F0E7040000100FF086BA5C
:20E26000144BD3F80831B0EB930F14D2B0EBD30F13D2B0EB131F12D2B0EB531F11D2B0EB7A
:20E28000931F10D2B0EBD31F0FD2B0EB132F0ED24FF48070704702207047042070470820F9
:20E2A00070471020704720207047402070478020704700BFF80C002011F001020FD170B56F
:20E2C00090F83410C568012982B0044608D0B5F1807F02D9012380F8283002B070BD7047BD
:20E2E0000A4B066BD3F8CC00FFF7BAFFB5F1807FB080F2D9B72584F828100B46304601A971
:20E300008DF8045038F072FEE7E700BFF01D00202DE9F0410546006B94B0144600681F466A
:20E320000E4642F097FC0B94274C0C9704F580630093264B01930223002202930123CDE9E5
:20E340000922CDE90E22CDE910228DF80C308DF834308DF84830069295F828308DF82020DB
:20E3600013921B4A049204F57E7205921A1D07922BB3330E84F8F93304F2FA34330CDFF8AC
:20E3800054802370330A6370A670D8F8CC002A6BFFF766FF95F8293090809BB1694610461D
:20E3A00038F06AFE2C6B206842F054FCD8F8D400FFF756FFA080384614B0BDE8F08104F2CF
:20E3C000F934DBE705A9EAE788010020C01E0020A1920008F01D00202DE9F04F013B9FB2DE
:20E3E000B44BDFF8D8C2D3F808410B6883B06345BDF830609DF834503AD0DFF8BCC26345E6
:20E4000036D00CF5804C634500F042810CF5806C634500F03D810CF5806C634500F038814D
:20E420006408B4FBF2F41A88013CB3F1804FA4B292B200F03781DFF888C2634500F03281DB
:20E440000CF5806C634500F02D810CF5806C634500F02881DFF86CC2634500F06481DFF802
:20E4600068C2634540F01A811A80DF621C850DE0B4FBF2F41A8822F45C721204120C013C0A
:20E480001A80A4B20022DF621C851A8601229A824C798A790DB182F0010212F0020C62D06C
:20E4A000D2004FF0000E02F008074FF4806201924FF0400CF346CDF800E0F24672464FF0EC
:20E4C000040975460C2C35D8DFE804F0B73434348B343434073434345E001C8CDFF8D8C1E1
:20E4E00024F480742404240C1C841C8C24F4007424042A43240C9D8844EA02249A8B22F06F
:20E5000073021204120C6345ADB242F0600200F0EB800CF5806C634500F0E6809D809A8337
:20E52000DE631C849A8B22F008021204120C42F008029A83B3F844206FEA42426FEA524253
:20E5400092B2A3F844201A881C4692B242F0010224F8342B4A794360A11800230160A350EA
:20E5600003B0BDE8F08F4FF480655200CDE9005C02F002024FF4805E4FF4804B4FF4807AD6
:20E580006746E14601259DE715431A8C4A4F22F480521204120C1A841A8C22F40052120488
:20E5A000120C42EA05329D889C8B24F4E6442404240CBB42ADB244F4C04400F0AF8007F541
:20E5C0008067BB4200F0AA809D809C831E641A849A8B22F400621204120C42F400629A835B
:20E5E000A8E71C8CDFF8D0E024F010042404240C1C841C8C24F0200424042A43240C9D8873
:20E6000044EA02141A8B22F4E6421204120C7345ADB242F4C04259D00EF5806E734555D059
:20E620009D801A839E631C841A8B22F400621204120C42F400621A837CE71C8CDFF878C0DF
:20E6400024F001042404240C1C841C8C24F0020424042A43240C9D8814431A8B22F073027A
:20E660001204120C6345ADB242F0600249D00CF5806C634545D09D801A835E631C841A8B48
:20E6800022F008021204120C42F008021A8351E7B4FBF2F2541E1A88A4B292B222F4407210
:20E6A00092B2E1E622F45C7292B21A80DF621C85ECE600BFF80C0020000001400004014070
:20E6C00000040040001000400014004024F0800444EA0714009F25F4406524F040042F434A
:20E6E0004CEA04043D469BE724F4006444EA0724019F24F4806425F440553C434EEA0505F7
:20E700000CE74FF6F37C04EA0C0C25F440754CEA070C45EA0A0549EA0C04ACE725F4804543
:20E720004BEA050550E7ACF80020CCF82C70ACF82840ABE60548D0F8843623B1DB6A13B1F6
:20E7400000F2846018470248704700BFF80C00205462050870B51B4CD4F8D8301A8842B9E0
:20E76000194D002384F8E83085F87C36C5F8783670BDD4F8DC60002EF2DDD4F8E010987BE1
:20E780004B8848B1002101220F4DA4F8E63084F8E41084F8E520E4E7012EF3D18988013169
:20E7A000C91A9142EED1084DD5F88436C5F8BC061B6905F28460984784F8E46084F8E560CA
:20E7C000CFE700BFF01D0020F80C002030B4174A174B92F87CC603F1EC0505EB0C04C0E972
:20E7E000004593F8E83092F87C06834292F87C0614D8834206D300231A46184630BCC1E953
:20E800000032704792F87C061A1EC0F1800330BC0CBF01200220C1E9003270471B1A0022B3
:20E82000012030BCC1E90032704700BFF80C0020F01D002070B53C4C94F8E530012B00D0DE
:20E8400070BD3A4D94F8E460D5F8843605F284605B68002E31D198470028F1D0D4F8E0204B
:20E86000B4F8E63092889A423BD3D4F8D8205168D5F88426C5F8BC6603FB01F105F2846034
:20E88000D3689847D5F884369B682BB105F28460984708B940F078FBB4F8E630D5F8E42641
:20E8A0000133A4F8E630002ACAD01368928859690A4214BF5A831A8370BD984700BBD5F82A
:20E8C000B036002BBCD0FBF77FFD194BD5F8B026A3FB0013D2EB9312B2D4BDE8704040F008
:20E8E00053BBD5F8E43695F8DC2684F8E560002BA6D099881B68920754BF1983598370BD3D
:20E90000D5F8E42695F8DC160023C5F8B03684F8E43084F8E530002A92D01368908889070B
:20E9200054BF1883588370BDF01D0020F80C0020D34D621038B5194D194CD5F8D820937BB3
:20E94000012B08D0D4F8783603F2FF736FF30A03C4F8783638BDD4F884365B6A63B104F2AF
:20E9600084609847D4F884369B681BB104F28460984778B1D5F8D820D4F878365288013B48
:20E9800013445242134003F2FF736FF30A03C4F8783638BD40F0F8FAECE700BFF01D002023
:20E9A000F80C002070B51E4C1E4D94F87C3694F87C1684B005F1EC021344029395F8E83034
:20E9C00003928B4220D894F87C26934214D294F87C161E46C1F18001F3B98C460122CDE9E8
:20E9E000001610B9BCF13F0F06D90023694602A843F0F2FA95F8E83094F87C06C01AB0FA8C
:20EA000080F0400904B070BD94F87CC6A3EB0C0C614600260122E2E701EB030C0222DEE74B
:20EA2000F80C0020F01D00202DE9F043164685B0002936D0441E254D254F04EB01084FF0FD
:20EA4000000901E0A0452CD095F8E80014F8013F411C2844C9B280F8EC300B0648BF00201A
:20EA600097F87C3685F8E8104ABF0146084685F8E890994297F87C3636BFC3F18003C01A2B
:20EA8000C0183F28DED997F87C369942DAD0114B93F8C430002BD5D00020FFF783FFA04592
:20EAA000D2D1694602A8FFF791FE20B1DDE9003213443F2B02D805B0BDE8F08302463346E3
:20EAC00002A843F089FA05B0BDE8F083F01D0020F80C00208801002030B585B0694602A89C
:20EAE000FFF774FE58B9094C04F28465D4F8843628465B6898470028F8D005B030BD0246F9
:20EB0000012302A843F068FAEDE700BFF80C002070B5134D134C0023C5F880363FF008F832
:20EB2000C4F8E000FFF706FED4F8E030C4F8D800A3B19A885B88D21A436802FB0333C5F8EF
:20EB40008036FAF7BBFC95F87C3694F8E8209A42064601D0FFF7C0FFC5F8786670BD00BF4F
:20EB6000F80C0020F01D00202DE9F041104ED6F88036154682189A420E4A88BF1D1A92F8EA
:20EB8000E82096F87C369A4204460F4601D0FFF7A3FFD6F8842608480023C6F8BC362B463D
:20EBA000956A21463A46AC46BDE8F041604700BFF80C0020F01D00207C1300208C46134616
:20EBC000014662461846CFE72DE9F04F41F694628BB00021A34845F0FFFF04203CF0A0FD49
:20EBE000044605203CF09CFD50EA040340F02B819D4B03934C2200219A489C4D45F0ECFFCC
:20EC000000214C22974845F0E7FF039B954AD3F83434156001241471D361174613625362E1
:20EC200041F080F8FFF774FF002108460DF044F9FAF744FCB0F1000840F3A1818C4DDFF83A
:20EC400050E28C4ECDF808E0002407F14C0901942746A24605F5B67B04E00AF5006AD04513
:20EC600040F3B080029AD2F8D436C2F8D836FAF759FC202259465046FFF776FF7E491222D6
:20EC8000584645F0E6FF0028E7D1574525D001997A4B01EB410203EB820301934A1C1846F2
:20ECA00077490592AAEB0703049301F0DFFB4946019B41F84C3B049B059AC9F80C70C9E9E4
:20ECC0000433D9F81C300192C9E908336D4BC9F828300123C9F808308946039BD3F83434D2
:20ECE000C9F81C3057461222A918335D91F86C11994202F101020BD00024202AF4D12037A9
:20ED0000B8455946384653DBFFF72EFF0022EBE70134152CF1D1D0195B4F20223946FFF712
:20ED200023FF384600230A2209A9099701F0E6FD07460998002301300A2209A9099001F014
:20ED4000DDFD07900998002301300A2209A9099001F0D4FD06900998002301300A2209A9AB
:20ED6000099001F0CBFD0590099809A9013000230A22099001F0C2FD049009980023013007
:20ED80000A22194601F0BAFD97B1DDE9063243EA4212049B05995B0143EAC123A7F2BC7109
:20EDA00043EA600342EA412243EA0243C9F81C30019B642B00F0B18057460AF5006AD0454E
:20EDC0003FF750AF019B642B00F0A780BA451DD0019B2A4C2A490C2202FB03445E1C3246E7
:20EDE000204601F043FBD9F81C20C9F80040AAEB0705C9E90822C9E90375224AC9F8282054
:20EE00000122C9F814500196C9F80820019B002B03F1010100F384804FEA4803B3F1805F6F
:20EE2000C0F2AE800F4B9C6834B91A461B791BB11368002B40F0DA80002108460BB0BDE8E8
:20EE4000F04F0DF039B84FF47A720023214643F0C9FA0E4BA3FB00231B0C40F2B27240F20D
:20EE60006D1419E0D037002088010020B0FA0508F01D002060A905083CA905087C1F0020A1
:20EE800050A90508BDEB00085C1F002007452EC2F80C00205B1A013212F0030514BF2146D5
:20EEA0004FF4B7718B42F5DAA349002D00F0988003910399D1F804148B42C0F23B819F4DF2
:20EEC00001245B1A55F8041F994204F10104F8DD013343EA4413A2F2BC7243EA4223984A90
:20EEE000039DB0FBF2F102FB11024FF461603C24B2FBF0F100FB11221C20C5F80804B2FB02
:20EF0000F4F004FB1022521042EA401242EAC12242EA0343C5F834346CE664230193652163
:20EF20004C268848DFF830A2874F06FB01F4051932460021284645F04FFE3246002128466C
:20EF400045F04AFE7F48814E40F804A004F110034FF00109C5F808902F62AE6240F80380C0
:20EF60000344021DC3F804801834039B0199D3F834341351A018023143606B624CE72146DC
:20EF8000704BDFF8D8914C2606FB01F41D1932460021284645F020FE32460021284645F042
:20EFA0001BFE684B684E43F80490039A2E62684ED2F8340404F1180104F110020127341F8B
:20EFC000C8F10063BB404FF0020A85F805A0AF60A35022445360705031444860686221E7E3
:20EFE0000C4603911D21C4F8081462E7554900220023C1E910238C640A46CC6326462146CA
:20F00000D56C02F14C03B5B198689E644D1EA842C2E92366DE6300F086804D1CA84274D1AD
:20F0200013F8481C00293FF407AF1A6443F8083C01461A46E4E7434A0226294615E0D36B89
:20F0400016635B0118BF03F6FF73C2E9041114BF00EB1333334653631846906352F84C7F40
:20F06000C31A1D44461C0134CFB11379701E002BE5D1136916635BB103F6FF73576900EB29
:20F08000133353634FB107F6FF7700EB1730E4E7576933465363002FF5D13046DDE7DFF80F
:20F0A000C0E02C4BCEF8244701383E24CEF818570EF5DE62CEF8FC363F254023C2E9044542
:20F0C000CEF80837CEF81407840F8300D8B140F2FF155B1944F100045B0A43EAC45303F11B
:20F0E0004004234403EBC0001649CEF81037C30D53604302C2E90B11CEF80C47CEF8F806DF
:20F10000CEF8F03698E60123E9E788427FF494AE00293FF491AE106CC56B0135C5631864F1
:20F1200093641A466CE700293FF486AE53F80C2C0146EDE70124CBE6880100208C050020C7
:20F1400080510100D03700200068214CBDEB0008D437002094A9050878A9050888A9050850
:20F16000F80C00202DE9F043544E554D93B0FFF7F1FA06F2846404E0FFF75CFB6420FBF733
:20F18000CDFCD6F88036002BF6D095F8E530002BF2D1D6F8843620465B689847074600289C
:20F1A000EAD096F87C3695F8E8209A4201D0FFF793FCD6F880860024C6F87846B8F1000F62
:20F1C0006ED0404F0AE096F87C3695F8E8209A4201D0FFF781FC2034A0451BD9224639466F
:20F1E000684601F043F9684643F0DAF8012201466846FFF719FCA3B2002BE4D1D6F8E03645
:20F20000002BE0D09A881B6859690A4214BF5A831A83D8E7FFF78EFB96F87C3695F8E82000
:20F220009A4201D0FFF758FC0023DFF89890C6F878361F461C4602E02034A04529D92246FD
:20F24000494609A801F012F921220021684645F0C3FC202269462046FFF786FC2022054610
:20F2600009A9684645F0F5FC08B9202D00D00137A3B2002BE0D1D6F8E036002BDCD01A6884
:20F280009B88516920340B4214BF53831383A045D5D8B7FA87F77F09384613B0BDE8F0830F
:20F2A000FFF748FB96F87C3695F8E8209A4201D0FFF712FC0023C6F87836EDE7F80C002008
:20F2C000F01D00209CA9050800B583B0074B002201920193019B0C330193019B03221A6082
:20F2E00072B600B201F01AFDFDF746FB5028004000B501EB020E714516D001390EF1FF3E7C
:20F3000041F2210C11F8013F082280EA032003B2002B4FEA4000B6BF8CEA430380B298B287
:20F32000013AF4D18E45EDD15DF804FB704700BFD0ED007AD0ED016A30EE677AE6EE877A3F
:20F34000B0EE670AC0ED007A704700BFD0ED017AD0ED026A30EE677A90ED000AE6EE877A45
:20F3600037EEC07AC0ED017AA6EE870A80ED000A704700BF90ED017AD0ED036AD0ED027A99
:20F3800030EE470AA6EE807A90ED000A80ED017A37EE676AE6EE867A37EEC07AC0ED027AAF
:20F3A000A6EE870A80ED000A704700BF90ED047A90ED026AD0ED036AD0ED005A70EE477AF7
:20F3C000B0EE470A67EE867A90ED016AE6EE267AB0EE006AA5EEA70AD7EE866A90EE067A8E
:20F3E000C0ED036A80ED047A704700BF90ED047A90ED016AD0ED036A90ED025A70EE477A8D
:20F40000F0EE475A67EE867A90ED006AE6EE867AB0EE006AE5EE275AD7EE866A95EE867AC9
:20F4200030EE670AC0ED036A80ED047A704700BF2DE9F047DDF820A055460F4615F8011BC7
:20F44000002B064614460CBF4FF020094FF0300939B3002A2BDD2B4600E09CB113F8012B3D
:20F46000A046013C002AF8D1A8F1020854B1444649463046B847013CFAD29AF8001008F19C
:20F48000010459B13046B8472B4615F8011B0029F8D1A4EB0A041819BDE8F0872046BDE867
:20F4A000F087002A02F1FF38E1DC0846F4E70024E8E700BF03685A1C02601970704700BFA7
:20F4C00010B500F100440246013C04E0B3EB0E0015D1A24214D012F8013BA3F14100192813
:20F4E00011F8010BA0F1410C98BF2033BCF1190F00F1200EEAD91B1A04D10028E9D110BDFF
:20F50000002010BD184610BD884210B54FF001043ED301FB04F4B0FBF4FC8C45F9D2CCB147
:20F5200022BB08E0A14203F801EBB4FBF1F211D8B0FBF2FC1446BCF1090F0CF1570E0CF1AA
:20F54000300204FB1C00EDDCA14203F8012BB4FBF1F2EDD900221A7010BDA14203F801EBF0
:20F56000B4FBF1F2F6D8B0FBF2FC1446BCF1090F0CF1370E0CF1300204FB1C00EDDCA1423B
:20F5800003F8012BB4FBF1F2EDD900221A7010BD8446002AEAD1CEE7002870B503DA2D2395
:20F5A00001F8013B4042092886464FF0010307DD03EB83035B00B0FBF3F2092AF8D8E3B17A
:20F5C0000F4CA4FB0320BEFBF3F2092A02F1570602F130054FEAD00007DD092B01F8016B3F
:20F5E00003FB12EE09D90346EBE7092B01F8015B03FB12EE01D90346E3E700230B7070BDD1
:20F60000CDCCCCCC2DE9F041044694421546084609D2B4FBF2F6154B05FB16441B5D00F80D
:20F62000013BBDE8F081B4FBF2F69642B6FBF2F70CD20E4B05FB176705FB1644DA5D00F831
:20F64000012B1B5D00F8013BBDE8F081BA42B7FBF2F807D9054B05FB187813F8082000F839
:20F66000012BE7E74046FFF7CDFFF3E7CCA905080378202B024600F10100F9D0092BF7D028
:20F680002D2B28D02B2B03BF5378B7EE000A0246B7EE000AA3F13001C8B209289FED567AC5
:20F6A00010D8F2EE046A07EE901AF8EEE77A12F8013FE7EE267AA3F13001C8B20928B0EE61
:20F6C000677AF0D92E2B5ED003F0DF03452B07D020EE070A70475378BFEE000A0246D9E77D
:20F6E00010B451782D2978D02B296AD0A1F13003092B02F101026BD80024002303EB830364
:20F7000001EB430312F8011FA1F130000928A3F13003F3D9B3F59A7F1A4628BF4FF49A72B0
:20F72000072B66D9DFED356A1346F7EE007A083B072B67EEA67AFAD802F00702DAB1F2EE13
:20F74000046A012A67EEA67A15D0022A67EEA67A11D0032A67EEA67A0DD0042A67EEA67A12
:20F7600009D0052A67EEA67A05D067EEA67A062A18BF67EEA67A6CB387EE277A5DF8044B6D
:20F7800020EE070A70475378A3F13001C8B2092802F1010298D8F2EE046AF0EE665A07EE11
:20F7A000901AF8EEE77A12F8013F87EEA66AA3F13001C8B2092866EEA56A37EE067AEED94A
:20F7C00082E79178A1F13003092B02F1020293D9F7EE007A27EE277AD0E79178A1F13003C1
:20F7E000092B02F1020288BFF7EE007AC4D8012483E7F7EE007AA1E70000000020BCBE4C40
:20F8000030B58588C38815F0050F9CB203D10C600389136030BD1BB20B60B0F90830F8E720
:20F82000F0B5868806F4E073802B03D185794FF0FF3406E0C02B4FF00105F8D1847905FAFE
:20F8400004F40023012006F00706AB4200D1F0BD052E0FD8DFE806F00308101D242448B1AE
:20F86000C85CD75C78400FE020B1C856D756C71B784278410133E8E70028FBD031F81300E7
:20F8800032F81370784080B220420CBF01200020F0E70028EED031F9130032F91370E6E7EE
:20F8A0000028E7D051F8230052F82370DAE7838803F03803102B1BD002D83BB98089704772
:20F8C000182BFBD0202B20D000207047164B808993F900305A1C06BF144B1B78DBB203EB3A
:20F8E0004302C3EBC20303EB830300EB43000AE00D4B808993F90130591C06BF0B4B5B7843
:20F90000DBB200EB431080B27047074B808993F902305A1C06BF054B1B7CDBB203EB8302F8
:20F9200003EB4203E1E700BF800600202C240020032870B518D80D4B03EBC002C943157915
:20F94000527901F0010181EA0504A2424FEAC0060AD053F830202AB190881268A94214BFF2
:20F960001083508333445C7170BD00BF006D002070B50023934200DB70BDD0E90245A54258
:20F9800008DB04694568AC4204DA661C06610568CE5C2E55C4680134C4600133EAE738B524
:20F9A000054608460C4642F0FBFC214602462846BDE83840DCE700BFB5EEC00ADFED947A30
:20F9C000F1EE10FACCBF30EE270A30EE670ADFED917A20EE270A2DE9F04FFDEEC07A8BB00A
:20F9E00017EE90AA8AEAEA75A5EBEA750023092DCDE904330693044649DC0DF11C0B8648C5
:20FA00005A46864BA3FB0563DB0803EB8303A5EB4305BAF1000F435D13704FF0000353705E
:20FA20005846B4BF2D2320238DF8103042F0B8FC012843D002284DD0032820D0594604A88E
:20FA400045F0D2F804A842F0ABFCC51EEDB22A4604A9204645F068F800236355204642F015
:20FA60009FFC2E23235405F1100301300DEB0301204445F0E6F820460BB0BDE8F08F3023DE
:20FA8000594604A88DF8113045F0AEF8DAE7634B632DA3FB05264FEAD60624DC0DF11C0B78
:20FAA0005D485A465D4BA3FB0673DB0803EB8303A6EB4306835D02F8013BA2E743F230020B
:20FAC0003023594604A8ADF811208DF8133045F08BF8B7E743F23003594604A8ADF81130FB
:20FAE00045F082F8AEE7A3FB0628B5F57A7F4FEAD80810DA0DF11C0B47485A46474BA3FBCC
:20FB00000873DB0803EB8303A8EB430810F8083002F8013BC6E7A3FB082942F20F729542B7
:20FB20004FEAD90910DC0DF11C0B3B485A463B4BA3FB0973DB0803EB8303A9EB430910F897
:20FB4000093002F8013BD9E7354AA3FB091095424FEAD0070FDC0DF11C0B2F485A462F4BB8
:20FB6000A3FB0713DB0803EB8303A7EB4303C35C02F8013BDBE7A3FB0723DB080193294BD4
:20FB80009D4210DC0DF11C0B23485A460199234BA3FB01C3DB0803EB8303A1EB4303C35CB8
:20FBA00002F8013BDBE7204B01999D424FF00A02B1FBF2F102910DDA0DF11C0B16485A46F2
:20FBC00002990A23B1FBF3FC03FB1C13C35C02F8013BDBE71549029BB3FBF2F38D420DF123
:20FBE0001C0B0BDC5A464FF00A0C0B48B3FBFCFE0CFB1E33C35C02F8013BE1E7B3FBF2F002
:20FC000059460393FFF7FEFC039B0246EBE700BF6F12033A00007A44CCA90508CDCCCCCC19
:20FC20009F8601003F420F0080969800FFE0F5050CF086B838B5054660B159B14C1E14F884
:20FC4000011F284619B9BDE838400CF08DB80CF077F8F4E738BD38B5084B1D6A04465DB18C
:20FC6000284642F09DFB29460246204644F0F1FFB0FA80F0400938BD0120FCE7006D002022
:20FC800070B5054640893BF051FB064B93F8246004462846FFF70BFE16B1E368184470BD02
:20FCA000A368FBE7006D002038B505460C46FFF7E7FFAA8802F0070302F4E072C02A29D10A
:20FCC000052B0CD8DFE803F0030B0F0B1B1BAA7901239340DBB2027814B11343037038BD54
:20FCE00022EA0303FAE7AA79012393409BB2028814B113430380F2E722EA0303FAE7AB7992
:20FD000001229A40036814B113430360E7E723EA0203FAE7052BE2D8DFE803F00303050588
:20FD200007070470DBE70480D9E70460D7E708B5034648B1202144F066FF034620B11A7894
:20FD4000202A00F10100F8D0184608BD08B5CB0701D4FCF711FE08BD2DE9F341124D134F46
:20FD6000002305F8253F044600EB8106B44203D10F4802B0BDE8F0813946284644F034FF06
:20FD80002146684644F05DFF4FF000082021684644F039FF28B96946284644F025FF04348E
:20FDA000E4E780F80080F1E7006D002022FC0508256D002010B58EB00C46694616F036FB03
:20FDC000089824B1431D0A22B3FBF2F3236060B107EE900A9FED060AF8EE677A80EE270A6A
:20FDE0000EB0BDE8104043F051BC0EB010BD00BF8096184B10B570EEA00A2DED028B20EECB
:20FE0000808A0446B0EE480A43F0D0F978EE407A9FED246ADFED246ADFED245A9FED245ABA
:20FE200027EEA77AE7EE066AA7EE255A9FED216ADFED215AA7EE266AFDEEC06AE7EE055A67
:20FE400016EE903AF7EE006ADA07E7EE066A67EEA57A05D5B1EE677AF0EE667AF0EE476A44
:20FE60009B0744BFF1EE677AF1EE666A87EEA67ABDEC028B00232361E360DFED107A84EDF2
:20FE8000007A77EE277AF7EE006AB0EE666AA7EE276AC6EE867A27EE277AC4ED017A84EDF8
:20FEA000027A10BD762FA7BC00D8813E4AD99E3DA04B25BFCEE99DBF8E0FC93FF304B53FEA
:20FEC00010B570EEA00A2DED028B20EE808A0446B0EE480A43F06AF978EE407A9FED236A8D
:20FEE000DFED236ADFED235A9FED235A27EEA77AE7EE066AA7EE255A9FED206ADFED205A6C
:20FF0000A7EE266AFDEEC06AE7EE055A16EE903AF7EE006ADA07E7EE066A67EEA57A05D5E2
:20FF2000B1EE677AF0EE667AF0EE476A9B0744BFF1EE677AF1EE666A87EEA67ABDEC028B15
:20FF4000DFED107A84ED007A77EE277AF7EE006AB0EE666AA7EE876AC6EE867A27EE277AAD
:20FF6000C4ED017A84ED027A10BD00BF762FA7BC00D8813E4AD99E3DA04B25BFCEE99DBF5D
:20FF80008E0FC93FF304B53F10B570EEA00A2DED028B20EE808AF0EE418AB0EE480A044662
:20FFA00043F004F978EE407A9FED266A9FED267ADFED265A9FED265A67EEA76AA6EE867A57
:20FFC000A6EEA55A9FED236ADFED235AA6EE876ABDEEC07AE6EE855A17EE103AB7EE007AA1
:20FFE000DA07A6EE867A67EEA57A05D5F1EE676AF0EE477AB0EE667A9B07B7EE006A44BFBD
:020000040801F1
:20000000F1EE677AB1EE477AC7EE876A0023E3602361C6EE287AF0EE465A36EEA77A68EEC1
:20002000A68AE6EE875AC4ED028A86EE257ABDEC028B66EEA77A84ED007A67EE877AC4EDEE
:20004000017A10BD762FA7BC00D8813E4AD99E3DA04B25BFCEE99DBF8E0FC93F08B5DFEDAB
:200060001D7A2DED028B20EE278AB0EE480A43F09DF8FDEEC07A38EE400A17EE903A03F074
:200080000202DB0760EE007A0FD59FED136ADFED136A9FED137AE7EE866AA7EEA67A20EEDB
:2000A000070A92B1BDEC028B08BD9FED0E6ADFED0E6A9FED0E7AE7EE866AB7EE000AA7EE8C
:2000C000A67AA7EE870A002AECD0BDEC028BB1EE400A08BD83F9223F4AD99E3DA04B25BF66
:2000E0008E0FC93F762FA7BC00D8813ECEE99DBFB0EEC07AF0EEE06AF4EEC76AF1EE10FAAD
:20010000B4BFF0EE475AF0EE665AF5EE405AF1EE10FAF0EE407A44D0F4EEC76AF1EE10FA41
:200120008CBFB0EE475AB0EE665A85EE256A9FED1E2A9FED1E3A9FED1E4ADFED1E4ADFED29
:200140001E2ADFED1E3A9FED1E5AA6EE423AE6EE223AA6EE034AF7EE005AE6EE044AE6EED9
:20016000235AA6EE245A85EE250AF4EEC76AF1EE10FA48BF9FED137AF5EEC00A48BF37EE59
:20018000400AF1EE10FA48BF9FED0F7AF5EEC07A48BF37EE400AF1EE10FA48BFB1EE400AA4
:2001A00070479FED070AE0E739094E3DE3B59E3E88FA163E45FE7F3F99FB243F69A2163EB6
:2001C000A7DFA834DB0FC93FDB0F49402DE9F04F144689B08846217801320392002900F028
:2001E0001681002507461E46A94609E03846C047039C01352178631C0393002900F08F808A
:200200002529F3D16078A31C3028CDE9033923D0A0F13003DBB2092B4FF0000A26D96C2897
:200220002AD078287FD8572878D9A0F15803202B79D8DFE803F0BD787878787878787878C6
:200240007882AF787878787878787878AA787878789E788A7878BD00A078E31C0393A0F1A8
:200260003003DBB2092B4FF0010AD8D804AA03A93DF038FC6C28D4D1039C22780134782A8C
:200280000394B7D8572A40F28E80A2F15803202BB0D801A151F823F0CF030108F5010108DE
:2002A000F5010108F5010108F5010108F5010108F5010108F5010108F5010108F501010846
:2002C000F50101083D030108EB030108F5010108F5010108F5010108F5010108F5010108E4
:2002E000F5010108F5010108F5010108F50101088D030108F5010108F5010108F50101086C
:20030000F501010875030108F5010108FB030108F5010108F5010108CF03010828B928462F
:2003200009B0BDE8F08F039C64E72528FBD1039C25213846C04701355CE7039C56F8041BEE
:200340003846C9B2C047013554E70DF1140B56F8040B039C5B4600220A21FFF7D5F8049AC4
:20036000CDF800B0534641463846FFF761F8054440E7039C56F8043B0093049A00234146A4
:200380003846FFF755F8054434E7039C56F8043B1D602FE70DF1140B56F8040B039C5946C1
:2003A000FFF7FAF8DBE7002AB9D0252AC0D021E7A0F15802B2FA82F20DF1140B56F8040B74
:2003C00052095B461021FFF79FF8039CC7E7A2F158020DF1140BB2FA82F256F8040B520934
:2003E0005B461021FFF790F8B9E70DF1140B56F8040B5946FFF7D0F8B1E70DF1140B56F833
:20040000040B5B4600220A21FFF77EF8A7E70D4685E7F8B5104C0746A06C0D461646A0B1C4
:200420000E49FFF707FCA06C3946FFF703FC0C49A06CFFF7FFFB0B49A06C33462A46FFF75C
:20044000C5FE0949A06CFFF7F5FB94F84C3013B1012384F84D30F8BD006D0020F0FB050872
:20046000CF15060831FC0008FDFB05080EB400B584B005AB019053F8042B0649039301A85C
:20048000FFF7A4FE019B00221A7004B05DF804EB03B07047B5F400082DE9F04F9146928823
:2004A0001D4602F4E073802B85B0074688464CD10026344636E0B9F8043003F00703013BA4
:2004C000042B04D8DFE803F006080B0E3E00AA5D5D490AE0AA57FBE735F81620F8E735F908
:2004E0001620F5E755F8262058496846FFF7BEFF08F1FF3BA345824608DDABEB040282422D
:20050000A8BF02466946381944F00EFB99F80620013AB242544404DDA345C4BF2C233B5546
:200520000134013699F80630B342C4DC08F1FF33A342A8BF2346002B36DB984534DD0022C7
:20054000FA5431E055F82620C2E702F00702052A49D8DFE802F003182D2F3246402B2A7800
:200560004DD049D9C02B64D0B3F5807F41D1284699F8071044F092FB354B002812BF0446CA
:2005800001241D464DE095F90020C02B51D0EBD893B3402B2DD1002A31DAB8F1000FC4BF0A
:2005A00000233B704FF0FF34204605B0BDE8F08F2A88EAE7B5F90020E7E72968402B0A4651
:2005C000E9D0CFD821496846FFF750FF08F1FF3282420446A8BF02466946384644F0A4FA78
:2005E000A4E72A68D1E7C02B22D0BDD81BB1402B04D000249AE71A461349E4E7002299F8CA
:200600000610144B03EBC10000799042C5DD53F8313053F82250002DBFD0284641F0C0FE47
:20062000044608F1FF32A242A8BF22462946D4E7002299F80630084DDA40084B12F0010FAC
:2006400018BF1D46E9E700BFADFF050896FF050801FC0508D86B05081C020608FEFF0508E6
:20066000F7B5114E07463046002300F84E3F0C460E4B0F49002F18BF1946154644F0B4FA5F
:200680000C4F04EB45054E36AC4202D10A4803B0F0BD394634F8022B6846FFF7E7FE6946BF
:2006A000304644F0A1FAEFE7006D002003FC05080CFC050815FC05084E6D0020F7B50C4E72
:2006C0000C4F002306F87F3F044600EB4105AC4202D1094803B0F0BD394634F8022B68466D
:2006E000FFF7C4FE6946304644F07EFAEFE700BF006D0020ACFF05087F6D0020F8B5084F87
:200700004E1E054601F11F0416F8012F28463946FFF7ACFEA64205F10205F5D1F8BD00BF23
:200720001AFC050803685A1C026019700368090A5A1C026019707047D0E9003293423DBF78
:200740005A1C026018780020704700BF10B50446FFF7F2FF01462046FFF7EEFF41EA0020CA
:2007600080B210BD70B50446FFF7E6FF05462046FFF7E2FF06462046FFF7DEFF01042046B8
:20078000FFF7DAFF41EA0621294341EA006070BD70B5054600686C68241A24EAE4749442EE
:2007A0000B46A8BF1446164601462246184644F0BBF9A64203DC2B6823442B6070BD321B10
:2007C0000021204444F008FA2B6823442B6070BDA0F13003092B07D920F0200041381928EA
:2007E0008CBF00200120704701207047303809288CBF002001207047413819288CBF0020DD
:2008000001207047613819288CBF002001207047202805D0093804288CBF00200120704716
:2008200001207047A0F14103192B98BF20307047A0F16103192B98BF2038704702B310B550
:200840008446841803E0981A15D1A44514D01CF8013BA3F14100192811F8010BA0F1410E8F
:2008600098BF2033BEF1190F00F12002EBD91B1A04D10028E9D110BD002010BD184610BD4F
:20088000104670472DE9F047DFF83C9006460D4600244FF00E0A40F2D1180AFB04F32A46BA
:2008A00059F8037030463946FFF7C8FF38B9384641F076FDA84202D1A0B2BDE8F08701344F
:2008C0004445EAD12046F8E7B879050870B5044608460D4641F064FD064602E014F8013F35
:2008E00043B1324629462046FFF7A8FF0028F5D1204670BD1C46204670BD00BF2DE9F0439C
:20090000064686469EF800C0BCF1200F7446ACF109050EF1010EF5D0042DF3D9BCF12B0F71
:2009200064D0BCF12D0F26D10127102A94F801C004F1010423D04FF0FF35B5FBF2F502FB00
:2009400005FE6FEA0E0E5FFA8EFE9046002014F801CBBCF1390F4CF02009ACF1300C29D838
:200960005FFA8CFC944528DAA84226461ED81BD000FB08C0EBE7102A4FF00007DBD1BCF116
:20098000300F0AD16078A0F14105192D98BF2030661C78280CBF023434466FF070454FF0B1
:2009A0000F0E4FF01008D1E7F445E1D94FF0FF301F40CCE7B9F1600F0AD801B10E6067B95D
:2009C00023B16FF00043984228BF1846BDE8F083A9F157095FFA89FCC4E723B1B0F1004F23
:2009E00028BF4FF000404042BDE8F08300279CE72DE9F0470E46B4B015468146002863D0CB
:200A00000378002B60D08F79322F5DD804464FF000084FF0150A2378B3B323461C4613F89C
:200A2000012B202AFAD07AB32C2A4DD047454BDDB38803F007032AFA03F3DB071DD52D2AA5
:200A400042D000230A2201A92046FFF757FF019BA34239D002AB019943F8280000220B7800
:200A6000202B0C4601F1010109D002B101942C2B07D108F101080134CDE70123E2E701229A
:200A8000EDE70BBB08F1010847451DD14C4503D914F8013C2C2B17D002A8044600218F4266
:200AA00004DC00239F421ADC01200EE0B28854F8043B02F00702032A0FD8DFE802F00302BB
:200AC0000B098033FF2B08D9002034B0BDE8F08703F50043B3F5803FF6D20131DFE7B28888
:200AE00002F00702052A06D8DFE802F0030308080C0C0268EA5401330430D3E7026825F8B6
:200B00001320F8E7026845F82320F4E701230A220021F3E670B50D461446FFF708F906469F
:200B2000A0B1FFF7F3FF40F634039842A8BF1846B0F5617FB8BF4FF46170A0F561731922BC
:200B4000B3FBF2F32B702378013323703046FFF7EEF80646A0B1FFF7D9FF40F63403984201
:200B6000A8BF1846B0F5617FB8BF4FF46170A0F561731922B3FBF2F36B702378013323702C
:200B8000304670BDF8B516461F460446394630464FF47A72002341F025FC3C4D3C4B054408
:200BA00083FB05602844E917C1EB601183FB01030B44384EC817C0EB631086FB003CC317DE
:200BC000354EC3EBAC0386FB03764FEAE37ECEEBE61EC1EB0116A5EB860CC0EB0015A1EBB3
:200BE0008501617103EB4301A0EBC10040F2B55101FB1E33B3F5896F84F806C020714FEAEE
:200C00008E0637DA40F2DA218B4239DCB3F5B77FB4BF4FF0000E4FF0010E20490EEB4E0084
:200C200001EBC0017546B1F8DE014FEA4E071C4907EB0E0C01EBCC0C0CF1160C0B2101E0D5
:200C40003CF8020D984212DD0139F9D11349774401EBC701B1F8C8010121013306F5FA6E8E
:200C60001B1A7544A170E37022812580F8BD0131C9B2F2E7032540F29650AE460627D6E781
:200C8000022540F22940AE460427D0E780BC92C789888888ABAAAA2A73B06D16D86B0508E7
:200CA000A06D05080388B3F5FA6F17D38378013B0B2B13D8C378013B1E2B0FD80379172BD7
:200CC0000CD843793B2B09D883793B2B06D80089B0F57A7F2CBF002001207047002070470C
:200CE0000C4B10B5D3E92A4354EA030209D1014640F201130020C1F80230887108800881F0
:200D000010BD054A1268121943F10003FFF73AFF012010BD006D0020CC130020154B10B40E
:200D2000D3E92A1251EA020383B015D100231A46114800240094009000991031009100993A
:200D40000A6001940190019A14320192019A136003B05DF8044B7047084B1B684EF66024D5
:200D600004FB00F05B1842F10002C31842EBE072DEE700BF006D002050280040CC130020BA
:200D800070B5914CB4F81035B4F81425B4F81815B4F81A05B3F57A7F88BF4FF47A7382B08D
:200DA00088BFA4F81035B4F81235B3F57A7F84BF4FF47A73A4F81235B4F81635B2F57A7F8A
:200DC00084BF4FF47A72A4F81425B3F57A7F84BF0023A4F81635B1F57A7F5DD94FF47A71DB
:200DE0008842A4F818156DD89A429CBF0023A4F8143581429CBF0023A4F81835B4F82835A9
:200E0000B4F82625714D9A4284BF0023A4F826356F4B1B880BB369796E4E0129B27859D9A5
:200E2000062A66D93179002940F0A8809FED6A7A6A490A7807EE903A06EE902AF8EEE77ABF
:200E4000B8EEE66AB379C6EE276A002B40F08D80B4EEE67AF1EE10FA59DC6A78032A2DD88F
:200E60005F4B03EB42132978C4F83035032921D85C4AE62301FB03222B7C5B49022B0A60EC
:200E800011D85A4A03EB830103EB410302EB4303C4F8343502B070BDB0F57A7F84BF0020E9
:200EA000A4F81A05A0E7514BC4F8343500222A7402B070BD00234B4A2B70DDE70022484BC4
:200EC0006A70D0E700219A42A4F81A1596D8A4F8141593E7B1790029A2D0072A62D0B3F53C
:200EE0007A6F9DD93D4908780228B8BF0220087096E73F4901EB820191ED8A7A3179002989
:200F000096D0531F032BA8D9002AA6D03CE027EE277AFCEEC77ACDED017A9DF8043007EEBA
:200F2000903AF8EEE77AB4EEE77AF1EE10FAC4BF0133DBB2A3B3102BA8BF1023DBB29342E3
:200F400038BF13460B7088E73279002A85D123499FED287A0A7807EE903A06EE902AF8EEBD
:200F6000E77AB8EEE66AC6EE276A37EE077AB4EEE67AF1EE10FA7FF770AFC8E7053A032A94
:200F80007FF66BAF9FED147AB7EE000A80EE070A42F07CFB3388834228BF034633805CE72B
:200FA0000123CBE70622B3F57A6FB270CCD90B4930790A78022AB8BF02220A7000287FF480
:200FC0004CAF9FED0C7A34E7006D00202C24002028130010CC1500206F1203389C25002003
:200FE000B06D0020306E0020A4250020C8710020D86B050817B7D1382DE9F04F954B83B025
:201000001B78A3F11702022A00AF05D9924A12F83310002940F0B182904CDFF8609294F8F1
:2010200040357B60002504F26C5A04F5B868DAF800B01BF0010640F068829AF90420142AC3
:2010400011D0584643F0BAFF1BF4003F00F05082012808D0082806DC002E00F059821BEA04
:20106000090F40F048827E497E483AF075F90023022084F8C43512F0FFFC94F8CC35D4F829
:20108000C865023B022B40F25782774D002800F03083764B94F81FA603F566794FF47A7801
:2010A0004FF0000E4FF0640B33F8082CB2F57A7FB3F8462088BF23F8088CB2F57A7F33F864
:2010C000062C88BFA3F84680B2F57A7F33F8042C88BF23F8068C33F8061CB2F57A7F84BF17
:2010E000002223F804EC9142B3F85610B3F8582098BF23F806EC914293F8672088BFA3F891
:2011000056E0013A632A93F8682088BF83F867B00132D2B2092A88BF83F868E003F161019B
:20112000002213F8320011F801CF0132844538BF81F800E0032AF4D1BAF1010F18BF83F82C
:2011400081E0E6339945AFD1DFF8348198F80230042B00F0B78243B9B8F80030B3F5F07F1E
:2011600084BF4FF4F073A8F80030FFF709FE40490020CA7968B9092A0BD0531E4FEA430CA5
:2011800003F003030CF0080CC3EB0313002A40F0E281B4F83226B4F830361343B4F8342653
:2011A00013431BB213B10123A4F83636314B3340002B00F0BD82F00700F16C82710400F197
:2011C000E681320740F154822B4A2B6816401340C4F8C8652B6016F4004300F02E82002333
:2011E00084F8473584F85735F00440F1308294F84336DFF89090012B84BF012384F8433694
:2012000009F178064B4602E006339E420CD01A780A2AF9D19978DA78914202D35A79002A56
:20122000F2D00A2023F0ECFD00234FF4806084F8C43512F021FC002800F06482DFF844A033
:20124000D3469BF8051051B39BF8000028B34B461DE000BFB0240020F4630508006D002029
:201260006C7200202C230608582400203A6E00206025002009600002FC9FFFFDBC02020048
:20128000CC1500204873002006339E4207D01A788A42F9D15A79002AF6D023F0B1FD0BF1DA
:2012A000060B5E45CDD198F80290B9F1080F00F0E48194F81F3694F80D25A3F10103B3FAC0
:2012C00083F35B0984F8C03694F82036A3F10103B3FA83F3032A4FEA531388BF002284F874
:2012E000C6362B6888BF84F80D25B34AC3F3C031907B84F8C316D4F8C825B0490B40114018
:201300002B60C4F8C815002800F0CE81AC4DAB88002B40F0C181AB4A1368B3F5000F24BF6F
:2013200000231360936823F4007323F0020313B140F2022393601379013B042B84BF01230E
:201340001371A9F10502A04B032A93F8009040F26B81B9F1000F1BD000237B60DFF894B258
:2013600005E0063DA5EB0805A94540F212815D461BF8010F0028F4D00BF034FC0028F0D030
:2013800082799307EDD57A680123002A40F0068198F8063013B1002388F8063094F8D91631
:2013A00094F8E52694F8D836914205D9002284F8D92653B1A4F8DC2694F8E4269A4204D2C4
:2013C000002384F8D836A4F8DC3694F8CE3794F8DA267E4DDFF820B29A4284BF002384F863
:2013E000DA3605F180092B4613F8032D02EB42025A4492F8448292F845E292F846C213F845
:20140000010F9979DA784045A8BF40467145A8BF71466245A8BF62469D4218709971DA70A1
:20142000EDD12035A945DED1D4F86425002A00F04381002001219AF800302C2B08D19AF803
:201440000130043301FA03F313421CBF9A4301200AF1060A5645EED108B1C4F864255C4EF8
:201460006D4606F10804334602E0A34200F0C88013F8012F072AF8D988B02022FF216846B9
:2014800043F0AAFB002306F8013F0133082BFAD1504B514E514CAD4603F142004FF0000E94
:2014A0004FF00A0C5A8819888A4208D29D88AA4205D8A94203D3DA88954240F216811E607F
:2014C0005C609A7A182ADA7A88BF83F80AE0642A88BF83F80BC016339842E3D1404B5A79AA
:2014E000022A01D100225A710C37BD46BDE8F08F01283FF7AFAD0AF10C0AD0457FF497ADFF
:20150000013D022D7FF6B3ADADE50135EDB298E51BF0400F3FF4A7AD1BF4057F07D07B6877
:20152000A3F10F02012AE6D95A1E062AE3D92D4A32EA0B02DFD096E558B190F904504FF0C9
:20154000FF0801E080F8088028460EF027FF0028F8D1254D9DE54FEA8C02A2EB9C02DFF863
:201560009CE0C2EB0212C3EB031392009B00AEF800004A818B810120FBE502EBC302536852
:20158000002B7FF449AD194A1723137044E5184A1BE67A680023002A3FF4FAAE98F8112040
:2015A000002A7FF4FBAE98F80520012A3FF4F0AE002B7FF4EDAEF1E62C2400209CD74118E8
:2015C00038250020A8250020D0110010B56D0020DE150020C8710020AE014A015E019A010E
:2015E000801500204000020058240020B0240020F4DFFFFDD3150020D86B05086825002090
:2016000088B0E8462022FF21404643F0E5FA4C4A12F8013F58F8231001317FF433AFA2429C
:2016200048F82330F4D133E7002288F80420B9F1000F72D001237B6090E694F84725002AE0
:201640003FF4D2ADF00484F857353FF5D0AD31067FF5CDAD3B4B1A78182A04D83A4BD34038
:20166000DA073FF5C4ADDFF8EC9009F17806DBE5B3047FF5B0AD354AA7E598F80630002BD5
:201680003FF417AE98F81130012B04BF022388F811300EE62E4A98E528780BF0A3FA002863
:2016A0007FF439AEA88036E641F4823143F48233C4F8C8152B6029E62C2023F0A1FBD4F8BE
:2016C0006425B6E62B6823F480532B60B8F8203026F48056B3F57A7FC4F8C865BFF445ADBE
:2016E0004FF47A73A8F820303FE59142BFF4E9AEE5E62B6826F0800623F08003C4F8C86510
:201700002B60C6E4D4F8C83523F00063C4F8C8352B6823F000632B6090E598F81130002B97
:201720007FF43CAE98F80530012B7FF437AE2FE62B6843F0080346F008062B6044E500BF66
:20174000DE150020B024002000410001F4BFFFFDF59FFFFD487300202DE9F04FDFF85C821C
:20176000854ED8F80C30DFF8589203F2DC534E4583B0C8F80C3080F0FC80012301937F4B75
:20178000DFF840B206F11C059F1C7C4B5988002900F0D5807A185A4580F0D1803C4608E03B
:2017A000118814460A44002900F0C9805A4580F0C680052940F2C38035F81C3C6188C3F36A
:2017C0000B039942ECD163799B07E9D155F8141C238894F804A00093304639F0BDFD35F8BA
:2017E0001C1CBAEB113F00F0B0800023019335F8181C55F8140C55F8044CC1F30B0139F091
:2018000003FE1C364E45206005F11C05BDD35C4C5C4B5D4FD4F8C8251A60FFF7EDFB3978FE
:201820005A4DE62204F5987301FB02337A782B6004F1B00303EB4213C4F830353B7C022B57
:2018400000F28D8003EB830203EB420304F5996202EB4303C4F8343522F0D0FF4C4B9FED93
:201860004D6A5B68DFED4C6A4C4A2D684C4E07EE903AF8EE677A284686EE277A67EEA67A29
:2018800082ED017AC2ED007A464A1360464A13604FF0FF33736027F06DFF284627F0BAF930
:2018A00023F0F6FA414B03F1780102E0063399425AD01A78002AF9D19D78D878854202D385
:2018C00058790028F2D094F84036327203EB830303EB83039B00642BB4F84426B8BF642381
:2018E000C8F80430642303FB02F2642AB8BF64220023C8E90223C8F820202D4AA8F824308C
:20190000C8E90433C8E9063388F82630294B93622AF040FDB4F8000894F8021823F0D0FD25
:2019200033F01CFF14F0E4FB234A01981268C8F80C20012388F8253003B0BDE8F08F55F8FD
:20194000141C304639F008FD4FE7009BA11D9A1F304639F037FD00287FF449AF45E70023B6
:201960003B7404F5996375E7FA7B003A18BF0122A9E7012301934AE7FC20060800400008D3
:20198000006D0020582400202C240020A42500202813001000247449BD3786353C16001088
:2019A000800600203816001038060020487300204819001030730020CC130020C0250020B2
:2019C000302906080080000838B5274B0122032804461A701AD9013010F0FF0042D0234AF5
:2019E000002341F2024100E030B10233402B22F8021B00F1FF30F7D11D4A1344FF2183F875
:201A00000418BDE838400E200CF0D6B8194B9FED1A6A5B68DFED196A194A1A4D07EE903AC6
:201A2000F8EE677AE62186EE277A00FB015516490870164928460B6067EEA67A82ED017A04
:201A4000C2ED007A124A1560124A136027F092FE284627F0DFF823F02DFF24F00FF8601CE4
:201A6000C0B2BCE70346C7E78419001004750020006D00202813001000247449BD378635AC
:201A80003C160010306E00202C24002038060020A425002038160010F8B5164D6B78BE2B35
:201AA00026D1022229464FF6FF70FDF721FC124FAC1C22884AB1A618BE4219D2052A17D941
:201AC0002146FDF715FC3446F3E721460222FDF70FFC0222A118FDF70BFC0634074B641BD9
:201AE000A3F8464841F60F53C31A58425841F8BD0020FCE70040000800800008006D0020FF
:201B00002DE9F0410768C7F30D04064688460CB3D8F8005039F0A0FD092840F08680454C8D
:201B2000236923F440732361236943F400732361236943F0010323613D6039F08DFD2369EE
:201B4000092823F0010323616FD133680433336000206CE0384B394A93422BD302F5804216
:201B6000934226D302F5804293424CD3344A93424BD902F58032934249D902F500329342D5
:201B800047D902F50032934245D902F50032934243D902F50032934241D902F58022934269
:201BA0003FD9B3F1016F3ED305203DF0A7FE3DF019F8082439F050FD092821D11D4D2B69F0
:201BC00023F440732B612B6943F400732B612B6923F0F8032B612B691C4344F002042C61FD
:201BE0002B6943F480332B6139F036FD2B6923F002032B612B69092823F0F8032B6187D091
:201C00004FF0FF3013E01024D4E71824D2E72024D0E72824CEE73024CCE73824CAE740240B
:201C2000C8E74824C6E75824C4E76FF00200BDE8F08100BF003C0240004000080040000871
:201C4000FFFF00082DE9F041594E3378B22B8AB073D1FFF721FF80F00104E4B2554B564D26
:201C6000B3F85332554FADF8043004F00104BD4265D3002C00F099800023CDE907330993A3
:201C80004F4B05969B1B06934E4B1A69002A04DA4D4A5A6002F188325A6001228DF82520F7
:201CA000F322DA6001A9022205A84FF000088DF824803FF0A3FF022201A94FF6FF70FDF7A3
:201CC00017FB3D4D0446BD4247D3022202A905A80025ADF808503FF091FF022202A9204673
:201CE000FDF706FB40BAC043ADF80C00022205A803A93FF083FF089878B107ABC0F10402E1
:201D00002946184442F068FF9DF9240018B907A905A8FFF7F5FE8DF824009DF8253023B127
:201D2000284A136943F0004313619DF92400B0FA80F040090AB0BDE8F08101248EE7A98813
:201D4000AB69A868D3F80080C1F30B0139F05CFB1C35804518BF012489E7AE888DF8118006
:201D6000C6F30B06B31DADF80C302B88C3F30B02ADF80E201B0B062203A905A88DF8103033
:201D80003FF03CFF062203A92046FDF7B1FAA9680446324605A83FF031FFA9682046324632
:201DA000FDF7A6FA1C3504468DE70120C2E700BF00400008D86B0508FC20060830290608CE
:201DC00000800008003C02402301674570B5164D164EFFF711F9EB6803F2DC530324EB6058
:201DE000FFF730FF58B13378B22B08D1FFF754FE013C0BD060B9FFF725FF0028F3D1013C98
:201E0000EED105203DF07AFD3CF0ECFE0028F8D0074A084B1068E8600121002285F82510DA
:201E200083F8482870BD00BFC025002000400008CC130020006D002008B50B490B4A012368
:201E40000B709373FFF7C2FFFFF786FC084B41F20241FF22A3F8041883F80628BDE808409B
:201E60000E200BF0A9BE00BF841900102C240020006D002090F88D30DFED6B6A6B4A07EED9
:201E8000903A90F8913005EE103A90F88F3004EE903A90F8903005EE903A90F89330F8EEB9
:201EA000E77AB8EEC55A04EE103A67EEA67A25EE265AF8EEE44AF8EEE55AB8EEC44A25EEB8
:201EC000275A64EEA64A65EEA65A24EE264AF0B5B7EE007A90F88C7064EE854A65EEA75AAD
:201EE00024EE274A00F16B06014602F11A050024B0EE476AB0EE473A137807EE903AF8EEE2
:201F0000E77A67EE857A67EE867AFDEEE77A17EE903AFA2BA8BFFA2323EAE3730B72537848
:201F200007EE903AF8EEE77A67EEA47A67EE867AFDEEE77A17EE903AFA2BA8BFFA2323EA02
:201F4000E3734B72937803EE903AF8EEE33A63EEA57A67EE877AFDEEE77A17EE903AFA2B9F
:201F6000A8BFFA2323EAE3738B72938807EE903AF8EEE77A67EE847A67EE867AFDEEE77A68
:201F800017EE903AB3F57A7FA8BF4FF47A7323EAE3738B812B68D5ED007A002BF8EEE77A8A
:201FA0003FDD90F8923002EE903AF8EEE22AB0EE436AA2EEE66A63EE863A83EEA76AA2EEC1
:201FC000A66A013465EEA77A67EE877A67EE867AFDEEE77A17EE903AFA2BA8BFFA2323EACC
:201FE000E373BC4206F8013F00DDF0BD012C13D190F88E3007EE103A90F8963006EE103AA3
:20200000B8EEC77AB8EEC66A27EE267A26EE266A0435083208316FE7B7EE007AB0EE476A3A
:20202000F6E7B7EE006ACCE70AD7233C2E6E050890F894306BB3B0F860308BB190F89520FD
:2020400002EB82036421C3EB0313B3FBF1F3A0F86030962312FB03F3B3FBF1F3A0F8623093
:2020600043884BB190F8953003EB8303C3EB03136422B3FBF2F34380B0F850304BB190F88C
:202080009530962213FB02F36422B3FBF2F3A0F85030704790F821304BB3438B83B190F877
:2020A0002230FA2213FB02F203EB8303B3F57A7FA8BF4FF47A7364218383B2FBF1F2428324
:2020C000838843B190F82230FA2213FB02F36422B3FBF2F38380C3884BB190F8223003EBDD
:2020E0008303B3F57A7FA8BF4FF47A73C380704770B50B4C002504F5777694F88C3013B195
:202100002046FFF7B7FE2046FFF792FF01353046FFF7C0FF042D04F1E604EED170BD00BFA5
:20212000306E002010B5064C4FF48072002104F6490042F051FD0023C4F84C3910BD00BFC1
:20214000006D0020034BD3F8500908B109F00CBE704700BF006D002008B50B46054902465D
:20216000D1F8500928B10449FEF730F8BDE80840E8E708BD006D002031FC0008024B014623
:20218000D3F85009FDF756BD006D00200048F5E7170B06080CB4C30607B500D561B9049863
:2021A00005A90191FFF7D8FFFFF7F0FF012003B05DF804EB02B070470020F8E708B5FFF7FA
:2021C000DDFFBDE80840E1E710B504460348FFF7D5FF2046BDE81040F0E700BF1FFC050831
:2021E00010B508460749FDF76BF9002815BF0124002405480548FFF7E7FF2046BDE810400E
:2022000009F08EBB24FC05082DFC050854FC0508034B0146D3F8500908B109F091BD70474C
:20222000006D00200CB407B510F020000BD079B92320FFF7EDFF049805A90191FFF78CFFE6
:20224000FFF7A4FF012003B05DF804EB02B070470020F8E70FB407B504A951F8040B01914F
:20226000FFF77AFF03B05DF804EB04B0704738B504460D46FDF7EFFC38B12A462146034819
:20228000FFF7E8FFBDE8384080E738BD70FC05080EB417B50446FDF7DEFC50B10748214612
:2022A000FFF7D8FF06A905980191FFF755FFFFF76DFF03B0BDE8104003B0704776FC050836
:2022C0002DE9F8431B4D2B6893B31B48DFF874801A4FDFF87490FFF771FFFFF733FFFCF779
:2022E00039FA00242B6883B198F800306BB93B6812485B68984740B113200BF05DFCFFF7CF
:2023000045FFBDE8F8430E4858E7FCF793FA4846FFF7A0FF792C04F1010602D1FFF736FFC2
:202320000026FFF70FFF6420F8F7F8FB3446D9E7BDE8F883781300207AFC05087C130020D6
:2023400094FC0508D51E0020121A06082DE9F04F8FB00B4611F8012B202AFAD0002AB24C3D
:20236000B249B348B34D08BF00232362FFF77FFFB149B248FFF77BFFB149B248FFF777FFC0
:20238000B149B248FFF773FFB149B248FFF76FFFB149B248FFF76BFFB149B248FFF767FFE5
:2023A000B149B248FFF763FFB149B248FFF75FFFB149B248FFF75BFFB149B248FFF757FF05
:2023C000B149B248FFF753FF9B49B148FFF74FFFB049B148FFF74BFFB04BB1491A68B148FE
:2023E000B14BB2FBF3F2FFF753FFB04A936813F0080F03F00C0300F0EA815168AC48C1F33A
:20240000805105EB8101EA18D1F87C32D2F88422A849FFF73DFFB4F85429A149A648A74F76
:20242000DFF84083FFF734FFB4F95629A449A548FFF72EFFA44AA249A448FFF729FFA44ADF
:20244000A449A548FFF724FFA44BA5489B7B05EB8303D3F89412FFF70AFFB4F846289849B6
:20246000A048FFF715FFA04BA04A9549A048D21AFFF70EFF94F8582991499E48FFF708FF16
:2024800094F859298E499C48FFF702FF9B4B8C491A889B4892B2FFF7FBFE00231E4694F8F6
:2024A0002B2502F00102002B00F0988132467C499448954FDFF8B0B2FFF7EAFE0126D4F89C
:2024C0005C390193B246019A0AFA06F313421CD0D7F808801BF806903A7BB8F1000F14D0B1
:2024E000914512D2894A8A4952F8262006A8FDF7BDFF06AA5F2012F8011B002940F08281DD
:2025000058F8291006A8FFF7B2FE0136062E07F10807D8D1DFF854827E4FD8F800307E4E7D
:202520007E4813F0800F0CBF39463146FFF79FFED8F800301B061DD594F87C1978480329CF
:2025400094BF39463146FFF792FE94F87C197548042994BF39463146FFF789FE94F88C398A
:20256000002B00F0548105EBC303D3F854136E48FFF77DFEFCF7DEF8026906464AB16B492D
:202580006B48FFF785FEB26845496A48120DFFF77FFE694B69481A6841494FF47A73B2FBD5
:2025A000F3F2FFF775FE03A8FEF79AFB38B103A906A83FF037FC624806A9FFF758FE02A9A3
:2025C0000220FDF7F7FB94F8906980462EB15D4B93ED030A41F05AF8064600210846FDF762
:2025E000E9FB594B36499A88642AA8BF642207465648FFF74DFE029A31495548FFF748FE1C
:202600002F4954484246FFF743FE2D4952483246FFF73EFE2A4951483A46FFF739FEB4F8C8
:2026200094394F486421A3E0006D0020A2FC0508ADFC0508D86B0508BBFC0508C4FC05085F
:20264000D5FC0508DFFC050833240020E6FC0508F7FC050803FD05080EFD050817FD050808
:2026600022FD05082CFD050839FD05083EFD05084EFD050856FD050866FD05086BFD0508D0
:202680007BFD05088BFD050896FD0508B7FD0508C1FD0508CEFD0508DAFD0508000E00200A
:2026A00096FF0508DEFD050840420F0000380240ECFD0508E6FD0508FAFD05086CFE050824
:2026C000ADFF050802FE0508000800000EFE0508F0FF0010940B060819FE05082C240020D3
:2026E00024FE050831FE050800400008008000083DFE05084DFE050857FE0508B0160020B7
:2027000061FE050877FE0508E06E0508106F050882FE05081C020608FEFF050888FE05088E
:2027200094FE0508A2FE0508B1FE050858000608BDFE0508CCFE0508CC130020DAFE0508A8
:20274000E3FE05088006002084190010F0FE0508FDFE05080BFF050818FF050823FF0508CB
:2027600032FF05085C2500203C06002058240020B3FBF1F201FB12339BB23049FFF788FD69
:2027800094F8A4292E492F48FFF782FD94F8A5392D4805EB8305D5F88813FFF768FD2B48F0
:2027A000FDF759FA054668B12948DFF8B490DFF8B4A0FFF7E3FC274B1E684FF0010846BBA1
:2027C000FFF7E4FC002323620FB0BDE8F08F2B442148D3F88412FFF74AFD1CE6002A3FF4C3
:2027E00065AE0122394606A8FDF740FE98F8003005EB830306A8D3F89C12FFF738FD013685
:2028000001234CE62D2908BF02F8010C73E61349ADE696FAA6F7B7FA87F708FA07F726EA8A
:20282000070615B94846FFF7A9FC38460BF0AAF901465046FFF70EFD0025C0E7600206085E
:20284000ADFF05083CFF05084AFF050858FF05086DFF050898250020ECFD05089AFC0508CE
:2028600022FC05088C1506080FB407B504A951F8040B0191FFF770FCFFF788FC03B05DF884
:2028800004EB04B070472DE9F843838803F4E072802A49D009D822BB03F00703052B1BD898
:2028A000DFE803F0171A171A0A10C02A43D0B2F5807F3CD0BDE8F883D0F806102048BDE828
:2028C000F843D1E7D0F8062051421E48BDE8F843CAE70289C188F8E7B0F90820B0F906104A
:2028E000F3E78579184E1948FFF748FC06EBC502002492F804800123A04502D8BDE8F84352
:2029000044E456F8357057F824204FEA84094AB113B90F48FFF732FC57F809100D48FFF74E
:2029200099FC00230134E7E781790B48C7E7C27981790A48CAE7BDE8F843094894E700BF3E
:2029400083FF050899FF0508D86B0508B0FF0508FE0106088C150608C1FF0508D2FF0508D0
:20296000E9FF05082DE9F04385B0FBF7E3FE026983890188029282680192428800924268FA
:20298000254EDFF8B480DFF8B490244F05462448FFF76AFF002414B92248FFF70FFCD8F8E9
:2029A00000309C4213DA3378052B96BF09EB83030022D3F89C23B388009373882146384618
:2029C0000134FFF751FF062C06F10606E3D1164B1A78164A14781A78944213D91E78A61B09
:2029E00000243BF0A5F8124B41881A68838811485B1A69683444224403FB011105B0BDE851
:202A0000F04331E71A78944235BF1E780024C6F180062646E5E700BFA87600206B0006086A
:202A2000010006085F00060874130020D81E0020701300207A000608CC1E0020D86B0508D8
:202A40000249034801F521610EC90DE70070FF1F9700060870B5134C134D144E002294F876
:202A60002F3503F0010302B170BD002BFCD001212846FFF7F9FE752029F02CFF0146304611
:202A8000FFF7F2FE1A2029F025FF01460848FFF7EBFE1B2029F01EFF01460648FFF7E4FE85
:202AA0000122DCE7006D0020AB000608B7000608CA000608DD0006082DE9F04FBD4BBE49FE
:202AC0001A68BE48BE4BB2FBF3F299B0FFF7C2FBBC4BDFF8B8C30FCBDCF808700CAD85E832
:202AE0000F00380748BFDCF80440B74B07934FEA970EB64B089348BFC4F3805418AB1EF0F0
:202B0000020F18BF03EB8404C7F3810603EB860618BF54F8442CAE4C08BFAE4A56F8301CB6
:202B2000AD48AE4DAE4EFFF795FBB4F854294FF47A73B2FBF3F103FB11220A20B4F95639A2
:202B400092B2B2FBF0F2A748FFF78EFEA64AA749A748FFF77FFBFFF719FBA64BA64A997BF3
:202B6000A64BA74805EB8101D31AD1F89412B4F84628FFF779FEFFF709FBA248FFF7FEFA4E
:202B800094F85819A048FFF765FBA048FFF7F6FA9F4B94F859191A889E4892B2FFF75AFB2D
:202BA000FFF7F4FA9C499D48FFF754FB00231A469B4F94F82B1501F00101002B00F0B581A5
:202BC000002A40F0E9819748FFF7F8FA0126D4F85C89954FDFF8B8A2B14609FA06F313EA8D
:202BE000080F19D0BB681AF80620397BA3B18A4212D253F822208D4B8D4853F82610FFF711
:202C000029FB012E06D18B4B93F8251011B18A48FFF720FBFFF7BAFA0136062E07F1080733
:202C2000DBD18648FFF7AAFA854B1B681A0640F10D8294F87C39032B8CBF82488248FFF709
:202C40009DFA94F8CC359A1E022A00F2A88105EB8303D3F8C403FFF791FA94F87C39052B57
:202C60007FD1FFF793FA94F8FC197848784FFFF7F1FA002294F8146A13461146964200F2D2
:202C8000D78123B1B1FBF3F17248FFF7E3FAB4F8DA2942B16423B2FBF3F103FB11226E484A
:202CA00092B2FFF7D7FAB4F8DC2942B16423B2FBF3F103FB1122694892B2FFF7CBFA94F8E0
:202CC000983A9B0740F1BE81D4F8D009D4F8CC39404F6349D4F8D46937EA200A28BF8A4654
:202CE00083EAE37C0028B8BF4042ACEBE37C37EA260B28BF8B465B4BB0FBF3FE002EB8BF00
:202D000076424FF0640903FB1E00B6FBF9F809FB1866CDE90486BCFBF3F2CDE9020BCDE9BA
:202D200000AED4F8CC0903FB12C311EA200138BF39464D48FFF78EFA94F8123A8BB194F82C
:202D40000E3A029394F80D3A019394F80C3A009394F80B3A94F80A2AB4F8081A4348FFF7EA
:202D600079FAFFF713FAFBF7E5FC016921B182683F48120DFFF778FDFFF708FA3D493E48CF
:202D8000FFF768FA3D493E48FFF764FAFFF7FEF9FFF7FCF93B4B3C4819684FF47A73B1FB3C
:202DA000F3F1FFF757FA09A8FDF79AFF002879D070E000BF000E0020CEFD0508F000060826
:202DC00040420F008C6F05080201060807010608006D0020190B06080C010608D86B050809
:202DE0002813001014010608F0FF001000080000360106082C2400200080000800400008D9
:202E0000480106085F0106087101060879010608B01600207B0106088F0106089401060834
:202E2000FE010608B3010608E06E0508106F0508F019060884190010B8010608BC01060886
:202E400058240020C2010608CE0106083B02060818770020460206085802060868020608F8
:202E600001FC05088096980078020608B2020608DF02060896FD0508FA020608BBFC0508F3
:202E80006E0A0608CC13002008030608003802403C06002009A910A83EF0C4FF754810A9E7
:202EA000FFF7D8F9FFF772F906A90220FCF782FF94F8906907462EB16F4B93ED030A40F07D
:202EC000E5FB064600210846FCF774FF6B4B069A99886429A8BF6421CDE900603B466848BA
:202EE000684EFFF7C1FCB4F8942967486423B2FBF3F103FB112294F8A53905EB830592B2E2
:202F0000D5F88833009394F8A439FFF7ADFC5F48FFF734F95E4B1C680125002C40F09A80FB
:202F2000FFF734F919B0BDE8F08F00293FF448AE12B13846FFF722F956480121FFF78AF9A4
:202F4000554B50481B7805EB8303D3F89C12FFF781F996F8E632D90702D55048FFF77AF9E9
:202F600096F82031032B09D04D48FFF773F996F82031012B02D14B48FFF76CF9F36C43B155
:202F80005B7B012B05D94848FFF764F901231A460EE601231A460CE6FFF7F8F816E602207C
:202FA00010F08AFD0646C8B94048FFF7E7F894F87C39042B33D83E48FFF7E0F894F8CC3504
:202FC000012B7FF44AAE94F88C397BB305EBC303D3F854133748FFF73DF93EE690F9040097
:202FE00039F034FB074632F0A5FB05EB80003946D0F8D4233048FFF72DF994F8CF35012B6C
:2030000004D12E48FFF7BAF82D48CEE7B3792D4805EB8303D3F8D413FFF71CF9F4E794F858
:20302000CE350BB92848C7E72848C5E72849D1E707EB8200C07818B10144013389B2DBB2B0
:2030400001321BE62348FFF799F875E62248FFF795F886E694FAA4F0B0FA80F005FA00F06B
:2030600024EA00040AF08EFD01463046FFF7F2F853E700BF2203060880060020841900109D
:2030800035030608370206087B030608A003060898250020990106085C2500207A150608A3
:2030A0009E010608A6010608AB010608DE010608010206082B020608E8010608F8010608BD
:2030C000FD010608FD0D060810020608200206089AFC0508A4020608D30206082DE9F04FED
:2030E000DFF89CB1DFF89C9199B0F7F797F9DBF89C3A099399F803300446002B00F09F8054
:203100005248534FFFF75AF80026B0460AA9F0B213F08CF99DF83030002B3ED0129D55B14F
:2031200007EE905A9FED4B0AF8EE677A80EE270A40F0ACFA05460A9A47483146FFF78AF826
:2031400099F80330DDE913A2002B7AD017990791159906910A23169905914FF47A701099E6
:20316000B1FBF0F104919AFBF3F103FB11A0CDE9021092FBF3F103FB1122CDE90012374854
:20318000119AB2FBF3F329460F9AFFF76DFB0023C7E90F33D0447B62BB6301361B2E07F1DF
:2031A0004807B3D199F80330002B41D02C4D099ED5F84821D5F84C31D5E95010A41B4FEA86
:2031C000D202C5F84C0112D0C31A07EE103ADFED257AB8EEC77A27EE277A07EE904AF8EE56
:2031E000E77AC7EE276AFCEEE67A17EE904A0A26B4FBF6F306FB13444FF47A770094B0FB6C
:20320000F7F001901848FFF72FFB98FBF6F1174806FB1182FFF728FB154B1B78432B04D1FA
:20322000D5E954211348FFF71FFB0023C5F84031F7F7F4F8CBF89C0A19B0BDE8F08F0E4819
:203240005FE70E482946FFF70FFBA0E7B6030608A07700208096184B1E0406082D040608F6
:20326000F87D002000007A445D0406088F040608850D0020A0040608140406082815060816
:20328000006D00202C24002070B5064D064E002435F8021B30460134FFF7E6FA0B2CF7D177
:2032A00070BD00BFEC6F050896FF050870B5224C2248FEF763FF94F89039002B37D0204BD2
:2032C00093ED030A40F0E2F901461E48FFF7CCFA1D48FEF753FF1D4B94F859051C4A002861
:2032E0000CBF10461846FEF769FF94F8593513B3184C1948B4F80611184E194DFEF7AAFF20
:2033000094F8040100280CBF30462846FEF756FFB4F808111348FEF79DFF94F80501002890
:203320000CBF30462846BDE87040FEF747BF0E48FEF744FFCCE770BD006D0020DA040608A7
:2033400080060020F404060803050608FEFF05081C0206088419001014050608D3040608BC
:20336000CA0406083B050608F90406080EB403B503AA52F8041B0192FDF74BF8064BD3F8A2
:2033800050291AB90549986CFCF754FC02B05DF804EB03B0704700BF006D0020170B060870
:2033A0002DE9F041C2B00E46804614461F4602A813460A464FF48071FDF76EF802A8FEF7FB
:2033C000DDFEB38803F4E075802D0DD003F00703052B3ED8DFE803F0030B0F1114292478FD
:2033E000002D3CD0402D12D042B0BDE8F08194F9004045B933E02488FBE7B4F90040F8E705
:203400002468002D3ED0402DEED1002C17DBB279224B03EBC2010979A14210DD53F8323053
:2034200053F82430002BDFD109E02468002DEAD1D6F80610A14202DB4B42A34226DDFEF7A7
:20344000A5FE326816492346404642B0BDE8F0418CE71DB1402DC7D10024D8E72C4601A9D4
:203460006A463046FCF7CCF90968A142E7DC009AA242E4DB002FB7D00A4842B0BDE8F0414A
:20348000FEF7E8BED6F806108C42D8D8002FABD0054842B0BDE8F041FEF7DCBED86B050891
:2034A00061050608421306085B05060870B50546084616460C46FCF7E3FB33460246214662
:2034C0002846BDE870406BE70EB403B503AA52F8041B0192FCF79DFF044B0549986CFCF791
:2034E000A9FB02B05DF804EB03B07047006D0020170B06080049E7E77B050608F8B506466D
:2035000008460D46FDF702FB20210446284641F07AFB034618B93046BDE8F840EAE7013308
:203520001D4613F8012B202AFAD0114F114E3B7832789A4201D0FBF7CFFA0F4B28461C6015
:203540003EF02EFF012201462846FBF76DFA3B7832789A4201D0FBF7BFFA28463EF020FF6F
:2035600022460146BDE8F8400448FFF77DB900BF74130020D81E0020701300209205060883
:203580002DE9F041064688B008460D46FDF7BEFA20210446284641F036FB20B9304608B0B1
:2035A000BDE8F041A6E7FDF7B1FA2246054601460F48FFF759F985B1202D2A46694628BFE7
:2035C00020222046FBF7D0FAE84606460027B74208DBAD1B3444002EEDD1FEF7D7FD08B05D
:2035E000BDE8F08118F8010BFEF712FE0137EEE7A805060810B504460748FEF7DFFDFBF7AB
:20360000B1FD20B1BDE810400448FEF7D7BD20460349BDE8104057E7C0050608CA050608CC
:20362000D20506082DE9F041144B1B6888B00446F3B11A6804A9D56A18466A46A84706469F
:2036400088B1DFF8448004AC6D46002735F8022B34F8021B40460137FFF706F9BE42F5DCE5
:2036600008B0BDE8F08106492046FFF72DFFF7E7044908B0BDE8F04126E700BFF8250020E3
:20368000F30506080B060608D905060870B5054608460C463EF084FE024668B10F2804D1EC
:2036A0000848214641F0D5FA30B12846054B064A0649BDE8704007E7BDE8704001490448E7
:2036C000FFF7D2B87BFD05088BFD0508120606083C06060870B5054608460C463EF060FE3E
:2036E000024668B1042804D10848214641F0B1FA30B12846054B064A0649BDE87040E3E679
:20370000BDE8704001490448FFF7AEB866FD05086BFD0508120606084A0606082DE9F043B0
:2037200007469BB008460C463EF03AFE20220646002101A841F050FA2EB3402E07D03B496E
:203740004023324638461BB0BDE8F043BCE601AD04F140084FF0000902222146684641F02E
:203760008AFA0023102209A968468DF80290FDF7C5F8099B0DF10202934223D10234A045BE
:2037800005F8010BE8D109AC41220021204641F023FA274D002E3CD095F85861D6B12022BD
:2037A00005F2591101A841F09BFA98B105F259112046FCF7A3FF1F4A1F4923463846FFF7E6
:2037C00083FE04E01A781D493846FFF77DFE1BB0BDE8F0831A4B93F82430D3B9CEB9194EFC
:2037E00001AB1A4603CAA24230607160134606F10806F6D101232046124985F87931FCF787
:203800007DFF1148FEF7E0FC10482146FFF72CF8DDE795F879311BB995F85831002BF3D056
:2038200008492046FCF76AFFEEE700BF5D060608F87D00209B060608120606087F06060873
:20384000006D0020517F0020A5060608B40606082DE9F74F834608460C463EF0A1FDDFF802
:2038600018810646D8F8C87528B1024633492046FCF7E4FF80B93946314838F06BFE314941
:20388000314821EA070138F065FE3049304803B0BDE8F04F38F05EBE23782D2B2D4B03BF18
:2038A000013406F1FF364FF0010A4FF0000A4FF000094FF0FF3553F8041B51B1324620460F
:2038C0000193FCF7BBFF019B00280ABF4D460021012109F1010989B9B9F11D0FEBD11E4905
:2038E0002246584603B0BDE8F04FEDE53B43C8F8C8351A491A4B12E01A4913E0114A01238F
:20390000AB401A40002AF7D007EA0302BAF1000FECD027EA0303C8F8C8351349134B002A4D
:2039200018BF1946124B134803EB8503D3F82C2403B0BDE8F04FFEF797BF00BF190406083C
:20394000EC0606089CD74118F60606086328BEE7020706080470050810070608E4060608AC
:20396000DD060608C1060608CD060608D4060608D86B0508320E0608006D00202DE9F74F31
:20398000019008460E46174698463EF009FD0446E8B93F483F4DFEF75DFC20460CF090FC4B
:2039A0003B68184206D020460CF09CFC01462846FEF750FC0134172CEFD13B6813B936481F
:2039C000FEF7DCFB03B0BDE8F04FFEF7DFBB024632493046FCF732FF0546A8B93048FEF77F
:2039E000CDFB2C462F4D20460CF06AFC10EA080F06D020460CF076FC01462846FEF72AFCBE
:203A00000134182CEFD1DDE733782D2B03BF013604F1FF34012500254FF0000948F4000BAB
:203A200048460CF05FFC2246824601463046FCF705FF00BB48460CF043FC1BEA000F1AD03B
:203A40008DB1B9F1170F1CBF3B6840EA03081648C7F80080FEF792FB1248514603B0BDE83D
:203A6000F04FFEF701BFB9F1170F1CBF3D6885433D600E48EEE709F10109B9F1180FCFD1FD
:203A80000B490198324603B0BDE8F04F1CE500BF21070608360206082B0706081904060883
:203AA0003207060837020608D4060608E406060810070608014A40F202235FE7B025002096
:203AC000014B024A5AE700BFFFFF7F00A8250020064B10B50446D3F87C0131F0ABFD20B99A
:203AE00020460349BDE81040EEE410BDF87D00203D07060870B5054608461646FDF706F88D
:203B00000D4B041E1A780EDB944205DA0B482146FEF7AAFE204670BD2EB1FF2C03D10848E3
:203B2000FEF7A2FEF6E70749013A2846FFF7CCFC4FF0FF34EEE700BFD011001053070608FD
:203B400064070608770706082DE9F04F074691B08248834D0E46FEF787FE8249C5F880D13C
:203B6000002385F884310622012309783046402485F8854108F0B2F80A20F6F7CFFF95F8F2
:203B800084310C2BDAB240F2E4809DF80C60FE2E2CD0FF2E15BF0F24152400250125944260
:203BA00040F0D780611EC9B2684633F09FF904F140030DEB030414F8413C834240F0C48022
:203BC0006A1E012A9DF80D3012D903F01F0761375C096548FEF7D2FA022D39D0013C042C4C
:203BE00034D8DFE804F00B2D2F3331000225D6E79DF80E709DF80F401E46EAE75B48DFF8A9
:203C0000C491DFF8C4A1DFF8C4B1FEF7D7FA5848FEF7B4FA6C464FF0000814F8011B48460F
:203C200008F10108FEF716FBB8F10C0F16D00AFB08F3B3F1553FF0D85846FEF79FFAECE7D3
:203C40004C48DCE74C48DAE74C48D8E74C48D6E700238DF83F300DF11F00D0E7FEF796FAA4
:203C6000022D3AD06422B6FBF2F102FB11623B464448D2B2C9B2FEF7F7FD85F001035B4276
:203C8000DBB2012B59D8404A404B9DF810104048404E00290CBF11461946FEF7E5FD9DF844
:203CA00011103D4B3D4800290CBF31461946FEF7DBFD022D41D19DF812403948FEF75EFA49
:203CC0008CB1FF2C1FD00A23B4FBF3F103FB11423448D2B2FEF7C8FD08E033483A46314668
:203CE000FEF7C2FDCFE73046FEF768FA9DF813402E48FEF743FA44B1FF2C21D02C48214611
:203D0000FEF7B2FD04E02B48EEE72248FEF756FA204E214FDFF89C800DF11305002415F80C
:203D2000013F7BB1FF2B14BF3A464246214622480134FEF799FD042CF1D111B0BDE8F08FAA
:203D40001C48E3E73246F1E71C493846FFF7BCFBF3E71B48FEF732FAEFE700BFBD07060890
:203D6000F87D0020D0110010CE070608D9070608FF070608E0070608E8070608F0070608E1
:203D80009AFC050811080608A60706089D07060848080608AD0706087F1706085F080608B3
:203DA000660806087A0806082D08060882080608ADFF0508B1070608920806089D08060842
:203DC000AD0806081AFC0508ABAAAAAA01FC05082DE9F843DFF8A49007460C4620463EF0BB
:203DE000DFFA064658B91D4B1D481A781D4B03EB8203D3F89C14BDE8F843FEF735BD0246C9
:203E000049462046FCF71AFD60B1DFF86480002558F8041BB1B9224638461349BDE8F843B7
:203E2000FFF752BB1148124C124DFEF7A7F954F8041B19B12846FEF70DFAF8E7BDE8F84376
:203E4000FEF7A4B932462046FCF7F8FC01350028DED1024B084C1D70C0E700BFB0240020B6
:203E6000B6080608D86B050810070608320706087870050837020608190B06081904060821
:203E800038B50D4604461A4905222846FCF7D6FC68B9184B93F84C2022B9012183F84C108C
:203EA00083F84D20BDE838401348FEF787B9134903222846FCF7C2FCA0B90E4D95F84C3010
:203EC00063B195F84D304BB10D492046FFF7FCFA002385F84C3085F84D3038BD0948FEF7CF
:203EE0006DF9F5E720460849BDE83840FFF7ECBADD160608006D0020C00806085318060833
:203F0000D60806080D0906082109060870B5184C94F84C3005467BB194F84D3063B11549D6
:203F2000FFF7D2FA28461449FFF7CEFA002084F84C0084F84D0070BD104B93F87921AAB17D
:203F400093F8582192B903F2591203F5C47503F27916106851682C4603C40832B2422546FA
:203F6000F7D1012283F8C32109F0E2FB0120E2E7006D0020D608060830090608F87D0020E2
:203F800008B5034610460AB9002008BDDB0601D50029FAD0FEF718F9F6E7F8B50D4E96F8FA
:203FA0002430054693B9F8BD25B12388C3F30B039D4204D0D4E90201A28840F0B5FD1C344D
:203FC000BC42F1D3002386F82430ECE7024C034FF6E700BF006D0020FC20060830290608FD
:203FE0002DE9F04F164685B0CDE902011A4600213046FFF7C5FFDFF8C4A001900024FEF78C
:20400000A1F80E2303FB04A3039A9B8803F03803934203D0002A44D1182B42D14FF00E0BAE
:204020000BFB04A9B9F80A0037F080F980464846FBF73DFCD8E902210746024401444846A9
:20404000FBF7EEFB80F00101019A0546C9B23046FFF796FFF206019000D515BB0BFB04FB7E
:20406000B3065AF80BB00ED56DB912485946FEF7F1F8D8F8082002982B463A444946FFF794
:204080008FF9FEF783F80C485946FEF7E3F8D8F80C20029800233A444946FFF781F9FEF73A
:2040A00075F8013440F2D1139C42A8D105B0BDE8F08F00BF4E0906084F090608B879050850
:2040C0000149FFF701BA00BF5909060838B50C46054615492046FBF7F3F930B9FEF708F8AC
:2040E0001248BDE83840FEF769B811492046FBF7E7F9A0B90F4B83F8BC0183F8C40183F8FB
:20410000A20283F8AA0283F8880383F8900383F86E0483F8760483F82D050748E1E72846AC
:20412000BDE83840CCE700BF680906086E09060889090608006D0020910906082DE9FF47BB
:20414000074608460D463EF02BF9082845D105F1FF3801AE073531464246B14612F8010FB1
:20416000FCF766FBAA4201F8010BF7D10023DFF880A08DF80C30A84517D11C49484628F077
:20418000A9F81A481A49082310F8012B11F8014B10326A44013B02F80C4CF5D115488DF8DF
:2041A0000C3001A9FEF760FB14E018F8010FFCF73FFB06F8010B04460146504640F023FD07
:2041C00028B12146304640F01EFD0028D3D03846FFF776FF04B0BDE8F0870028D1D0384613
:2041E00004B0BDE8F047FFF785B900BF3872002028BA0508AD09060807B5009313460A46C7
:204200000249FFF761F903B05DF804FBB409060820B10078B0FA80F04009704701207047F6
:204220002DE9F74F81460846FFF7F2FF0E460546F0B14F4D0024092C4FF00A0188BF31230C
:20424000B4FBF1F201FB12428ABF8DF8043001AB0DF10503AA5C1A7000225A7001A9484614
:204260000134FFF7DDFF122CE5D103B0BDE8F08F0846FCF74BFCC4B2112C70D8701C3D4DD3
:204280003D4EFBF754FD05EB4408670098F8C4A18346B8B9AAF102014B424B413D4495F8B9
:2042A000C421B25C002B53D095F8C531192040F2EE2100FB03133148214603B0BDE8F04F38
:2042C000FEF7D2BA0178304640F09DFC78B1032C94BF002201222A4902EB4202831B0A4425
:2042E00052FA83F393F810A5BAF1030F04D1484603B0BDE8F04FE3E65846FBF718FDF0B1F6
:20430000BAF1020FF3D1FCF701FC40F6CA0380B29842A8BF184640F2EE239842B8BF184667
:20432000A0F2EE201923B0FBF3F088F8C501AAF1020253425341EA1982F8C4A1AEE7BAF1E3
:20434000020FF4D1484603B0BDE8F04FFFF7D2B80C48214603B0BDE8F04FFEF785BA0A4909
:2043600011232A46484603B0BDE8F04F44E700BFCCA90508F87D002048BC0508CD0906087E
:20438000D86B0508DD090608EA0906082DE9F04F03469FB00846FFF73BFF054628B11846EB
:2043A0001FB0BDE8F04FFFF7A5B8DFF8C0920990FF238DF82030D9F87C31ADF82800CDE93D
:2043C000030093F838200B908DF830200D90ADF838000F93079107464FF0FF38924907A886
:2043E00040F0B0FB044618BB904F014608AC0B018F481A57002310F9016BB24240F0D28089
:2044000010464E1C38F022F9314602463846FEF72BFA022E4FF00101E9D19DF930A09DF91B
:204420002030534540F0C5808248FEF71DFA4DE02378002BD2D0032FD4BF00260126062F6D
:2044400000F2A980DFE807F00447509104475000042F10D078492046FCF738FA58B14FF411
:2044600080600FF029FB002800F0B38190F90400012304930AE071492046FBF721F870B967
:20448000D9F87C3193F93800042F22D00F9B0F931EAB03EB061606F8580C01379EE7204611
:2044A00037F0A6FF0028EFDA01230A2210A92046FCF724FA40B2002803DB109B1B78002B5E
:2044C000E2D05F482246711CFEF7CEF91FB0BDE8F08F0023DBE72046FCF718FB1EAB03EBD7
:2044E000061646F8540CD8E756492046FCF7EEF95549B0F1000A204618BF4FF0010AFCF7A1
:20450000E5F908B14AF0020A3301DFF864C105931EAB03EB0616BCE80F0006F850AC10AEB8
:204520000FC6BCE80F000FC6BCE80F000FC69CE8030086E8030000260DF1400AB346DAF865
:204540000010204640F0B6FB10B19AF804301E430BF1010BBBF1070F0AF1080AEFD1059BE5
:2045600078336B4403F84F6C97E738492046FAF7A7FFA0B136492046FAF7A2FF00288CD0E3
:204580002046FCF7C3FA0328804686D901463148FEF76AF99AE730482246082194E7012374
:2045A00003937AE70133072B7FF425AF2B4801318AE7099B1BB9AAF11402554255410023C8
:2045C0005F1CE368002B60D194F900B058460BF0E5FED4F8049018B10668002E40F0898002
:2045E000B9F1000F237A14BF4E464FF46146666023B91B48FEF738F903232372627A2AB177
:20460000184805923946FEF72FF9059A0192237A0093002233461146584638F099FFE06015
:2046200040BB11483946B3E722FC0508740A0608ED630508910A06080D0A0608180A0608FB
:204640001C0A0608370A0608AC1706083A0A06082D070608400A0608580A06087F0A060813
:20466000AA0A0608C50A0608E00A0608F87D0020F07005085849594A5948B9F1000F18BF2C
:204680000A4633463946FDF7E5FD022F04F110044FF0010394D10F9E0B9F4DB15148FDF738
:2046A0008DFD33681B6A1BB14F493A4630469847039B002B50D04D49474BBAF1140F18BF61
:2046C00019464B48FEF7D0F8BAF1140F09D1039B002B43D03368DB691BB1464900223046D5
:2046E0009847049B002B43D100223146384637F097FEE660B9F1000F2CD04946304603F037
:20470000BBF93D4AB3683D483946FEF7ADF894F80890B9F1000F0CD03279914509D0384812
:204720004B463946FEF7A0F8336849469B6930469847637A23B1727932483946FEF794F843
:20474000F36A002BA1D030483946FEF78DF80023F3629AE7204AD5E71F49B2E7B8F1000F17
:20476000BFDB3368DB69002BBBD028494246B6E707F026FC0520F6F7D1F9DFF89490DFF8AD
:2047800094A000254FF0030B9AF80030AB42ABD919F8014FC4B1204608F024FA804698B1DF
:2047A0002046F6F7F5FAEBB2044610B180F806B0C37120460121F6F75BFA98F80630DB073B
:2047C000204603D5F6F796FB0135DDE7F6F782FBFAE74FF0FF304BE6190B0608F2090608FE
:2047E000FC0A0608B20B0608797A0108000A0608DB0B06084DFD0008FB0906081A0B06083B
:204800003F0B0608620B0608990B060831F90008D3150020D01100102DE9F74F05460846F3
:20482000FFF7F6FC0B46044618B9324A92F8E87127B9284603B0BDE8F04F41E42E49DFF86D
:20484000C890DFF8C8A001AA184640F0A8F9264610B907F0C1FB08E056B901220146284630
:20486000FFF748F9421C04461AD103B0BDE8F08FFCF74CF92F28834636D80FB107F0A0FBDF
:20488000BBF1060F13D01D49012309785FFA8BF2E0B207F023FA59464846FDF7E5FF0027C1
:2048A000154901AA0020013640F079F9D0E7DAF800301B0114D5FF2C0ED0E1B22846FFF738
:2048C00043F9E8E72846FFF73FF9013798F80020F9B28A42F6D8DEE7DFF820800027F5E7C5
:2048E0000748FDF76BFCD6E706492F222846FEF7EBFDD5E7F87D002022FC0508D0110010F9
:20490000FE0B06081E0C06080D0C0608582400202DE9F74307460846FFF77AFC0B46044693
:2049200028B1384603B0BDE8F043FEF7E3BD2F49DFF8B89001AA184640F031F9264605464F
:20494000A04665B92A4B3246D3F87C01A1B239F0EFFA68BB27493846FEF7B6FD28E0B8F14F
:20496000000F06D0B8F1010F25D03846FEF7C2FD1EE028463DF014FD1F490646024628465E
:20498000FBF75CFF50B31D4932462846FBF756FF30B31B4932462846FBF750FF10B31949A1
:2049A00032462846FBF74AFFF0B13846FFF788FB03B0BDE8F083B31E5A425A41294638467E
:2049C000FFF798F8421C0446F2D001AA4946002040F0E5F808F101080546B2E74646F4E733
:2049E0000126F2E70226F0E70426EEE722FC0508F87D00204A0C06083E0C0608410C0608E2
:204A0000440C0608470C06082DE9F74380460846FFF7FEFB0B46054628B14046FEF76AFD2D
:204A200003B0BDE8F0832E49DFF8B49001AA184640F0B5F82F4604462E467CB9022DECD1DF
:204A4000A7F57A73B3F57A7F21D926494FF4FA634FF47A724046FFF7CFFBE1E74DB1012DBA
:204A600010D001AA4946002040F099F801350446E3E7012221464046FFF73CF8431C06460C
:204A8000EFD1CDE72046FCF741F80746E9E7164B1B68B8B25B689847FF2EBCEEC00A0CD185
:204AA000124BF8EE407A1A78114BA24213DC10EE101A1048FDF7D8FEB2E70F4B0F48F8EEBE
:204AC000407A03EB860310EE102A3146C3ED7B7AFDF7CAFEA4E7E3EC017A0134E5E700BF00
:204AE00022FC05088E0D060878190010D0110010E47F0020750C0608F87D0020680C060827
:204B0000F8B507460846FFF783FBC8B11F4B1E69013630460BF0E6FB34460546F0B9013443
:204B2000182CA8BF002420460BF0DCFB0546A8B9B442F4D138461649BDE8F840FEF7C4BCD8
:204B40000846FBF7E3FF04460BF0CCFB054628B921461048BDE8F840FDF786BE0B4B1C6154
:204B600009F0FEFD0C482A462146FDF77DFE172C09D80A4B0C2202FB043393F85005BDE847
:204B8000F84009F019B80020F9E700BF80060020840C0608980C0608AE0C0608D86B050846
:204BA00038B5124D04460846FFF732FB60B1104B104893F900104B1C0ABF0F4BC9B21978F8
:204BC000BDE83840FDF750BE0846FBF79FFF032804D8C0B2FCF7F8FE2946E4E72046074986
:204BE000BDE838400322FEF76FBC00BF190B060880060020FA0C06082C240020D70C060847
:204C000038B5124D04460846FFF702FB60B1104B104893F901104B1C0ABF0F4BC9B2597886
:204C2000BDE83840FDF720BE0846FBF76FFF032804D8C0B213F01CFC2946E4E72046074953
:204C4000BDE838400322FEF73FBC00BF190B060880060020C30C06082C240020D20C060852
:204C600038B5124D04460846FFF7D2FA60B1104B104893F902104B1C0ABF0F4BC9B2197C92
:204C8000BDE83840FDF7F0BD0846FBF73FFF022804D8C0B213F046FA2946E4E7204607492D
:204CA000BDE838400222FEF70FBC00BF190B060880060020F20C06082C240020050D0608C0
:204CC0002DE9F04F484B494E1A7885B032705A781B7CB370464B029193F824307270044631
:204CE0000BB906F03BFE36F05BFB0025DFF814A1A9460E236B430AEB03075AF803300299A7
:204D000001931846FBF7E2FD002849D0B9F1000F01DDFDF73BFA01993648FDF79BFA00220C
:204D200039462046FEF7C2FBFDF730FA0E2303FB05A39B8803F03803102B48D0202B4BD0DD
:204D4000082B03D12C492046FFF72AFF3846FDF79AFD0E2303FB05A3588936F0E7FA8346C1
:204D6000E0B13846FAF7A3FDDBE902218046024401443846FAF754FD80B9019903901F48CE
:204D8000FDF768FADBF80810039A2046134601EB08023946FEF704FBFDF7F8F909F1010924
:204DA000013540F2D1139D42A3D10020FFF7F5F8FF2333707370B370B9F1000F11D1029A4F
:204DC0000F49204605B0BDE8F04FFEF77DBB0A492046FFF715FFB9E707492046FFF740FF01
:204DE000B4E705B0BDE8F08F2C24002080060020006D002053090608190B0608280D0608BD
:204E000010070608B87905082DE9F04F064685B008460C463DF0C4FA054620B1012826D192
:204E200023782A2B23D18C488C4FDFF84882FDF7C5F90024B9464FF00E0A05F001050AFB12
:204E400004F3404659F80310FDF704FA39462A463046FEF72BFB0134FDF798F940F2D1132F
:204E60009C4207F10E07EAD105B0BDE8F08F3D2120463FF0C8FE002800F0E88003461946D2
:204E800013F8012D202AFAD0091B0130054601302B78202BFAD0C9B22046FBF7F3FCB0F5D5
:204EA000E87F074607D96E492246304605B0BDE8F04FFEF709BB694B0E2404FB0034A38833
:204EC00003F4E07180297DD014D811B394F806A0DFF8A4B10BEBCA014FF000080A79009269
:204EE000C1464346009A424502D9B9F1000F54D02BB11FE0C0294DD0B1F5807F6DD0304610
:204F00005849FEF7E1FA204605B0BDE8F04FFDF7BABC03F00703042B1BD10B460A222846B4
:204F2000FBF7ECFCD4F8063083420146E7D32046FAF7BAFE0E235F43484B4B48D959FDF7A1
:204F400089F900222146304605B0BDE8F04FFEF7ADBA052B0DD101230A222846FBF7CEFC53
:204F6000D4F8063083420146C9DB5B428342C6DCDDE72846FBF7CAFD02AA054603A9204687
:204F8000FAF73EFC039BAB42B9DC029BAB42B6DB2946CDE74FF0000A9AE75BF83A1051F8D8
:204FA000280060B129460193FAF78AFA019B30B9414620464FF00109FAF776FE4B4608F196
:204FC00001088FE72046FAF75BFE214602462846FBF70EFD002892D0ACE728463DF0E0F9F7
:204FE000237A94F806A094F80790DB0780460AD52046FAF745FE0378014623B14246284612
:205000003FF027FEE0B9B8F1000F19D0C14517D32046FAF735FE4A4600213FF0DDFDC245C7
:2050200088D81249424628463FF013FE002881D02046FAF725FE424629463FF075FD79E794
:205040000B494A463046FEF73FFA58E72146304605B0BDE8F04F33E6380D0608B879050869
:2050600010070608860D06087B0D060801FC05084B0D060853090608D86B05082DE9F84F4D
:2050800006460846FFF7C4F80D46044660B32A4DDFF8B8A0002605F55A782F6877B158F86D
:2050A000261059B1254895F804B04FF00009FDF7D1F82246D94508DBFDF768F80136062ED5
:2050C00005F10805E9D1BDE8F88F57F8291041B112B95046FDF752F857F82900FDF74EF81C
:2050E000002209F10109E5E7084628F0A5F9052806D913492A463046BDE8F84FFEF7E4B9EE
:20510000104B03EBC000D0F8087390F80C838FB90D492A46EFE714B12846FDF72FF857F8AB
:205120002400FDF72BF801344445F4DBBDE8F84FFDF72CB8054DF7E7E06E050894010608B5
:20514000940D0608D86B0508AC0D0608790106082DE9F04F914687B00C461A460021804605
:20516000FEF70EFF4D4606460027B9F1000F66D02946062220463FF0B3FD0028324614BFE9
:205180000121002140460CBF4FF0010A4FF0000AFEF7F6FE064628780EF008FE8346F8B19D
:2051A00068790EF003FEAB78EA789BF805E095F801B04FF461714FF0190C1CFB03131CFB17
:2051C0000212297900B14079CDE90410CDE90232CDE900EB1B4A3B4651464046FDF722F849
:2051E00020780EF0E3FD8346F8B160790EF0DEFDA378E2789BF805E094F801B04FF46171D6
:205200004FF0190C1CFB03131CFB0212217900B14079CDE90410CDE90232CDE900EB094A26
:205220003B4651464046FCF7B5FF0137142F04F1060405F1060598D107B0BDE8F08FCA465A
:20524000CEE700BFC50D06082DE9F041054686B00846FEF7DDFF0F46064638B100235C49C1
:205260001A46012006B0BDE8F04171E70846FBF74DFC1328044600F3A18006254543781C60
:205280008DF81760FAF753FD524E074660B1FBF73DFCC0B210F002FF30B17319027983F8D2
:2052A000482601238DF817303846FAF740FD074668B1FBF72BFC0D2809D8062303FB0463C1
:2052C00083F849069DF8173001338DF81730DFF80081A91C0DF1170241443846FBF71AFCE9
:2052E000FAF725FD074668B1FBF710FC012809D89DF81730062202FB0462013382F84C06C6
:205300008DF817303846FAF712FD80B1FBF7FEFBC0B210F0C3FE50B19DF817300179062275
:2053200002FB0462013382F84D168DF817309DF81720042A4FF006032FD103FB0463002264
:20534000A3F84C26062505FB04651FF0A1FD95F848060EF02BFD95F84B1695F84A76192387
:205360004FF46172804695F84D0613FB012613FB07270EF01BFD437998F80520039395F856
:205380004C360097CDE90163134895F849362146FDF76AFA06B0BDE8F081052A05D103FBE5
:2053A0000463002283F84D26CCE7062ACAD008EB0502002348F805309380C3E70749132324
:2053C0003246284606B0BDE8F041FEF715BF00BF48730020006D0020C50D0608DE0D060892
:2053E0002DE9F04F904689B01A460C4600218146FEF7C6FD3B4EDFF8F0B008F1540307465A
:205400004546079394F904000AF0C8FF00285DD0B8F1000F63D029460C2220463FF060FC47
:2054200000283A4614BF0121002148460CBF4FF0010A4FF0000AFEF7A3FD074695F904004E
:2054400037F004F9EA7906EB82020346D2F8D42304922A7A06EB82025146D2F8D4230392AA
:20546000AA7906EB82024846D2F8D42302926A7906EB8202D2F8D42301922A6800925A4641
:20548000FCF7D0FE94F9040037F0E0F8E27906EB82020346D2F8D4230492227A06EB82023A
:2054A0005146D2F8D4230392A27906EB82024846D2F8D4230292627906EB8202D2F8D4237B
:2054C0000192226800925A46FCF764FE079B0C35AB4204F10C0495D109B0BDE8F08FC24608
:2054E000D0E700BFD86B0508E40D06082DE9F04780468CB00846FEF78BFE054638B1002375
:2055000059491A4601200CB0BDE8F04768E7CDE909000B90079107A854493FF013FB0646BA
:2055200036F066FF431C04460ED12B460A2208A93046FBF7E3F9089B1B782BB9C4B2132CF7
:2055400096BF333444B264B220460AF0D9FE054628B94046FEF7B4FD0CB0BDE8F087434990
:205560008DF8284007A83FF0EDFAB0B300230A221946FBF7C3F902260990DFF8F090DFF8CB
:20558000F4A00027494607A83FF0DCFAF8B1FBF7BDFA374A002352F8041B88421FD1DBB267
:2055A0000AEB8302D2F8D423904210D1022F20D0032F23D05A1E012FD2B215D00B2A03D896
:2055C0008DF829300136F6B20137042FDAD1052E1AD84046FDF78EFFBEE70126CDE7013318
:2055E000102BD8D10023DBE7052AEDD88DF82A30E8E7092BE8D88DF82C30E3E79A1E0D2AB2
:20560000E2D88DF82B30DDE709AB03CB286018686960A860204637F019F8164A9DF82B1003
:2056200002EB81010346D1F8D41304919DF82C1002EB8101D1F8D41303919DF82A1002EB2D
:205640008101D1F8D41302919DF8291002EB81020021D2F8D4230192099A00920846064AFF
:20566000FCF798FD78E700BF6C72002022FC0508AC6F0508D86B0508E40D06082DE9F04F8F
:2056800090468BB00C461A4600210746FEF778FC4546099000264FF0190A4FF46179B8F1FE
:2056A000000F4BD029460A2220463FF019FB0028099A14BF0121002138460CBF4FF0010B07
:2056C0004FF0000BFEF75CFC2A890692EA8805922A790492EA780392AA7809901AFB02924B
:2056E00002926A781AFB029201922A7800923346134A59463846FCF795FD22890692E2889F
:20570000059222790492E2780392A2781AFB0292029262781AFB0292019214F80A2B009292
:205720003346074A594638460136FCF733FD1E2E05F10A05B3D10BB0BDE8F08FC346DCE7A8
:20574000010E06082DE9F04380468BB00846FEF75FFD0F46044638B100235E491A46012070
:205760000BB0BDE8F04389E70846FBF7CFF91D28054600F3A5800A264643781C8DF827403D
:20578000FAF7D5FA10B101238DF82730FAF7CFFA514C074668B1FBF7B9F90D2809D80A23E4
:2057A00003FB054383F80C029DF8273001338DF82730DFF82091711C0DF1270249443846D7
:2057C000FBF7A8F9FAF7B3FA074668B1FBF79EF9212809D89DF827300A2202FB05420133EF
:2057E00082F80F028DF827303846FAF7A0FA074668B1FBF78BF90D2809D89DF827300A222F
:2058000002FB0542013382F810028DF827309DF82730062B0CD009EB06020023404649F8C9
:205820000630536013810BB0BDE8F043FDF762BE0A2606FB054600233846A6F81232A6F8A7
:205840001432FAF774FA074618B1FBF75FF9A6F812023846FAF76BFA30B1FBF757F90A236D
:2058600003FB0543A3F814021C4B4FF0FF325A600A2303FB05424FF46170B2F81432069391
:20588000B2F81232059392F81032049392F80F32039392F80E12192313FB0101029192F8AB
:2058A0000D1213FB0103019392F80C32009300210B4A2B460846FCF76DFC0BB0BDE8F08364
:2058C00008491D23224640460BB0BDE8F043FEF793BC00BF04800020F87D002080060020D4
:2058E000010E0608DE0D06082DE9F04F2DED088BDFF828A195B0804691461E460C461546FD
:20590000002794ED008AB5EE408AF1EE10FA7DD0D4ED019A94ED029AD4ED038AB9F1000F32
:2059200049D0D5ED00BA95ED01BAD5ED02AA95ED03AAB4EE6B8AF1EE10FA6CD1F4EE4B9A74
:20594000F1EE10FA67D1B4EE6A9AF1EE10FA62D1F4EE4A8AF1EE10FA0CBF0121002132463F
:205960008B46404681F00101FEF70AFBB0EE6B0A064611A8FAF720F8B0EE4B0A07900EA802
:20598000FAF71AF8B0EE6A0A06900BA8FAF714F8B0EE4A0A059008A8FAF70EF80599069A40
:2059A000079B039002910192009352463B4659464046FCF737FCB0EE480A11A8F9F7FCFF01
:2059C000B0EE690A83460EA8F9F7F6FFB0EE490A06900BA8F9F7F0FFB0EE680A059008A8E4
:2059E000F9F7EAFF069B059A0390CDE900B302923B465246002140460137FCF7CBFB082F16
:205A000004F1100405F110057FF47BAF15B0BDEC088BBDE8F08F0021A1E700BF240E060808
:205A20002DE9F14FDFF890B106460D462846FEF7EFFB074638B1002358491A46012001B0E0
:205A4000BDE8F04F50E7564905222846FAF7F6FE60B9524B00221A601A611A621A631A64CE
:205A60001A651A661A6701B0BDE8F08F042259462846FAF7E3FE04462846002C42D1FAF7E4
:205A800056F907460028EED03CF08AFCDFF82CA15FFA80F85AF8049BB9F1000F07D1414951
:205AA0002A46304601B0BDE8F04FFDF70DBD424649463846FAF7C2FE013484460028E9D186
:205AC000364A0346154600210133082B42F8101BFAD1354B03EBC40257682FB93348344D13
:205AE0004946FCF7C1FEA1E713F834E0F445F5DA07EB0C130FCB05EB0C1484E80F000CF143
:205B0000010CF3E7FBF702F8072804463DD82846FAF70DF9074658B3F9F7AAFD1F4B03EB78
:205B2000041383ED000A01253846FAF700F9074638B1F9F79DFD194B03EB041383ED010AA2
:205B400001353846FAF7F3F8074638B1F9F790FD124B03EB041383ED020A01353846FAF77F
:205B6000E6F838B9304601B0BDE8F04FFDF7C2BC0546D9E7F9F77CFD084B032D03EB0413DD
:205B800083ED030A3FF457AFECE70A4907233A46304601B0BDE8F04FFEF72EBBB82400209A
:205BA0003A0A060810070608F46305083D0E0608190B0608DE0D0608380E0608787005083D
:205BC0002DE9F74F92460C461A4600218146FEF7D7F9DFF870B0804656460025BAF1000FFA
:205BE0002ED03146042220463FF07AF80028424614BF0121002148460CBF01270027FEF7A0
:205C0000BFF9738801933AF82530009380462B465A4639464846FCF705FB6388019334F8A1
:205C2000043B00935A462B46394648460135FCF7B1FA042D06F10406D0D103B0BDE8F08FF6
:205C40005746EAE7470E06082DE9F34105460846FEF7DEFA0C46074638B1002333491A463C
:205C6000012002B0BDE8F041AAE731492046F9F727FC70B92D4B04224FF47A704FF4FA6165
:205C8000013A1880598003F10403F9D102B0BDE8F0812046FAF73AFF0328064641D8204645
:205CA000FAF745F8074698B1FAF730FF4FF0010804463846FAF73BF820B1FAF727FFB8F13B
:205CC000000F09D1284602B0BDE8F041FDF712BC40F2EE248046ECE7A4F2EE2240F2DC533F
:205CE0009A4203D8A0F2EE229A420AD9114940F6CA0340F2EE22284602B0BDE8F041FEF702
:205D00007BBA0D4B0D4A03EB86030021A3F83843A3F83A03CDE9004033460846FCF73AFA35
:205D2000B4E7074903233A46E5E700BF308100203A0A0608580E0608F87D0020470E0608B8
:205D4000EA0906082DE9F04F89468FB0174600211A460646FEF714F9DFF874A00546002459
:205D60000DF1240B59F82480CDF80880594602A836F01AFC57B357F82430039398452A469F
:205D800014BF0121002130460CBF4FF001084FF00008FEF7F5F804A9054603A836F004FC72
:205DA00004A900912346524641463046FCF73AFA2346CDF800B05246414630460134FCF7E5
:205DC000E9F9202CCED10FB0BDE8F08FB846EFE7660E0608F0B5054689B00846FEF718FA3F
:205DE0000F46064638B100231D491A46012009B0BDE8F040A6E70846FAF788FE1F2804469E
:205E000024D83846F9F793FF014628B9284609B0BDE8F040FDF76EBB20462FF0D9FD78B1C1
:205E20000F4803AD294600EB840036F0BDFB0D4A0095234631463046FCF7ACF909B0F0BD5F
:205E4000284609B0BDE8F040FEF73AB906491F233246284609B0BDE8F040FEF7CDB900BF1F
:205E600040810020660E0608DE0D06082DE9F04F924685B00C461A4600218146FEF780F85D
:205E8000DFF874B0804655460026BAF1000F31D02946042220463EF023FF0028424614BFF7
:205EA0000121002148460CBF01270027FEF768F8EB780293AB7801932B880093804633466E
:205EC0005A4639464846FCF7ADF9E3780293A378019334F8043B00935A46334639464846B9
:205EE0000136FCF757F9102E05F10405CDD105B0BDE8F08F5746E8E7700E0608F0B505468C
:205F000085B00846FEF784F90F46064638B1002320491A46012005B0BDE8F040A6E7084690
:205F2000FAF7F4FD0F2804462AD83846F9F7FFFE014628B9284605B0BDE8F040FDF7DABAE9
:205F400020462FF02BFEA8B1134B04F1200203EB8203314693F84B23029293F84A230192C3
:205F6000B3F8483300930D4A23463046FCF712F905B0F0BD284605B0BDE8F040FEF7A0B88D
:205F800007490F233246284605B0BDE8F040FEF733B900BFC0810020F87D0020700E0608ED
:205FA000DE0D06082DE9F04F85B0144602911A4600210546FDF7E4FF4FF000080646062312
:205FC00003FB08F7C0374FF00009029B13F807B0002C7ED0E35D03939B45324614BF012189
:205FE000002128460CBF4FF0010A4FF0000AFDF7C7FF039B394ACDE9009306464346514624
:206000002846FCF70FF9CDE9009B344A43465146284609F10109FCF7BDF8B9F1060F07F157
:206020000107D2D108F10108B8F1060FC7D1E427029BA7F1E40913F807A0002C4BD014F82B
:2060400007B0DA45324614BF0121002128460CBF4FF001084FF00008FDF792FFCDE9009B3E
:2060600006461E4A062341462846FCF7DBF8CDE9009A1A4A0623414628460137FCF78AF809
:20608000EF2FD5D1029B93F8EF70B4B194F8EF804745324614BF0121002128460CBF0124DD
:2060A0000024FDF76DFF002300930C4ACDF80480072321462846FCF7B5F800230093074A61
:2060C0000197072321462846FCF764F805B0BDE8F08FA24697E7A046C9E700BF820E0608A8
:2060E000F0B5054685B00846FEF792F80B46044638B100231B491A46012005B0BDE8F04098
:2061000050E71949184F6A4618463EF048FD01AE88B1032C04D12846FDF7ECF905B0F0BD69
:20612000FAF7F4FC6A4646F8040B3946002001343EF035FDECE7032CEDD1DDE90146039FDE
:2061400031463A46E0B22FF065FD18B92846FDF7B7FFE3E705483B4632462146FCF784FB63
:20616000DCE700BF4081002022FC0508820E06082DE9F04F924689B00C461A46002107466D
:20618000FDF7FEFE002607905546B3464FF019094FF46178BAF1000F28D029460622204692
:2061A0003EF09EFD0028079A14BF0121002138460CBF4FF0010B4FF0000BFDF7E1FE6A79A3
:2061C000079019FB028205922A7919FB02820492EA780392AA7802926A7801922A780092D2
:2061E0003346124A59463846FCF71CF8627919FB02820592227919FB02820492E2780392E4
:20620000A27802926278019214F8062B00923346064A594638460136FBF7BCFF0A2E05F19C
:206220000605B7D109B0BDE8F08F00BF960E06082DE9F04F074689B00846FDF7E9FF8B46A7
:20624000054638B100234C491A46012009B0BDE8F04F8DE7494B084693F8E4A693F8E596C3
:2062600093F8CE87FAF752FC092804467BDC062646430BF101008DF81F50F9F758FD3E4DB7
:20628000834638B1FAF742FC0D2803D80123A8558DF81F305846F9F74AFD834660B1FAF778
:2062A00035FC504508D8062303FB045358709DF81F3001338DF81F305846F9F738FD82467B
:2062C00060B1FAF723FC484508D8062303FB045398709DF81F3001338DF81F305046F9F738
:2062E00026FD814660B1FAF711FC804508D3062303FB0453D8709DF81F3001338DF81F3053
:20630000311D0DF11F0229444846FAF703FC9DF81F30062B09D0AA1900233846AB519380C4
:2063200009B0BDE8F04FFDF7E5B86343EA184FF461765079192111FB00600590107911FBD4
:2063400000610491D17803919178029152780192EB5C009300210A4A23460846FBF71AFF60
:2063600009B0BDE8F08F074909232A46384609B0BDE8F04FFDF740BF10260020006D002063
:20638000960E0608DE0D06082DE9F04F0F468BB0144600211A460646FDF7F2FD0546002CEC
:2063A00000F0DD8022783B789A4218BF0121024608BF002130460CBF4FF001084FF000086E
:2063C000FDF7DEFD23789E4A054641463046FBF729FF3B789A4A41463046FBF7DBFE002C7E
:2063E00000F0BF8062787B789A4218BF01212A4608BF002130460CBF4FF001084FF00008A4
:20640000FDF7BEFD63788F4A054641463046FBF709FF7B788B4A41463046FBF7BBFE07F16F
:20642000C9030593A31C0693822307F1020A04F1CA0B07934FF000093B784B4500F3938002
:20644000002C00F0F68097F8EA3094F8EA209A4218BF01212A4608BF002130460CBF4FF0BE
:2064600001084FF00008FDF78BFD94F8EA30764A054641463046FBF7D5FE97F8EA30724A78
:2064800041463046FBF786FE002C00F0D48004F1EA0307F1EA0204F1FA014FF0010833F8F0
:2064A00002CF32F8020F844518BF4FF000089942F5D188F001012A46C9B23046FDF760FD1C
:2064C0000821054604F1EC00FAF7F8F85F4A034641463046FBF7A6FE97F8EA1007F1EC0094
:2064E000FAF7ECF8594A034641463046FBF752FE002C00F0A2804FF0FC094FF0010807EBE0
:20650000090104EB0900F8F7DBFF09F10409002818BF4FF00008B9F58E7FF0D188F001016D
:206520002A46C9B23046FDF72BFD082104F1FC00F9F712FC464A034641463046FBF772FE8E
:2065400097F8EA1007F1FC00F9F706FC404A0346414630460BB0BDE8F04FFBF71BBEA046AC
:2065600037E7A04655E7079BFB180993002C5ED0079B0998E31819460893F8F7A1FF059BC9
:206580005A789BF800309A42069A06BFB0FA80F84FEA58184FF00008AAF10203023A0AF13C
:2065A0000E0133F802CF32F8020F844518BF4FF000088B42F5D188F001012A46C9B2304640
:2065C000FDF7DEFC6278069905469BF81800FAF747F802909BF800300193089B00931D4AC8
:2065E00009F1010341463046FBF71CFE059B7A78587E5146FAF734F8059A029012F8013FFD
:20660000019309F10109099B05920093114A4B4641463046FBF7BEFD069B10330693079B5F
:2066200009330AF1100A0BF1010B079304E7A046DCE7A04621E7A0464EE7A04680E700BFBE
:20664000AF0E0608C10E0608EF0E0608070F06081E0F0608D60E06082DE9F04F8FB0044658
:2066600002AA0846B4493EF09AFA064640B903460246B2494120FFF787FE0FB0BDE8F08FD1
:20668000AF49F8F71DFF074628BBAB4902AA3EF086FAFAF73BFA0828054606D9A9490823DC
:2066A0003A462046FDF7A8FDE7E7A74C94F8E43683420CDC84F8E456DFE73146384629F0BD
:2066C0006BF9013694F8E436B342F6DCF2E7064604F2E467F6E79D493046F8F7F1FE0546EA
:2066E000E0B9954902AA3EF05AFAFAF70FFA0828064603D9964908232A46D2E7924C94F806
:20670000E536834202DC84F8E566B6E728463146013535F045FE082DF8D1F4E78D493046AF
:20672000F8F7CEFE074600BB834902AA3EF037FA0028A2D0FAF7EAF90828054603D986492B
:2067400008233A46ADE7804C94F8CE37834209DD014604F2E46029F063F9294604F2E46053
:2067600029F06CF984F8CE5787E77C493046F8F7A7FE054618BB744BDFF8BC9193F8CE77EC
:2067800006AE0146102230463EF026FAB046BD4202AA80F21081494600203EF000FA10B9C4
:2067A0006F493A4610E1FAF7B1F9013528F8020BEDE796E80F006B4C84E80F005DE76A4928
:2067C0003046F8F77DFE054600283DD10146202206A83EF001FA5C4BDFF85C9193F8CE77BD
:2067E00006AEBD4202AA80F2F380494600203EF0D6F9014610B95D493A46E5E00322304613
:206800003EF039FAB2464FF0000830463BF0C8FD404502D801350436E3E79AF80000FAF756
:2068200007F808F101080AF8010BEEE7504EAD000446AC423FF421AF06AB1919301903229D
:2068400029F094F80434F4E74A493046F8F738FE0746002840F0AC80DFF8EC80364998F82F
:20686000E46602AA3EF09BF900283FF406AFFAF74DF9451E01D4AE4203DC3F4933460122EE
:206880000FE72D4902AA00203EF089F9014600283FF4F3AE0026082203A88DF814603EF0AB
:2068A000EAF90DF10C0903A83BF07AFDB0421BD8214902AA00203EF072F900283FF4DDAEFB
:2068C000037898F8E5A601930026B14656451A4902AA4FF0000080F285803EF060F98346C1
:2068E00050B9264952466FE099F80000F9F7A0FF013609F8010BD6E7A6B99BF80030303B8B
:20690000092B0FD91E49F8F7DBFD38B11D495846F8F7D6FD70B11C495A4655E04FF00109DA
:206920004FF0FF365846FAF7F1F8002830DA17495A4649E0B146F3E722FC0508E47300209D
:20694000350F06083B0F0608006D0020460F06084F0F06085D0F0608690F06087B0F060899
:206960006A100608D0740020A50F06088A100608E0740020CF0F0608D40F0608AA100608A8
:2069800004FC0508E00F0608E70F06081C1006080EAB03EB4603013623F8200C96E720495B
:2069A000524611E033F8022B24F8022F013730E01C49324608E01C4900203EF0F0F80028D9
:2069C0003FF4F7AE19493A462046FCF77DFD54E6154900203EF0E3F800283FF427AF1449DB
:2069E0003A46F1E73EF0DBF80028D8D1114C05EBC50082302044082203A928F0B7FF019808
:206A0000F9F716FF08EB050304EB051483F8AE0706ABBE42C6DC454485F8C6972DE600BFB6
:206A2000311006085410060822FC0508870F0608B10F0608E47300202DE9F04F89B00F469E
:206A400090460021139A03930646FDF799FA87EA08086FEA0803DFF8849006930446002551
:206A6000284609F02DFC129B184230D0069BDFF870B0034014BF4FF0010A4FF0000A0493A7
:206A800010EA07030CBF4A465A4628460593079209F028FC039B079A009080465146304699
:206AA000FBF7C0FB049BB3FA83F1224649093046FDF766FA059A039BCDF800800446002AEF
:206AC0000CBF5A464A4651463046FBF763FB0135172DC5D109B0BDE8F08F00BFCF100608C5
:206AE000320E060870B5044608460E463BF058FC3146054602462046F9F7A0FE68B9635DD9
:206B00001846F9F785FE00B933B901352C44204601340378202BFAD070BD0020FCE708B541
:206B200004460948FBF72AFBFBF70CFB074BD3F87C010DF0BBF805F0DFF9012C01D138F06C
:206B400051F8F5F719FF00BFD6100608F87D002010B5044608460B46FDF75AFB28B9094976
:206B600003221846F9F76AFE28B90748FBF72CFB0120FFF7D4FF20460449BDE81040FCF76C
:206B8000A3BC00BFE2100608E6100608210906082DE9F74F064601AA08462F49DFF8C88063
:206BA000DFF8C890DFF8B0A03DF0F9FF4FF0000B04465D4601271CBBBBF1000F28D1274CFD
:206BC000002D44D026482946FBF74EFE94F824300BB904F0C3FE34F0E3FB002384F84D30E2
:206BE000FBF786FA15B12846FDF7D7F99FB13046FDF78CF978B1FBF7E9F80020FFF78FFF4C
:206C0000BBF1000F0AD02046F9F780FF85B2C5B93046FDF755FA03B0BDE8F08F41462046D8
:206C2000F9F754FE80B949462046F9F74FFE0028EED05F4601AA514600203DF0B0FF044694
:206C4000B9E74FF0000BF5E74FF0010BF2E70548FBF7BAFABFE700BF22FC0508006D00203A
:206C60001111060834110608081106081417060810B50C46FDF74AF978B1084B01229A7337
:206C8000FBF7A4F80648FBF79FFA06492046F8F717FC10B10020FFF742FF10BD2C24002081
:206CA0004A11060824FC0508F0B5032985B005460C46164614D80B4F3970FBF767FA0A49AA
:206CC0002846FDF76DFF0949224601A8F9F7CEFB01AB324608212846FDF782F9FF233B70D3
:206CE00005B0F0BD80060020190B0608FA0C0608F0B5032985B005460C46164614D80B4F01
:206D00007970FBF743FA0A492846FDF779FF094922466846F9F7AAFB6B4632461021284669
:206D2000FDF75EF9FF237B7005B0F0BD80060020190B0608C30C0608F0B5022987B0054692
:206D40000C46164614D80B4FB970FBF71FFA0A492846FDF785FF0949224601A8F9F786FBFE
:206D600001AB324620212846FDF73AF9FF23BB7007B0F0BD80060020190B0608F20C060884
:206D80002DE9F84F171E05460C465FDD3BF008FB01462846F9F776FDB0F5E87F26D82C4EBE
:206DA0000E2303FB00F505EB0608B8F80A0034F0BDFAD8B1D0F808904046F8F778FD56F8FB
:206DC00005B0814458463BF0EBFA07F1FF3A50450646A8BF5646054626B1324659462046D7
:206DE0003DF0A2FEB54205DD0023A3554FF0FF30BDE8F88FB24506F1020211DD751C202384
:206E0000AA45A35507DD92454FF03D016155C6BFA354F51C1546AA4204DB00236355E5E743
:206E20003546F8E77E1B002E04DC3C44002304F8013CDBE74B46424631466019F9F72CFB93
:206E40000028EADB8642F0DD2844D1E70020CFE7B87905082DE9F04FD9B000AFB3F100093E
:206E600004467960924602DD002A00F0218120463BF096FA01462046F9F704FDB0F5E87FB1
:206E8000044600F215818C4D0E2606FB0056B6F80AB0584634F04AFA8046002800F00881E7
:206EA0007B6886497B61C7E903A95A464FF0000907F12000C7E90699F9F7D8FA07F12001BE
:206EC000024607F10C00F8F753FDB38803F4E072802A00F0CB800CD8002A40F08D8003F080
:206EE0000703052B00F28380DFE803F0616871784A55C02A00F0B680B2F5807F00F0D4805E
:206F00006F4B704C1A785B78227030466370F8F7CEFCB8F80420C2F30B02033222F0030220
:206F2000FF230732D208237063706C46A4EBC2039D46E84605465946404639F06DFE6249F0
:206F400007F10C00F8F72BFD08EB050332464FF4807107F16000F9F79FFA07F1600180F3C2
:206F6000080207F10C00F8F703FDD7F88831C2681A600069A54607F5B277BD46BDE8F08F48
:206F80000E2303FB04535149D3F8062007F12000F9F76CFA2CE00E2303FB04534C49D3F880
:206FA00006305A4207F12000F9F760FA20E00E2202FB045247491389D288F3E70E2202FB8D
:206FC00004524549B2F90830B2F90620EAE70E2202FB045241491389D288E3E70E2202FB4E
:206FE00004523F49B2F90830B2F90620DAE70020024607F1200114E0B5793A494C46DFF8AF
:207000000C91F8F7CCFC09EBC50301221B797B607B68A3420AD80A2387F86030012207F1CD
:20702000600107F10C00F8F7A3FC69E759F835A05AF82410A30099B15AB92C2287F8602014
:2070400007F16001012207F10C003B60F8F790FC3B685AF8031007F10C00F8F7A0FC0022E1
:207060000134D5E72049F8F79AFC49E703F00703052B09D8DFE803F0030E101214161B4978
:2070800007F10C00F8F78BFC0E2303FB04551849AA797BE71749F3E71749F1E71749EFE760
:2070A0001749EDE71749EBE7F379B279164979E74FF0FF305FE700BFB879050851110608F3
:2070C0002C24002080060020A012060859110608731106088D110608A7110608C01106087F
:2070E000DB110608F5110608091206082412060895120608321206083F1206084E12060841
:207100005C1206086B12060879120608D86B05082DE9F04F3D21C7B004463DF074FD002845
:207120007CD00346A3421F4603D913F8012D202AF8D03F1B72D0431C1E4613F8012B202A69
:20714000FAD030463BF02CF930448642804664D210F8013D202BF8D0A8EB0608B8F1FF0FB6
:207160005CD806AD4246314628463DF0DDFC4FF0000B3946204605F808B0F9F783FBB0F5BE
:20718000E87F80464AD89D4F4FF00E0909FB0079B9F80A0034F0CAF800283FD0D0F808A099
:2071A0004846F8F784FBB9F8041001F4E073802B06460AEB000400F01A8135D8002B6ED0D5
:2071C00099F806B08E4A02EBCB00002600790090B24601F007090099B14221D9BAF1000F70
:2071E0001ED152F83B1051F82600002800F0CC8029460193F8F764F9019B814A002840F02A
:20720000C380C02B40F0E580B9F1050F00F2BA80DFE809F0ABB8BFB8D4D49DD14FF0000AC8
:20722000504647B0BDE8F08FC02BCBD0B3F5807FF4D12E4615F8013B202BFAD030463BF038
:20724000AFF80E2303FB087705463B7A97F8078097F80690DB070BD5414620463DF01EFDA7
:2072600030B14246214630463DF0F3FC0028D5D1002DD3D0A845D1D34246002120463DF041
:20728000ABFCA94529D85F492A4630463DF0E1FC18B32A46314620463DF046FC1DE001F04B
:2072A0000704042C1CD12B782D2BB7D00A2203A928463DF029FC039BAB42AFD01B78002BC4
:2072C000ACD10E2303FB0873D3F8063083424FF000038B41A2D34AF806004FF0010A9FE726
:2072E000052C1AD10A2203A928463DF06DFB039BAB4293D01B78002B90D10E2303FB0873E0
:20730000D3F80630DA1783428A4187DB5B42DA17984271EB0202DEDA80E703A901230A22A6
:207320002846F9F7EBFA0B68AB4207463FF476AF1B78002B7FF472AF05A904AA4846F8F7DA
:207340005FFA0B68BB423FF769AF049BBB42FFF665AF032CC1D8DFE804F0020205050AF8DE
:207360000670BAE72AF80670B7E70E2101FB0871207891F806C0012101FA0CF1C9B22EB1C1
:20738000014321704FF0010A013624E720EA0101F7E70E2101FB0871208891F806C00121E5
:2073A00001FA0CF189B216B101432180EAE720EA0101FAE721EA00012160E3E70E2101FBAE
:2073C00008710120897988402168002EF2D00143F2E7B9F1050FD5D8DFE809F00303050578
:2073E00007072670CEE72680CCE72660CAE7224649462846F9F7FCFA824611E7B87905085B
:20740000D86B050801FC050810B586B0104B0493104B0393104B0293104B0193104B1149A0
:20742000114A00930446114B1148FAF713FFFAF7ADFE10491048FBF717FA3CB10F4A10496D
:20744000104806B0BDE81040FBF70EBA06B010BD39FD050822FD05080EFD0508F7FC050865
:20746000BBFC0508A2FC0508D5FC050833240020A91206084EFD0508D41206087BFD0508AE
:2074800066FD0508E51206080120BDE72DE9F04F0A4689B000210546FCF772FD394C0590EC
:2074A00094F9000004F0DEFD8146608833F03EFF354BD0F808B093F8247017B15F46D0F80D
:2074C0000CB0A379012B38BF0123069300262279637906FB02331BF80380002F3BD0FB5CFA
:2074E000059A0793434514BF0121002128460CBF4FF0010A4FF0000AFCF742FD079B059080
:20750000013653B303F00F021B094033CDE9006302924B461D4A51462846FAF783FEB8F1CE
:20752000000F24D008F00F034FEA1818029308F14003CDE90063154A4B4651462846FAF705
:2075400029FE069B9E42C2DB114B0834A342A7D109B0BDE8F08F3B46C2E7002FDFD00D4AB5
:2075600000964B4651462846FAF75CFED7E76B06E7D4084A00964B4651462846FAF70AFE33
:20758000DFE700BF60720508006D002012130608607305082813060838B50B4D05EBC005A4
:2075A0000C4695F9880604F05DFD01460748FAF751FE95F88E3633B1611C0548BDE838401D
:2075C000C9B2FAF747BE38BDD86B05088C150608ACFF050873B50E4610490546F7F770FF11
:2075E00018B93070012002B070BD2C78602C8CBF613C413C082C0FD8013501230A2201A93A
:207600002846F9F77BF9019BAB4205D00F2803D8013440EA0410E4E70020E4E77713060867
:207620000246531C084605D1044B1A681B790A600B7170470249F8F719BF00BF7713060804
:20764000ADFF05080379062B0FD1C9B20D2998BF074BC26894BF5956002101238B401342F9
:2076600014BF08464FF0FF307047481C704700BFBCA905082DE9FF47914604468A461E46C7
:20768000FFF7E0FF421CBDF83070DDF8348005461FD0B9F1FF3F1FD0CDE90009144A236820
:2076A00031463846C0474A4620795FFA8AF1F3F789FE024600B10288D3B20393C2F30323E7
:2076C000120BCDE90052029323680A4A31463846C04704B0BDE8F0877B06FAD40C902368CF
:2076E000054A31463846C44604B0BDE8F04760473C130608491306086D1306082DE9F04367
:20770000154685B06A1C8946BDF830600D9F194625D04FEA101800F00F0408F14008CDE9E4
:207720000045164A43463046B847A8B199F80510D9F800002A46F3F787FE68B103880278D9
:207740000392C3F303221B0BCDE90043029243460B4A00213046B84705B0BDE8F08373064C
:20776000FAD40309074A00F00F000C9040333046BC4605B0BDE8F043604700BF7C130608C8
:207780008E130608B71306082DE9F04F0A468DB000218346FCF7F4FB704CDFF8CC91039031
:2077A00004F1800A0025A37A99F82460AB4200F3938010345445F5D140F2162033F0B6FD1F
:2077C000D0E902450DF1180A002E4FF015024FF00001504604BF254634463DF0FDF900273D
:2077E0002E78002E3ED069780591304604F018FD95F90290049009F1010253425341002CAB
:2078000000F0A98005990022A05CB04240F09F80224492F90280C14540F0978052788A42FC
:2078200008BF012301220AF8072003F0010383F00101039A05935846FCF7A2FB059B03900F
:2078400044B1474A0499CDE900B230464246FFF755FF059B434A0499CDE900B230464A461D
:20786000FFF74CFF0137152F05F10305B8D184B3DFF8EC80DFF8EC90564604F13F0716F812
:2078800001ABBAF1000F21D12078F8B194F9023001331BD0617804F0C3FC039A05460121DB
:2078A0005846FCF76DFB94F902200390534620782946CDE900B8FFF721FF20785346CDE982
:2078C00000B94FF0FF322946FFF718FF0334BC42D5D10DB0BDE8F08FE08833F027FDD0E9DF
:2078E0000231627A207A002E08BF194605FB002208BF33468F562BB39E56039A0493B74245
:2079000014BF0121002158460CBF4FF001084FF00008FCF735FB049B039043B1104B32463D
:20792000CDE900B3294643462046FFF7A3FE0D4B2946CDE900B33A4643462046FFF79AFEBC
:20794000013530E74FF0FF36D7E700236AE703323F2A7FF459AF4FF0FF3868E7940600209C
:207960002522010895210108006D00201B4BB0F5FA6F1A680346A8BF4FF4FA63B3F57A7F84
:20798000B8BF4FF47A73D20416D540F2DC52904220D007EE903A40F2DB529042F8EE677AA6
:2079A00099BF9FED0F7A9FED0F0A9FED0F7A9FED0F0AA7EE870A7047B0F57A7F0AD907EEA8
:2079C000903A9FED0B7A9FED0B0AF8EE677AA7EE870A70479FED080A704700BF58240020D7
:2079E000D52000C010903E45D520004040A0F4C4671000401160F4C400000000704700BF8C
:207A000000207047704700BF0020704701207047704700BF704700BF704700BF704700BF92
:207A20009FED010A704700BF0000000000207047064B1B78834206D9054B00EB400003EB71
:207A4000C003586970470020704700BF380A001074090010034B00EB400003EBC003587C78
:207A6000704700BF74090010024B1878003818BF01207047380A001003681B6903B11847EB
:207A8000704700BF0849002301E0152B09D003EB4302013311F802C084450A44F5D110469D
:207AA00070470020704700BF8C15002070B5094C236873B10546002606E099681A681E7324
:207AC00021609047236823B15A68AA1A002A1846F3DA70BD5C8C002008B5224B1B68DB0453
:207AE000F0EE407A0AD5B5EE400AF1EE10FA1CD19FED1D0A3BF0CAFD80B208BD9FED1B7A8F
:207B0000B4EEC70AF1EE10FA09DB9FED197A9FED190AA7EE870A3BF0B9FD80B208BD9FEDCD
:207B2000160A3BF0B3FD80B208BD9FED107AB4EEC70AF1EE10FADBD49FED107AB4EEC70AA9
:207B4000F1EE10FA99BF9FED0E7A9FED0E0A9FED0E7A9FED0E0AA7EE870A3BF097FD80B25D
:207B600008BD00BF582400200080BB440000404237DFFF3EC540744400007A4400E0824470
:207B800066BEFFBE3B5FBE4466BEFF3E926174448B4B1B681B0600D470472DE9F043894C39
:207BA0002DED088B236987B00BB1201D98470023CDE90133CDE9033362690593824801A9AD
:207BC0009047019DE36ABDF8082022839D4204D107B0BDEC088BBDE8F0839DED04AAD4EDA9
:207BE0000E6A7A4BDDED03AA93ED006A94F83430E27A2AEE668A66EE0A8AA6EE2A8A002B38
:207C0000B7EE007AFFEE007A18BFB0EE677AE6EEAA8A28EE078A002A00F0CF800A2AA8BFD5
:207C20000A2294F83C306A480133D0ED017AB3FBF2F102FB113304EB8301F1EE677A006895
:207C400084F83C3001330864C1ED1A7AB3FBF2F102FB113304EB8303D3ED1A7A93ED105AD5
:207C60005C4B66EEE75A1F78E5EE065A1C2F27EE869A67EE259AA5EE269A1DD19FED56BA8D
:207C8000DFF8688128EE0B0A3BF000FD28EE8B0AA8F800009FED51BA3BF0F8FC29EE8B0A24
:207CA000A8F802003BF0F2FC29EE0B0AA8F804003BF0ECFCA8F80600DFED497AB4F836907F
:207CC000B0EEE97AB4EEE77AF1EE10FAD6BFDFED457A9FED458AA9EEE78ADFED417AB0EE0F
:207CE000C97AB4EEE77AF1EE10FAD6BFDFED3D7ADFED3D8AE9EE678A1C2F48D0B9F1000FC6
:207D000037D094ED257AD4ED287A94ED266AD4ED296A38EE478A78EEE78AA6EE087A1C2F45
:207D2000E6EEA87A94ED248AD4ED278A84ED257A37EE485A77EEE85AA6EE058AE6EEA58A08
:207D4000C4ED287A84ED248AC4ED278A11D19FED229ADFF8988028EE090A3BF097FC28EE39
:207D6000890A06463BF092FCB6B246EA0040C8F80C00C4ED07AA84ED08AA84ED098AC4ED8D
:207D80000A8AE56207B0BDEC088BBDE8F0839FED129ADFF8588028EE090A3BF077FC28EE39
:207DA000890A06B2A8F808603BF070FC00B2A8F80A00B9F1000FD7D0A3E7012231E700BF99
:207DC0005C7600205C8C0020608C0020140700209C1A0010850D002000007A4458A08B4168
:207DE0000000484335FA8E3C00000000880D00202DE9F04F6B4B1B7887B0002B00F0CB800F
:207E0000694D6A48A968FAF72FFD69686848FAF72BFD684B6848D3E90031C91A674B1A68CB
:207E2000B1FBF2F2FAF720FDFAF7B0F96448FAF7C5F96448FAF7C2F94FF00008624B1B78D0
:207E40005FFA88F4A34222D8FAF7A0F95F4D604E002455F8041F30460134FAF7FBF9162C24
:207E6000F7D1FAF793F95B4D594E01242B4669681B683046C91A0134FAF7ECF9162C05F1E8
:207E80000405F3D107B0BDE8F04FFAF77FB9524B142603EB840306FB045693ED030AB6F86F
:207EA0000E903BF0F3FB96F81EA01AF0010F0CBF2D2252221AF0020F0CBF2D2354231AF060
:207EC000040F0CBF4FF02D0C4FF0560C1AF0080F0CBF4FF02D0E4FF0430E81B21AF0800FE9
:207EE0004FF03C0BB1FBFBF105914FF064010CBF4FF02D0A4FF0530A80B201FB09F1671CA2
:207F0000CDE902A10490CDE900CE34483946FAF7A1F9B37FDB073AD55C23314A6343D118BE
:207F2000D05891ED010A70B1DFED2E7AB8EE400A20EE270A07EE900AF8EE677A80EE270AD7
:207F40003BF0A4FB00B2642290FBF2F102FB11022548FAF77FF9142101FB075701FB0454E8
:207F6000F988628A0491218B0391E18A0291A18B0191A18A009102F0030319214B431B4824
:207F8000218A9208FAF770FC08F1010856E71848FAF7F4F8DFE7174807B0BDE8F04FFAF712
:207FA0000DB900BF04000010EC0D00100314060813140608000B00102A140608201400200A
:207FC00057140608B3140608D0110010940E001063150608980E00109C1A00100F1506087C
:207FE0000C0B001000401C462C1506084115060838150608671506082DE9F84F1F4DDFF880
:208000008490DFF884A006460C463B274FF000082046FCF7FDF8D5F800B050B92146584631
:20802000F8F754FC28B96868A0B12146F8F74EFC80B15846FAF7A2F8696811B15046FAF7EB
:2080400009F9A96811B14846FAF704F9FAF79EF84FF00108013F05F11005D9D12046FCF7B2
:20806000D7F848B9B8F1000F06D1224630460449BDE8F84FFBF728BABDE8F88F28930508C2
:208080008F1506088915060883150608F8B5384C2368002B57D00A2801D00D2851D1354DF2
:2080A00095F8A8300BB1FAF771F8334E232130463CF0A9FD08B1801B20602368002273B98B
:2080C00002B12360FAF72EF895F8A830F3B1BDE8F8402A48FAF752B801220B46EFE7591E3F
:2080E000705C2028F8D092B90022254C224FF2543C26013E0DD13146224B9C4212D2E3689F
:208100002068984795F8A930002BDBD1F8BD2360EAE721683846FEF7E5FC01460028EBD1AA
:208120001034E6E795F8A83023B117491748FBF71DF9C7E71648FAF721F80F48FAF73EF89A
:20814000C0E7FF2BE2D8A0F120025E2ADED80BB92028DBD05A1C2260074AD054054B93F8A4
:20816000A830002BD2D0BDE8F840FAF751B800BF4C7600205C8C0020497500201FFC0508D4
:2081800028930508D8960508A3150608BF150608C5150608F8B5344C2378012B00D0F8BD93
:2081A000324D334F2B683E785B682846002E2AD198470028F3D02F4A2F4F12683B88928803
:2081C0009A4232D32D4A126851682A68AE6303FB01F12846D36898472B689B6823B1284621
:2081E000984708B936F0D0FE254A3B88526801333B80002AD3D01368928859690A4214BFCD
:208200005A831A83F8BD9847E8B9EB6A002BC6D0F2F7DAF81B4BEA6AA3FB0013D2EB931211
:20822000BDD4BDE8F84036F0AFBE154B164A5B6812782670002BB2D099881B68920754BF9D
:2082400019835983F8BD0E4B0F495A6809780023EB623B702370002AA1D013689088890791
:2082600054BF18835883F8BDD51E00207C130020D41E0020D01E0020D61E0020C81E0020C4
:20828000D8130020D34D6210D41300202DE9F04F2DED048BEF4C94F8AA50022D91B0824643
:2082A00040F0AD83DFF8C893D4ED2C7AB9F81200DFEDE96A07EE100AB8EEC76A012377EE74
:2082C000C67A9FEDE67A84F8AB30F4EEE67AF1EE10FA94F8AC3088BFF0EE667AF4EEC77A60
:2082E00006EE903AF1EE10FAB8BFF0EE477AF8EE666AB0EEE77AF4EEC76AF1EE10FA00F31D
:208300004584F5EEC07AF1EE10FAB4BF76EEA77A77EEE67A94ED2D7A9FEDCF5ADFEDCF5AFF
:20832000C4ED3E7A37EE467AB4EEC57AF1EE10FA88BFB0EE457AB4EEE57AF1EE10FAB8BF20
:20834000B0EE657AF0EEC75AF4EEE56AF1EE10FA00F37F84B5EEC07AF1EE10FAB4BF36EE34
:20836000877A37EE667AD4ED2E6ADFEDBB5A94F8AE3084ED3F7A76EEC66A9FEDB86AF4EE05
:20838000E56AF1EE10FA88BFF0EE656AF4EEC66AF1EE10FAB8BFF0EE466A0BB9F1EE666A3E
:2083A00094F8AD3006EE103AB8EE466AF0EEE65AF4EEC65AF1EE10FA01F1C580F5EEC06A73
:2083C000F1EE10FAACBF36EEC66A36EE266AA44BD4ED2F6A1A6884ED406AFDEEE66A12F41A
:2083E000805216EE903A00F01F84B3F5FA6FA8BF4FF4FA63B3F57A7FB8BF4FF47A73A3F552
:208400007A7394F8B812002940F0838403EB830103EB410342F6F726B342194600F31D84D8
:2084200013F57A7F00F35684B4F9C03206EE903AF8EEE66AC4ED416A002A40F01984B4F8DC
:20844000E832590640F1D98040F62B021A40854B08BFD4ED402A93ED033AD3ED043AD3ED1F
:20846000095A93ED052AD3ED026A93ED064A93ED076AD3ED084A18BFDFED7B2A36EEA30AD2
:2084800033EE021A76EEC31A76EE839A72EE638A33EE425A76EEE36A32EE232A74EE253AF4
:2084A00036EE643A66EEA36A74EE650A25EE035AF0EE663AE0EE203AB0EE453AA0EE203AAD
:2084C00034EE069A34EE464A36EE246A34EEE58AE1EE463AA1EE063A74EEA54AF0EE455AF9
:2084E000D1EE065A73EEC53AB6EE001A36EE833A63EE813A21EE433AE8EE883AB0EE658AA1
:20850000A9EE893AA0EE608A35EEE66A23EE035AA0EE206A76EE886AF0EE455A66EE816A7E
:20852000D3EEA35AA3EEA35AE2EE046A26EE016AB0EE454AA1EEA46AB0EE655AA6EEE65A37
:2085400023EE061A26EE262AA6EE464AB0EE418AF0EE420AA6EE065A63EE261AA3EEA68A89
:20856000A3EEE61AE3EEC30AE6EE465AA6EEE64A77EE074AB0EE610A25EE075AA3EE860A40
:2085800031EE011A60EE870A64EE884AB0EE457AE3EEC61AA3EE832AE6EEA65AE4EE274A3B
:2085A000A7EE817AB0EE604AA0EE274A71EEA11A32EE022A65EEA25AB0EE001AB0EE645A1B
:2085C000F0EE477AA2EEA15AE2EE227AE4EE015AC3ED0A3A83ED0B3A83ED0C6AC3ED0D6A22
:2085E00084EDBB5AC4EDBC7AC4EDBD5A84ED3E5AC4ED3F7A0AB9C4ED405A0FF04BFF1B4B16
:208600001E7816F0010640F0D981D4ED307AD4ED2C3A94ED2F4AD4ED2D4A94ED335AD4ED9A
:20862000325A94ED316ADFF84C80D4ED2E6A94ED347AFDEEE77AFDEEE33A17EE90BABBF514
:20864000FA6F13EE907AA8BF4FF4FA6BBBF57A7F12E000BF5C8C00200000FA430000FAC33B
:20866000582400201407002000000000F525002038720020D34D6210BDEEC44AB8BF4FF41A
:208680007A7BB7F5FA6F14EE10CAA8BF4FF4FA67B7F57A7FFDEEE44AB8BF4FF47A77BCF5CF
:2086A000FA6F14EE900AA8BF4FF4FA6CBCF57A7FBDEEC55AB8BF4FF47A7CB0F5FA6F15EE70
:2086C000101AA8BF4FF4FA60B0F57A7FFDEEE55AB8BF4FF47A70B1F5FA6F15EE902AA8BFCD
:2086E0004FF4FA61B1F57A7FBDEEC66AB8BF4FF47A71B2F5FA6F16EE103AA8BF4FF4FA6259
:20870000B2F57A7FB8BF4FF47A72B3F5FA6FA8BF4FF4FA63B3F57A7FB8BF4FF47A73ABF513
:208720007A7BA3F57A73CBEBCB1BA7F57A77C3EBC3134FEA4B0B5B00C7EBC717ACF57A7C01
:20874000A0F57A707F000093CCEBCC1CA8FB0BB3C0EBC010A1F57A71A8FB077B4FEA4C0CD6
:208760009F094000C1EBC1117F3FA8FB0C3CA8FB0030FDEEE66A009BD4ED357A4900B14691
:208780004FEA9C1C67F30706A8FB017116EE90EAA8FB0373ACF17F0C8909BDEEC77A6CF3D0
:2087A0000F267F399B09BEF5FA6FA3F17F0361F31746A8BF4FF4FA6E63F31F6617EE103A09
:2087C000BEF57A7FB8BF4FF47A7EB3F5FA6FA8BF4FF4FA63B3F57A7FB8BF4FF47A73A2F544
:2087E0007A72C2EBC212A3F57A73FDEEE77A52004FEA9B1BC3EBC313A8FB02725B00ABF168
:208800007F0B8009B3F5FA3FC0F17F0017EE903A6BF307094FEA9212A2F17F0260F30F297B
:2088200062F31749ACBF01220022B3F5FA6FA8BF4FF4FA63B3F57A7FB8BF4FF47A73D4EDB2
:20884000367AD9480E96A3F57A73FDEEE77AC3EBC3135B00B3F5FA3F17EE903AA8BF42F0AA
:208860000202B3F5FA6FA8BF4FF4FA63B3F57A7FB8BF4FF47A73D4ED377AA3F57A73FDEEB2
:20888000E77AC3EBC3135B00B3F5FA3F17EE903AA8BF42F00402B3F5FA6FA8BF4FF4FA6331
:2088A000B3F57A7FB8BF4FF47A73D4ED387AA3F57A73FDEEE77AC3EBC3135B00B3F5FA3F6C
:2088C00017EE903AA8BF42F00802B3F5FA6FA8BF4FF4FA63B3F57A7FB8BF4FF47A73D4ED05
:2088E000397AA3F57A73FDEEE77AC3EBC3135B00B3F5FA3F17EE903AA8BF42F01002B3F512
:20890000FA6FA8BF4FF4FA63B3F57A7FB8BF4FF47A73D4ED3A7AA3F57A73FDEEE77AC3EBAB
:20892000C3135B00B3F5FA3F17EE903AA8BF42F02002B3F5FA6FA8BF4FF4FA63B3F57A7FE2
:20894000B8BF4FF47A73D4ED3B7AA3F57A73FDEEE77AC3EBC3135B00B3F5FA3F17EE903A9A
:20896000A8BF42F04002B3F5FA6FA8BF4FF4FA63B3F57A7FB8BF4FF47A73AEF57A7ECEEB68
:20898000CE1EA3F57A734FEA4E0EC3EBC3135B00A8FB0EE8B3F5FA3F4FEA981890F81231C4
:2089A000A8F17F08A8BF62F07F0268F31F69032BCDF834908DF83C2000F0308500227B4F51
:2089C00016467B4B84F8AA201B78002B00F0BC803B78472B07D104EB8503764AD3F8F8321C
:2089E0009B1122F8153004EB8603D3F8F8329B11C4F8043311B0BDEC048BBDE8F08F01231F
:208A00006D4A9D4282F82C3000F0928094F80831002B40F0BF8094F848310093002BCDD029
:208A200094F84961002384F84831002E40F0D280BAF1000F00F03B8394F84A31002B00F0AE
:208A40009D865E4BDFF88891A3F140075C4B019307F1400B19E09847032E0CDCB5EE400A23
:208A6000F1EE10FA07D097ED087AD7ED077AE0EE077AB0EE670A94F84A81ABEC010A01365D
:208A8000464507F1080780F22B83072ED8BF19F80680D9F82C20D4F810314A48C8BF5FFA25
:208AA00086F84146002AD6D0984704EB4803BCEEC00AB3F89431B9F81A2010EE101A9A42F5
:208AC00088B215D807EE903AB9F81C30B8EE677A07EE903AF8EE677AF4EEC77AF1EE10FA9A
:208AE00088BFF0EE477AFCEEE77A17EE903A9AB2D4F8BC31DB0416D5D9F82C30012101FA5D
:208B000008F119420FD094F8C03163B194F8C131434508D9019B1968D4F8C431CB1AB3F53F
:208B2000967F98BF104607EE900AB8EE670A93E712F07EFF1E4B1D4F1B780222164684F870
:208B4000AA20002B7FF444AFF1F768FCCAF1010318441D4B1B68D3F818C004EB85034FEA15
:208B6000DC11D3F8F8324FEAA31EBEEBDC1F1CBF8B019911AA0088422244CBBF800103F18B
:208B8000FF33C2F8F802C2F8F83221E7DFED0F7AFFF7C0BBD4F8183104F586709847002337
:208BA00084F8083137E700BF64560020850D002084190010880D00209C1A0010A88D00201A
:208BC000CC130020688D0020981A00100000000038720020BE4F94F84B3197F800C0BAF1E6
:208BE000000F02D0013E84F84961D4F81822002B00F09B80D4F82461002E08BF5646002AE7
:208C000040F07E839FEDB30A4FF448701146BCF13E0FC4F81862A4F81C0284ED880A00F0AB
:208C2000BC84AD4B1A70A6E0B9F81410994250DCB3F5FA6FD4BFC1EB0306C1F5FA664FF45E
:208C40007A73C1F5FA6106FB03F3B3FBF1F3FFF7D8BB9FEDA27AFFF786BBB4F9D63206EE7C
:208C6000903AF8EEE66AC4ED416A002A3FF4E7AB9B4BDB78002B7FF4E2ABD4F8B82194F814
:208C8000E43202F00072002B40F07683002A3FF4D6AB9FED946A944A76EEC66AFDEEE66AF1
:208CA00016EE903A1BB21B0382FB0312DB17C3EBA213C0F5FA6212B202FB03F343F30F33D4
:208CC000034406EE903AF8EEE66AC4ED416AFFF7B6BB1146DFF810C2CE178CFB0173C6EB05
:208CE000A31604EB46034FF47A7EB3F9C072B3F9C2320EFB1611DB1B01FB03F38CFB031C0C
:208D0000DB17C3EBAC133B441BB206EE903AFFF78FBB94F8B91203FB01F1744B83FB0163C2
:208D2000C917C1EB6313FFF771BB002A00F00183AAEB02014FF6DC728A42A8BF0A46B2F51C
:208D4000487FB8BF4FF4487207EE902A9FED687AF8EEE77A90B287EE270A8A1AB2FA82F2C8
:208D600052095D4EA4F81C02BCF13E0F327084ED880A00F0EC83BCF1270F03D13AF086FCD2
:208D80005C4B1880DFF898B1DBF80030D80400F1A382594E94F82532022B00F08783042B9F
:208DA00000F05B83012B1AD1D4F82C32AAEB0303002B14DB0AF59C432033C4F82C3294F818
:208DC0005B3253B194F85932052B97BF04EB43030023B3F87832C3F38D03A4F82832D4F8B0
:208DE00088224649AAEB02038B422FDC92452FD007EE903A424BDFED436A93F828309FEDBE
:208E0000427A9FED425AB4F8262206EE103AF8EE677AB8EEC66A67EEA67A37EE467AF7EE60
:208E2000006A27EE057A77EEE65AB4F82832E7EE256A9A4227EE277A87EE266A40F0C78215
:208E4000334BB3F904201E3240F0D682C4F888A2304B9A4500F238821BF064FF019010F001
:208E600031F8337894F89C9297F8008013F0010300F00081224B94F89E225B7E0028B8BFAC
:208E80004042C6B2B3429CBF012384F89D32002A48D0B9F1010F4CD094F89D3284F89F3259
:208EA000002B46D1019B002B43D11B4B029218781CF0D2FE029A00283BD1184B00981B68E1
:208EC00093F83630003B18BF0123009332E000BF850D002000409C4490760020000000000F
:208EE000C025002000007A44D34D62101F85EB5100247449880D0020F525002090D003000A
:208F000038720020BD378636000080430000803B14070020404B4C00B6240020A425002064
:208F20005824002094F89F321BB9019B002B00F0498200206149DFF8A4C1009B0B7281F84B
:208F4000A1019CF80110002900F08D8094F8A012002940F0888094F82412002940F08380E7
:208F600094F8A11200297ED15549009208781CF073FE009ADFF864C1002874D1DBF8001027
:208F8000CB0600F139849CF804104A004B2AA8BF4B228E42D2B216D3DFED4A7A94EDA97AA6
:208FA000B4EEE77AF1EE10FA10DA94EDAA7AB4EEE77AF1EE10FA09DA94EDAB7AB4EEE77ABE
:208FC000F1EE10FA02DA9642C0F01D843E4BDFED3F7A93ED177AB0EEC77AB4EEE77AF1EEC3
:208FE00010FA40F1108493ED117AB0EEC77AB4EEE77AF1EE10FA40F1068493ED1D7AB0EE5C
:20900000C77AB4EEE77AF1EE10FA40F1FC83D4F8B0220AB9C4F8B0A2D4E9AC13BCF80220B2
:209020004A2E88BF52085B1A4FF47A70534400FB02F2934202D9012284F8A022002900F0C5
:20904000EE83B8F11F0F07D1214A012191804FF47A71B3FBF1F3D380B9F1010F00F0AB8268
:2090600001221646ADE4B8F11F0FF5D1184B00225A60F1E717481149026884F89D32012697
:2090800081F8A16192F8362084F89F32003A18BF0122B8F11F0F0A7201D10D4A5360B9F11B
:2090A000020F00F06E82002384F89C32D8E70A4F94F84B3197F800C097E500BF3C16001046
:2090C000B62400209A99193E9C1A00100000C842880D0020A4250020850D00209C2500200B
:2090E000D4F8B831019903F4807294F84B31096804920391002B40F0338184F8C8311F46AC
:20910000B8F1000F00F00882DFF884E3B9F81C209EF803600292B9F81AB0B9F81220002ED9
:2091200040F0598208F1FF320398D249DFEDD28A9FEDD28ACDF81CA0032AA8BF032200F505
:209140009670CDE9053801F58E79AA4608910D460B9013467146CA4800EB8600D0ED007AD8
:209160004FEA8608002F40F06A810498002840F07181D9F80000039A101A0028C0F2F8820C
:20918000CDE90931002784F8C871F0B223F060F807EE900ADDE90931F8EE677AF4EEE87A5C
:2091A000F1EE10FA88BFF0EE687AF4EEC87AF1EE10FA06F10106B8BFF0EE487AB342E5ECD7
:2091C000017A09F10409C6DA4246DDF81880059BB04555468E46DDF81CA008994EDD02F124
:2091E0000409A84ADFEDA48A9FEDA48ACDF820A049449144039A079302F59672CDE90525BF
:20920000BA464546049FCDF810E088469C4B03EB8600D0ED007ABAF1000F00F09180BCEEA6
:20922000E77A17EE103A98B2834500F28980029B8342C0F08580059BC9F80030002F40F06A
:209240008780F4EEE87AF1EE10FA88BFF0EE687AF4EEC87AF1EE10FA06F10106B8BFF0EE73
:20926000487AB542E8EC017A09F10409CED1DDE906535746DDF810E0DDF820A0002F00F00B
:209280004E81019A1168DEF81020CEF80C10002A00F043828A1ADEF820109142C0F234823F
:2092A000794F97F800C0BCF1280F07D1D4ED2F7A764EFDEEE77A17EE902AF28094F814226E
:2092C000013284F8142290E4714B9A78002A7FF4C3AD01229A70BFE5D4F8B8316D4ED90739
:2092E0003FF558AD3378DA077FF554AD94F8242212B943F002033370042018F0C5FB49E5A2
:20930000B11A4FF6DC728A42A8BF0A46B2F5487FB8BF4FF4487207EE902A9FED5F7AF8EE90
:20932000E77A90B28A1AB2FA82F287EE270A52096DE49FED5A0A1A464FF44870194610E5D5
:2093400037B9D9F80000039B181A0028C0F21382F0B222F07DFF07EE900AF8EE677A70E730
:20936000B2FA82F77F0984F8C871B8F1000F7FF4CBAEDFF81CE181E79FED496A494976EE76
:20938000C66AFDEEE66A16EE903A1BB21B0381FB0361DB17C3EBA113002A00F0B181C0F574
:2093A0007A7212B202FB03F343F30F33034406EE903AF8EEE66A0123C4ED416A84F8E63243
:2093C000FFF73DB8B9F1010F3FF4B3AD6DE507EE903A94EDA37A84EDA46AF8EE677A77EEFB
:2093E000C77AA6EE277A84EDA37ABCEEC77A17EE103AA4F8263223E5D4EDA57A84EDA66AD2
:20940000BBEE0E7A37EE677AE6EE077AC4EDA57AFDEEE77A17EE902A9A8017E540F2031387
:20942000A0F894310DABC0E968330022092300F5CA71C0E96A3237F0BDFAFFF7BFBABCEE19
:20944000E77A17EE102A90B2834558D9049A002A3FF48FAECDE9093197E6F0F7DFFFD4F8FB
:209460008432114AC01A9042C4BF0023A4F82632B5E400BF0C8D002000A00C4500803B4494
:20948000A88D0020288E0020850D0020880D0020C0250020F52500200024744900409C44FA
:2094A00000007A44D34D621060E31600BF4BDFEDC06ADB7B9FEDBF7A04EB8303D3ED2B7A0E
:2094C000FDEEE77A17EE903A1BB2B3F5FA6FA8BF4FF4FA63B3F57A7FB8BF4FF47A7307EE4F
:2094E000903AF8EEE77AA7EEA67AFCEEC77A17EE903A9BB2A4F82632A4F828326FE4029A86
:209500008242A3D30B9AC9F80020049A002A3FF445AE9FE784F8C831DFF8D0E20023019A5B
:20952000A5481168DEF80C20CEF81010891A026842F004020260DEF804209142C4BF0022C4
:209540008EF82520ACE69FED9D6AFEF740BF9C4EB2809C4A019382FB012CCA179A49A1FB87
:209560000001C908C2EBAC02F18047F6FF718A42A8BF0A4632803AF089F8019B3081F381FF
:2095800000E4036893F86830002B3FF469ADD4F8BC3118053FF564AD85E5DFF854C2ACFBCC
:2095A000066C874E4FEA5C1CA6F802C0DFF844C28CF80020CCE7854B1B6893F86530B342B7
:2095C000BFF44EAD824A00235363D3645366022384F89C3244E507EE902A039A7D48DFEDD3
:2095E0007E6A9FED7E7A02F5967208F1FF3CCDE90432BCF1030FB8EE679AA8BF4FF0030CC5
:209600000026A0F19C0100F18009F0EC017A002F68D1032E00F08980F0EE497AF4EEE67AB0
:20962000F1EE10FA88BFF0EE667AF4EEC77AF1EE10FA01EB8602B8BFF0EE477AC2ED007A7D
:20964000B20001366645E0DD049BB0457FF716AE043201EB0209039ADFED5F8A9FED5F8AF7
:20966000CDF814E002F59672CDE903253D464F4699461AE0032E2DDC032E00F09080F0EE1A
:20968000497AF4EEE87AF1EE10FA88BFF0EE687AF4EEC87AF1EE10FA06F10106B8BFF0EE73
:2096A000487AB045E7EC017A5DD04A4B03EB8600D0ED007A002DDDD0FCEEE77A17EE903A44
:2096C00098B28345D6D8029B8342D3D3444B039A43F82620F0B222F0BBFD07EE900AF8EE34
:2096E000677ACEE7BCEEE76A16EE103A9AB25A458FD3029B9A428CD8059B49F826308DE7B6
:2097000084F8E622FFF7D5BA2B4901228EF825200A6822F004020A60C2E52748CEF81010EE
:20972000016841F004010160B5E52E4ADFED2A6A12889FED2A7A049B07EE902AF8EE677AD8
:209740000C22F4EEE67AF1EE10FA88BFF0EE667AF4EEC77AF1EE10FAB8BFF0EE477AC1EDDB
:20976000037A042671E72F464B46DDE9045E85E5D5ED007A12E5D8ED007A62E51A4B0193A0
:209780001B6894F84B31D4F8B821002B3FF4C2AE82F48072C2F3002784F8C871E9E51148AB
:2097A000038807EE903AF8EE677A6AE738720020AAF1823F00C07FC4982500200000000041
:2097C000880D002067666666CDCCCCCCA42500209C1A0010A88D002000A00C4500803B4416
:2097E000288E00203C730020CC130020C02500201F85EB5190760020002A7FF4C4AB019B12
:20980000002B7FF4C0ABD4F8B0222AB1D4F8B4329B1A5344C4F8B4320023C4F8B032B8F1BC
:209820001F0F7FF419AC054A002393804FF47A71D4F8B432B3FBF1F3D3800DE4880D0020D2
:209840002DE9F84F2DED088B9C4BDB79022B40F016819B4D9B4CB5F8E83213F4006300F0DF
:209860002B812378002B00F024819749B5F80A23B5F8083391F81C9095F8307395EDC3AAEB
:209880009A4218BFA5F80A33A9F105018F4B84ED0DAAB1FA81F193F800A04FEA51114FF077
:2098A000000361F3070314BF012200226AF30F2362F3174367F31F636360002F40F025834B
:2098C00094ED0A8AD4ED087AD4ED076AD4ED098AB5F938B37E4B28EE087A67EEA77AA8EEA4
:2098E000A87A83FB0B234FEAEB76E6EEA67AC6EBA30636B2B1EEC76AB1EEE79ADFED756A2F
:2099000084ED056A07EE906AB4EEE67AF8EEE77AF1EE10FA84ED069AC4ED027A00F3D082C3
:20992000DFED6D7ADFF8C88195EDCF8A98F80030C4ED047A4C2B00F08782482B40F0DC801B
:2099400094ED190A654EDFED668A39F09FFEB0EE490A308039F09AFE94ED1C0A708020EE27
:20996000280A39F093FE94ED1D0AB08020EE280A39F08CFEF080DFF87CB19BF8003013F0F6
:20998000010300F0D280B9F1050F40F0CE80BAF1000F40F02B85574684F88070F0F73EFD80
:2099A00026780746002E00F0CA8098F80030242B14D1DFF828916378A9F8063094F95C3005
:2099C000A9F8083094ED050A95F94233A9F80460A9F80A3039F05AFEA9F80C00012E22D1EB
:2099E000D4ED057AB3EE047AF4EEC77AF1EE10FA00F1EB849BF8003085EDE88A13F0010FE2
:209A0000236CC5F8A4334FF0000384F85C3085F8423385F8AC3308BF072363700123C5EDF1
:209A2000EA7A84F881302F4B93F87031002B40F0AB82637895F84B21002B40F07982012319
:209A400084F8813098F800302678274A242B04BF224B9E80D5F8B033FB1A934200F3AF82AF
:209A6000092E00F28480DFE816F062044C042B040504B5038703390328037D0208031B4B65
:209A800003F1780102E0063399420ED01A780A2AF9D19878DA789042FFF4DBAE5A79002A48
:209AA0007FF4D7AE06339942F0D1BDEC088BBDE8F88F1BF031FB01232370D6E63C730020F8
:209AC0005C8C0020F828002060760020BC250020676666660100C84300000000880D0020ED
:209AE0000000C8423C1600103F420F0048730020850D002098770020492B40F08181B0EE6A
:209B0000490A39F0C3FDD64BDA8DD64BA3F804B0DFF8A0B35A80B5F840231880DA809BF878
:209B2000003013F001037FF42EAF002784F88070F0F774FC26780746002E7FF436AFCA4B2E
:209B400066701B7803F00103002B00F0568494ED0D7AD4ED0E7A267884ED107AF4EEC77AA3
:209B6000F1EE10FAB8BFF0EE477AC4ED0E7A98F80070482F00F065814C2F00F0FA814A2F01
:209B800000F05881242F11D194ED190ADFF8D48239F07CFDDFEDB57A94ED060AA8F80E001A
:209BA00020EE270A39F072FDA8F80000012E7FF67CAFAF4B9FEDAF5ADA8894ED109A94EDC2
:209BC000126ADB89D5EDC39A9FEDAB4A95EDEE8A07EE902AA94AA6EE059A06EE903A13461F
:209BE000F3EC014A84ED109A79EE695AF8EE666AF8EE677A93ED007AF4EEE67A27EE057AA9
:209C0000F0EEE53AF1EE10FA9FED985AF4EEC43AB8BFF0EE667A27EE257AF1EE10FAF7EE49
:209C2000006A58BFF0EE456AA6EE878ADFED946A9FED947A9FED945AB4EEE68AF1EE10FA98
:209C400088BFB0EE668AB4EEC78AF1EE10FAF4EEC57AB8BFB0EE478AF1EE10FA65EEA4AAC2
:209C600092ED027A85EDEE8A40F3FE81F0EE086A67EEA67AF1EE676AB4EEE66AF1EE10FAFD
:209C800008D4B4EEE76AF1EE10FA8CBFF0EE676AF0EE466A9FED7D6AF0EEC77AF4EEC67AD0
:209CA000F1EE10FA76EEC78A40F386819FED786A67EE867AB0EE087AB8EE006AA7EE876A53
:209CC00086EE277A734AB5F84633F2EC017A68EEA78AD2ED007A68EE878A26EEA7AA002B7C
:209CE00040F06E83DFED6C6A6C4BD3ED087AB5F84833B6EE007AF4EEC77AF1EE10FAB8BFDF
:209D0000F0EE477AB7EE006A86EE27BA9FED647A7AEEC77A00EE103A77EE887AB8EE400A9E
:209D200077EE8A7AB5F84A3377EEA87A77EEA67AA7EE8B7AB4EEC07AF1EE10FA0CD407EE50
:209D4000903AF8EE677AF4EEC77AF1EE10FA8CBFB0EE470AB0EE670A524B9FED537A9B8A02
:209D60009FED526AB3F57A7FB8BF4FF47A7307EE903AF8EEE77AF7EE006A70EE675A37EEBA
:209D8000677AC5EE877AF4EEE67AF1EE10FA88BFF0EE667AF4EEC67AF1EE10FAB8BFF0EE9E
:209DA000467A382FC5EDEF7A7FF47FAE39F06EFC9FED3F0A2B4C2BEE000A208039F066FC94
:209DC000B0EE490A608039F061FCB0EE690AA08039F05CFCB0EE6A0AE08039F057FCB0EEEE
:209DE000480A208139F052FCB0EE680A608139F04DFCB0EE4A0AA08139F048FCE08154E67B
:209E00004A2B7FF4B8ADB0EE490A39F03FFCDFF854B0B0EE480AABF8000039F037FC94ED55
:209E2000030AABF80400ABF8086039F02FFCABF80A00A0E594ED100A39F028FC094BD88049
:209E4000B4E6084B5E80B1E6DFF818B0B0EE490AABF8006039F01AFCABF804008BE500BFF8
:209E6000CC760020880D0020F5250020CDCCCC3D7C2900200AD7233C00004843709000203F
:209E800000001643000016C3ABAAAA3E0000FA436F12033B7C90002000609F4484900020B4
:209EA00000007A44387200200000FA44000000000000C8429877002088C3E43AE12E654284
:209EC00007EE90BAF8EEE7AA5FED057A6AEEA7AAB0EE6A0A39F08CFBF0EE409AB0EE6A0ACC
:209EE00039F0E0F869EE880AF0EE407AE7EEA80A29EEA80AF1EE600AA7EEC80A39F076FB46
:209F00005FED127A60EE277A0CE5CD4ACD4B92E8030002F10C0683E8030096E8030003E9FD
:209F2000030093E8030003F1080282E80300C7E4C54B1B7C0021012B84F881100BD0022B81
:209F400082F0010204D094F88030002B7FF47AAD002A3FF477AD95F83133002B00F0578251
:209F6000082323701BF0CCF90023267823676367FDE5DFF8FC8294ED190AA8F80A6039F030
:209F800085FBA8F80C0011E6B049B14A0B6843F000530B601178002384F85C302370CB072D
:209FA0007FF547AD95F8243213B941F002011170012017F069FD3CE5B7EE007A82E6237903
:209FC000C5F8B0730BB9022363709BF8003098074FD5A04B93F83030042B34BF0123FF2321
:209FE00095F8422394ED106AD5EDE97AD5EDCF6A95EDE87A85EDE96A13445BB276EE677A02
:20A000000E2B36EEC77A23EAE372F5EE407AC4BF03236370F1EE10FA18BF87EE276AA6F1CA
:20A02000020385F84223D4ED057AC5EDE86A08BFB0EEC76A95EDEA7AC5EDEA7A072B3FF6FC
:20A040000FAD01A252F823F08DA2010899A301086BA3010843A101088BA0010839A30108AA
:20A06000619A0108C7A00108DFED7B6ADFED7B7A02E60123B4E785F8AC331BF013F90023BD
:20A080002678A364C5F8B43371E5F6EE007AB4EEE76AF1EE10FA94F85C30CCBFFF22012200
:20A0A00013445BB223EAE3720E2B84F85C2015DD07220023227084F85C301BF021F91BF0A1
:20A0C000F1F8267853E595F8AC3301335BB20E2BD1DD0022062385F8AC232370D4ED1A7AAE
:20A0E000B7EE007AF4EEC77AF1EE10FA0ED5DFED5C6AF4EEE67AF1EE10FAD7BF9FED597AA0
:20A1000084ED1A7A77EE877AC4ED1A7A1BF0F8F81BF070F895F84433DFED536A95EDC37AD5
:20A1200007EE903AF8EEE77A67EEA67AF4EEC77AF1EE10FAC5DD07260023267084F85C3008
:20A1400015E5D4ED196A9FED496A94F85C3037EE677A66EE867AB4EEE77AF1EE10FA4CBF19
:20A160000122FF2213445BB2132B40F33B820022012384F85C206370D4ED1A7AB7EE007A84
:20A18000F4EEC77AF1EE10FA0ED5DFED356AF4EEE67AF1EE10FAD7BF9FED327A84ED1A7A67
:20A1A00077EE877AC4ED1A7A1BF024F81AF0D2FFD4ED057A94ED157AF4EEC77AF1EE10FA96
:20A1C0007FF57FAF062600232670C4ED157A84F85C30CCE41BF066F8D4ED187AB7EE007A25
:20A1E000F4EEC77AF1EE10FA0ED5DFED1D6AF4EEE67AF1EE10FAD7BF9FED1A7A84ED187A39
:20A2000077EE877AC4ED187A1AF0A4FFD4ED047AB3EE0E7AF0EEE77AF4EEC77AF1EE10FA35
:20A220007FF54FAF084B5B8907EE903AF8EE677A052600232670C4ED197A84F85C3096E445
:20A240006C8F00201C2900207C29002098250020F5250020CC7600200080BBC40080BB44C2
:20A26000A4707D3F0AD7233C0000C842CDCC4C3E880D00206379002B40F0FF801BF012F821
:20A2800000232678C5F8B433636670E4F6EE007AB4EEE76AF1EE10FA94F85C30CCBFFF223E
:20A2A000012213445BB223EAE372092B84F85C2006DD05220023C4ED106A627084F85C3057
:20A2C0001AF0F0FFD4ED0F7A94ED0D7AC84BB4EEE77A93F83820F1EE10FA4CBF01230023FF
:20A2E000934200F05B816379C4ED107A0022002184F85C10A264002B40F05C81032626707E
:20A3000035E494ED0F7AD5EDCF7A9BF80030B84FB4EEE77AF1EE10FACCBF01220022DB07A7
:20A3200087F8382000F18B80072363701FE4B14A137803F0010307E4F6EE007AB4EEE76A91
:20A34000F1EE10FA94F85C30CCBFFF22012213445BB223EAE3720E2B84F85C207FF7ADAE65
:20A360001AF0A8FF2678FFF77BBB94F85C3001335BB2092B84F85C307FF72CAF9E4A5289B9
:20A3800007EE902A0523F8EE677A23700023C4ED197A84F85C30EFE694F85C3001335BB2EF
:20A3A0000E2B84F85C307FF765AF95F83133002B00F0468108220023227084F85C30D1E562
:20A3C00007EE903AF8EE676A8EE495F84433DFED8B6A07EE103AB8EEC77A27EE267AB4EE53
:20A3E000C7AAF1EE10FA7FF505ABB9E795F83133002B08BF0027FFF7CFBA814B1B7A002B2A
:20A400007FF4A5AB00232678A363FFF7B0BB7D4984F85C3023700B68764A43F000530B60CC
:20A420001378DE07E9D595F8241211B943F002031370012017F028FB2678FFF711BB94ED7A
:20A44000057AF3EE047AB4EEE77AF1EE10FA1ED595F844339FED696AD5EDC36A07EE903A2E
:20A46000F8EEE77A67EE867AF4EEE67AF1EE10FA0DDD09262670FFF77ABB1AF04DFE0422C0
:20A480000023227084F85C300426FFF770BB5A4B9FED5A6A9A89D4ED0D6A07EE902AF8EECF
:20A4A000E77A1A8867EE867AC4ED157A07EE902AF8EEE77A67EE867AB4EEE77AF1EE10FACD
:20A4C0007BD5D4ED1F7A9FED507A76EEA77AF4EEC77AF1EE10FAB8BFF0EE477A00264FF070
:20A4E0000009C4ED0F7AC4ED106A2661C5F8B46366661AF0D7FE0120A664A6612666A6661E
:20A50000C5F8B863C5F8BC63C5F8C463A7F8499085F8C0931FF0FAF9342249463B483AF0C7
:20A520005BFBD5EDC87A95EDC76A394BDFED396AC5F8FC6367EEA77A1A46E6EE067A43F89A
:20A54000046B42F8086FB0EE677AF1EEC77A1E603E647E645660966087F8489087F86090C8
:20A56000022677EEA77AF4EEE67AF1EE10FAB8BFF0EE667AC7ED0F7A1AF0CEFD94ED0D7AB3
:20A58000D4ED0F7A2670B4EEE77AF1EE10FA4CBF01234B4687F83830FFF7E9BACBB1164BD2
:20A5A000DB8807EE903AF8EE677A2678C4ED127AFFF7DDBA0423237066E79A78012A37D0FF
:20A5C000022A29D0D4ED0E7A94ED1F7A77EE877A84E7094BDB8907EE903AF8EE677AF1EE05
:20A5E000677AE2E723EAE37384F85C30C4E500BF14070020F52500207C2900200000C8429A
:20A60000CC7200209825002000803B44249000205C9000200000FA4494ED1F7A77EE267AC3
:20A62000F4EEC77AF1EE10FAB8BFF0EE477A55E71B8907EE903AF8EEE77A67EE867A4DE789
:20A640000D4984F85C3023700B680C4A43F000530B601378D9077FF56BAE95F8241211B9CA
:20A6600043F002031370012017F00EFA0023267884F85C30FFF7F4B998250020F52500206C
:20A680009D4B1B685B0700D470472DE9F047DFF8A8829A4F98F80030994E97F86850372BDB
:20A6A00004BF984B1D80D6F84C34044613B11A78012A07D0042D00F21181DFE805F092B6AE
:20A6C0009FAA140093F904108F4B2C2000FB01335B7E002BEED08D498D4B81F82C201A7069
:20A6E0004FF47A77BDE0DFF84492D6F8043548469847002800F0BB80D6F8083509F1C4014B
:20A7000009F1C8009847D6F814A5BAF1000F40F3BE8007EE90AA9FED7F0ADFED7F0AF8EE67
:20A72000E77A27EE800A38F05FFC7C499FED7C7A7C4A0878F7EE007A77EEC07A67EE877AB5
:20A7400092ED007A002800F0AB8077EEC77AC9ED307A98F80030372B17D107EE90AA9FEDF2
:20A76000720ADFF8A081F8EEE77A27EE800A38F08DFFD6F8103599ED300AA8F80200A8F8B6
:20A78000043038F083FFA8F8060096F8E834002B50D1D6F8182546F2A711A01A0523884298
:20A7A00087F868306AD802F5C3422832171B9846564B012283F82C2006EB8505EFF72EFEC2
:20A7C000D5F81C35001B984206EB880388BFC5F81C05D3F81C35C6F80433002F3ED1BDE8D1
:20A7E000F087D6F8F4345148984700283FD0012387F8683098464FF47A77D9E7D6F8FC3432
:20A800004A489847032387F868309846B6F8EC74CEE7D6F800354548984740B3042387F8E1
:20A82000683098464FF47A77C2E7D6F8F8343F489847E0B1022387F86830EFF7EFFD06EBD5
:20A840008505001BD5F81C3583421BD2C5F81C05D6F82435C6F804334FF47A770A2FB8BFA5
:20A860000A27334B1B681B681F61BDE8F08797F86830274A0121022B1170DED098464FF450
:20A880007A7795E7D6F82435C6F80433E4E7234B1B78002B7FF45DAF0023C9F8C03058E7A6
:20A8A000DFF898C0234BB3F800E0BCF8003001339BB277EE877A9E45C2ED007AACF80030C5
:20A8C000EAD807EE103AB8EEC77A0123C7EE876AACF800000B70C2ED006ADDE7D6F8F034D8
:20A8E0001248C6F818459847002387F868309846B6F8EA745CE700BF5C76002014070020B1
:20A900005C8C0020880D0020F80C00209C1A00108419001008942537B1DC423EE9250020B0
:20A92000D048874AEC2500200AD7233CA8900020981A0010F0250020850D0020F225002085
:20A940002DE9F04F2DED0A8BDFF88493C84B99F800201B78C74C02F0010B5B4589B004F2CE
:20A96000345739D0C44ABA607A61C44ABA61002284F83123C4F8502584F8582584F86025FA
:20A9800084F86825C4F87C25A4F88025C4F88825A4F88C2504F26C5200231360D3609361E9
:20A9A00004F25C52C4F87025136004F254523B60136004F264527B60FB603B61C4F8183300
:20A9C000C4F8243313604FF48073A4F874351EF0E5FEA74B83F800B0EFF720FD99F80030A4
:20A9E0000090DE0740F1E582B4F8E83213F4006FA34B019300F03E82012694F8C435B3423B
:20AA000004D030461EF082FF94F8C4659D4B9E4D93ED007A93ED126AD3ED136A93ED145AB4
:20AA200099F8003095ED00AA95ED01BAD5ED02AA95ED03CAD5ED049AD5ED05CAD5ED067AFC
:20AA4000D5ED074AD5ED085A13F00103039340F0208205F586709FED8D0A31F00BFC05F51B
:20AA6000D07305F5DE75019A94F80086D2F800A00AF004021AF0200F029200F09380844A91
:20AA80001278910740F18E80B4F80823B4F80816914200F08780A4F80826B8F1000F40F038
:20AAA000D8827C4A04929189002E00F03D8394F80A26002A00F0388401220592049AD4F832
:20AAC00010165268521A74498A4240F3588402F1255202F5311202F5E0520498D4F80C163B
:20AAE0009FED6E7A07EE902A6D4A92ED1B0A0268521A08EE902AC2898189F8EEE77A20EEA8
:20AB0000070AF8EEE88A632A20EE270A68EE878A03D8632940F260840A4607EE902AB8EE77
:20AB2000E78ADFED607A9FED609A604828EE278ACDE9061328EE088A28EE099AF0EE490AA8
:20AB40001EF034FF5A48F0EE490AB0EE680A1EF02DFFDFED587ADDE9061328EE278ACDE99D
:20AB60000613049B5148B3F9262000EE102AF0EE480AB8EEC00A1EF057FF049B4C48B3F987
:20AB8000243000EE103AF0EE480AB8EEC00A1EF04BFFDDE90521009BC4F81836079B002AD4
:20ABA00040F0C282029A002A39D0B8F1020F46D0B8F1040F37D0404A94F8601592ED308AFB
:20ABC000002900F0008292ED440A38EE400A94F8012607EE902AF8EEE77AB7EE007AF4EEF3
:20ABE000C77AF1EE10FA00F199829FED327AF4EEC77AF1EE10FA00F394829FED307AC7EEE7
:20AC0000270A2F4802931EF0D1FE2E4A009BC4F85035029B82ED008A012284F8742508F1FF
:20AC2000FF32012A0BD91AF0100F08D0264AD4F8B4151268521AB2F5FA7FC0F0CC81D4F8FF
:20AC40005085002E4ED01AF0800F4BD00293EFF7E5FBE26A1D49029B801A884200F310828C
:20AC600094F8002699F80090013A012A37D931E0F42500205C8C002000401C4600409C4675
:20AC80005C7600208C190010849000200000000098770020CC76002000D2496B2C7D8E3F4C
:20ACA000140700200AD7233C0000FA4324920020409200200000C842A8900020007C1248DC
:20ACC00090910020C8910020CC1300209F860100F5250020019A1268D20600F1708209F092
:20ACE0000102039294F87425D7ED007A22B194F87515002900F0EC8194F8801521B194F86B
:20AD00008115002900F0FE8094F88C1521B194F88D15002900F0F680002284F8742584F897
:20AD200080251A68C4F810232A68C4F814235A68D7ED008A97ED016AC4F81C236A68C4F8F0
:20AD400020230022C4EDC68A84EDC96A84F88C254EB1D4F8186636B1009A961BCB4A964254
:20AD6000CCBF0026012684F83063B8F1000F09D0009AA2EB0808C54A9045CCBF4FF000086E
:20AD80004FF00108D3ED027A95ED027ADFEDC05A97ED025ABF4B84F83183F7EE006A77EE7D
:20ADA000877AF0EE664A9FEDBC7A93ED008A93ED040AC4EDC38AE7EEA54AA3F50072F0EE00
:20ADC000665AE5EE075A86EEA45A86EEA59A93ED017AD3ED057AD3ED025AD3ED066A82ED65
:20ADE000006A76EE674A38EEC74AE6EEA47AA5EE847A77EEC04A37EE484AA6EEA40AA5EE1F
:20AE0000848A83ED017A83ED008A83ED038AC3ED057A83ED040A84EDCA5A84EDCB9A84EDB9
:20AE2000CF8A38F033FC02B282EAE273A3EBE2739BB2092B40F2C080002AACBF0A380A3006
:20AE400005B2964BA4F838561B780D2B00F09B80242B07D19FED920A28EE000A38F016FCB1
:20AE6000904B5880904B83F800B009B0BDEC0A8BBDE8F08F1B689D0604D58C4A1278900708
:20AE80003FF5BAAD03F09003902B00F064820026B3E527EE069A67EE268A29EE270AF7EE5B
:20AEA000007AA8EEA40A05F5867027EE058A30EE670ADFED7FBAA8EE250A20EE2B0A31F083
:20AEC000D9F9002E7AD068EEA99A9FED7A0AE8EE2C9A05F5D07318460293E9EE0C9A05F53C
:20AEE000DE7529EE800A31F0C5F928EE8B0A2846A8EE2A0AA9EE0A0A20EE2B0A31F0BAF9DA
:20AF0000029BB0E5039900293FF406AF002A40F0E38094F88025BAB194F8812592B1D4F8B8
:20AF20007C2572B16449D2ED006A91ED037A9FED5A6A37EE677A37EE667AE7EE066AC2ED2D
:20AF4000006A002284F8802594F88C25002A3FF4E8AE94F88D25002A3FF4E3AED4F888256F
:20AF6000002A3FF4DEAE5449D2ED006A91ED067A9FED496A77EE677A77EEE67AE7EE866A15
:20AF8000C2ED006ACDE69FED4D0A464C29EE000A38F07CFB9FED429A208028EE890A38F0D7
:20AFA00075FB28EE090A608038F070FBE580A08058E7434B01936AE7002542E705F5D073C3
:20AFC00005F5DE754FE582ED448A01229FED3D0A84F86025FBE5D4F8B02507EE102AB8EE66
:20AFE000C78AF2EE047AB4EEE78AF1EE10FA3FF526AEB4F8062607EE902AF8EE677AF4EE6E
:20B00000C87AF1EE10FA3FF51AAE94F86825002A7BD02D4A92ED000A38EE400ADFED277A9E
:20B020002A480293A8F10308B8F1010FF3EE090A88BFF0EE670A1EF0B9FC1F4A009B82EDEC
:20B04000068A0122C4F85035984684F88C25029BF7E5A8F10202012A7FF623AD002E40F00D
:20B060007081029A002A00F0AE81B8F1040F7FF4A2AD1AF0100F7FF4D9ADD4F8508531E6A2
:20B0800099F8002002F0010203922BE67F841E0017B751387892002017B7D138850D002039
:20B0A000CDCCCC3D880D0020F4250020987700208F2A75448F2A75C4C89100200000C842EA
:20B0C0005C76002000000000C091002090910020039A002A3FF420AE94F8752592B1D4F8CF
:20B0E000702572B1C649D2ED006A91ED007A9FEDC56A37EE677A37EE667AE7EE066AC2EDAE
:20B10000006A002284F8742503E7BF4A9FEDBF0A82ED008A012284F868257FE7DFEDBC0A29
:20B120006FE5DFEDBC0A6CE5049A9268059207EE902A94F85825B8EEE78ABAB3B64A92EDEE
:20B14000000A38EE400A049A94F80106128A07EE100A632AB8EEC77A03D8632940F2F88014
:20B160000A4607EE902A9FEDAD6ADFEDAD6AF8EEE77A67EE867A67EEA77A67EEA67ADFEDF7
:20B18000A96AA9480493F7EE000AE7EE260A60EEA70A1EF00BFC9A4A009B82ED038A01226E
:20B1A000C4F8503584F88025049BFBE49A4A9FED970A82ED008A012284F85825C3E79B4AFA
:20B1C000D4F8B4151268521AB2F5FA7FBFF487ADD4F8B02507EE102AB8EEC77AF2EE047AD8
:20B1E000B4EEE77AF1EE10FA3FF579ADB4F8062607EE902AF8EE677AF4EEC77AF1EE10FAAF
:20B200003FF56DADB4F918201E2A7FF768AD1E3A07EE902ADFED866AF8EEE77AF4EEE67ADC
:20B22000F1EE10FA00F1CC80DFED826AF4EEE67AF1EE10FA00F3CD80DFED7F6A86EEA79A5B
:20B240000193B4F9363300EE103A9FED7CAAD4ED0A7A94ED098AB8EEC00A27EE088A20EEDC
:20B260000A0A67EE279AF4F7F9FEB4F93433F0EE408A00EE103AB8EEC00A69EEA89A20EEB7
:20B280000A0AF4F7EBFEB4F9383368EE008A08EE103AB8EEC88A28EE0A8AB0EE480AF4F711
:20B2A000DDFEDFED677A28EE278AB0EE40AAB0EE480A37F07BFFFDEEC06A78EE407A16EEED
:20B2C000902A12F0010F27EEA77A019B02F0020167D0DFED5C7A9FED5C6ADFED5C6AA7EE89
:20B2E000276AF7EE007AE6EE076AE6EE877A09B1F1EE677A28EEA78A2AEE680AA9EE8A8A4E
:20B3000053480193A9EEA70AF0EE490A1EF08CFB5048F0EE490AB0EE480A1EF085FB009B0E
:20B32000C4F81836019BDAE401220592012284F80A26049ADFF84CC107CA8CE80700FFF75C
:20B34000BDBB94F80A2632BB0592434A0492EDE7DFED427A13E7EFF761F8E36A404AC31AC9
:20B3600093423FF794AD314B1E68D4F8B435F61AB6F5FA7F2CBF00260126FFF73EBB3949ED
:20B380008A423FF7AAAB02F1564202F5130202F52442FFF7A2BB304A049200220592FFF750
:20B3A0008DBBDFED315A9FED316ADFED316AA7EE256AE6EE076A67EEA67A00299AD097E771
:20B3C0009FED2C9A3CE708F1FF32012A3FF651AE53E69FED299A33E7DFED280A1C489FEDDF
:20B3E000288ACDE906131EF0E1FADFED240A1948B0EE680A1EF0DAFADDE90613FFF7AFBB57
:20B40000C891002017B7D138C091002000000000007C12480080BB44B09100200AD7233C75
:20B4200000606A470AD7A33C90910020CC1300203333333F00008C4200C0DA4688C3E43A0C
:20B4400083F9223F762FA7BC00D8813ECEE99DBF2492002040920020CC760020001BB74A17
:20B460009F860100002EB6944AD99E3DA04B25BF8E0FC93F00401C470000C8430050434734
:20B4800000401C4668920020B24B1B68D90600D470472DE9F041B04CD4F8A0352DED048B79
:20B4A00013B104F5B2609847AC4DD4F8A43595ED088A002B00F09F8005F5B4752846984782
:20B4C000C21C07467CD000287EDA431C00F02A816FF00106A249C4F8AC650B6F0F67FB1A58
:20B4E00003FB03F34FF609229342D8BF9D4A94F8B815D8BFA2FB032394F8552604EB4200AA
:20B50000D4BF43F3CF034FF4C853A0F85836531CDBB2052B84F8553600F0928094F86236B3
:20B52000002B00F0C680B4F85826B4F85A361344B4F85C261344B4F85E261344B4F86026AF
:20B5400013441BB2B3F5FA4F1A46A8BF4FF4FA4222EAE272A4F8C02500295CD00121824B6B
:20B560001B781A2B73D01B2B60D1D4F8B0057F4FD4F8BC353E8000287980BB8054DD002EB4
:20B5800052DDB2F5167FD5ED067A80F2D180002900F0D780B342B4EEE78AD4BF00230123E9
:20B5A000F1EE10FAFB802ED407EE906AF8EEE77A67EE887AFDEEE77A17EE903AC4F8B035DC
:20B5C000BDEC048BBDE8F081694AD4F83C361268C4F8B42504EB83020133052BC2F8400645
:20B5E000C4F83C3600F0948094F85436002B40F0958006466EE75C4B1B784FF0FF361A2BFF
:20B60000C4F8AC6571D0BDEC048B4FF0FF33C4F8B035BDE8F081002EA1DDB3F5167F54DBA4
:20B62000012384F8B83599E70023FB80D5ED067AB4EEE78AF1EE10FAE5D4002EB4DAE2E7E3
:20B64000002384F85536012384F862366BE79FED499A464F28EE090AFA8038F017F8D5ED96
:20B66000068A388128EE890A38F010F8F4EEC88AF1EE10FA0FFA86F800B20CDD4FF0FF33F8
:20B680001A46BDEC048B7881C4F8B035A7F80280BA80BDE8F081002EF0DB07EE906AF8EE39
:20B6A000E77A67EE887AFDEEE77A17EE903A1AB2E7E74FF6FF73A4F8C0354FF0FF3200293C
:20B6C0007FF44DAF002E7FF74AAFD4F8BC35B34209DA294906EB8603C3EB0313A1FB031367
:20B6E0005B09C4F8BC35002139E7DFED228A1F4F28EE280A37F0CAFF95ED600A388120EE27
:20B70000280A37F0C3FFB04600B233463246B8E700220123C4F83C2684F8543630F0BEFF8F
:20B720000646D7E6124B1B68C4F8B4350646D1E6B4EEE78A0023F1EE10FAFB803FF563AF98
:20B7400032E7B4EEE78A0123F1EE10FAFB803FF55AAF29E75C7600205C8C002084900020BA
:20B7600014070020CDCCCCCC850D0020880D0020CC13002000007A441F85EB51F0B54E4D19
:20B7800095F8A93083B00BB103B0F0BD4B4B1B685905F9D5D5F86C36494AC31A93420446B1
:20B7A00051DCEEF73BFE95F8704600F57A70012C0190E9D1D5F874060028E5D003680022F3
:20B7C0005B688DF803209847471E00286DD03D4E09E0A5F87A36AB18013283F8640685F83C
:20B7E0007826013F61D3D5F874060368DB6898477E283FD096F87430002BF2D195F8792662
:20B800007ABB7D2853D095F87C3623B180F0200085F87C26C0B2B5F87A3695F87826034428
:20B82000062A9BB2D5D91A0A52FA83F3FF2B86F87440A5F87A36D4D1234801AA0DF1030191
:20B840002AF02AFDA0E7214890F8E622436CD20704D51BB100F589713C309847C5F86C4651
:20B860009FE71B2885F879360FD00D281AD086F87440B6E700238DF8033085F8783686F882
:20B880007430012385F87936ABE7D5F8740603685B6898470028EAD101238DF8033086F891
:20B8A00074309EE7A5F87A369BE70020C5E7012385F87C3695E700BF5C8C00205824002092
:20B8C000BFC62D0014070020C0920020281300100F4B186810F4003000D170470D4B1B783D
:20B8E000032B01D0002070470B4B1B6833B119689A880B691A4201D00120EEE7074B1A68A7
:20B900000AB90AF071BD1B68052BF5D0F9E700BFA8250020A5760020B4250020B825002007
:20B9200038B50546F6F70EFC0A4B186808F0BEF9F6F7F8FB084B002483F8A94083F8A84036
:20B940001AF078F925B12046BDE83840FBF7E7B838BD00BF747F00205C8C002038B5074C73
:20B96000074DAC4203D3074B01221A7038BDD4E90210A28839F0D8F81C34F2E7FC20060876
:20B9800030290608246D00202C4B82B09A790190002A3AD093F82420DFED296AD979294B1A
:20B9A00007EE902AF8EEE77A274A86EEA77AA1F10201B1FA81F11278490983F87C1083ED86
:20B9C0001E7A02B321499FED226AB1F88A169DED017A07EE901AF8EE677AB8EE477A67EE28
:20B9E000867AF7EE006A67EE877A803377EEA66A002187EEA67A03EBC2021960083303ED6E
:20BA0000017A9A42F9D102B07047124A12681001F9D593F82420DFED0A6ADB7907EE902AD5
:20BA2000F8EEE77A991E86EEA77A064A4B424B4182F87C3082ED1E7AE5E700BFCC15002051
:20BA4000555555409C1A0010340A00105C8C002027D4D2365824002038B5094D2B7963B1F1
:20BA600000242B685B6B20460BB1984708B9002038BD2B7901349C42F3D3012038BD00BF20
:20BA8000781900100C4B93F8752012B90B4B987970470A4A906800B970470949096840F6F0
:20BAA000B83C091A614504DD0021907983F8751070470020F0E700BF140700207819001075
:20BAC000CC1300202DE9F84FDFF808821F46531ED8F8005091460646142B00F2AC80DFE86C
:20BAE00003F05656565656AA0B0B0B0BAA0B0B0BAAAAAAAAAA0B0B004FF47A7B4FF00A0A11
:20BB0000012F4AD0002F40D16D4A6E4B14781878631C03F00303834237D06B4D137004EBA1
:20BB2000440305EBC3034FF47A7283F80CA09A604FEA4408B1B1182303FB04530C3309E019
:20BB4000FF2E07F101070CBF4A460022B94203F8012F07D0BE42F3D101374A46B94203F8BC
:20BB6000012FF7D1FFF778FF002800F09780574A08EB0403DB001268E9180120E85402F5EC
:20BB80001C530F33B3FBF2F34B60BDE8F88F012FDFF844B14FF0010AB4D14D4A537C012B2D
:20BBA00003D0022B00F08280002798F80400E0B1444B1C78444B18220C2112FB04121A44AD
:20BBC000002309E0FF2E03F101030CBF49460021834202F8011F08D0D9B28E42F2D10133B0
:20BBE0004946834202F8011FF6D142F22830EEF741FF32F099FF0FB9EB6998472B6A03B161
:20BC0000984798F80430DBB1002420460AE0FF2E0FD020469847013498F80430E4B29C42C3
:20BC200020460DD2EB6B9847A642AB6A4FF00001EDD14946EDE74FF47A7B4FF0010A5FE764
:20BC4000AB6903B19847EB6A98474FB90AF1FF3A1AF0FF0A0ED032F067FFEB699847CDE76D
:20BC6000EB690AF1FF3A98471AF0FF0A02D032F05BFFC3E75846EEF7FDFE98F80420002AF6
:20BC800083D0104B10481C780D21182313FB041318440021BDE8F84F38F09EBF08EB040394
:20BCA000DB00EA18E8545060BDE8F88F9779002F3FF47BAF9778083F18BF012775E700BF83
:20BCC000980D0020990D00209C0D002038060020CC15002078190010A08601002DE9F041A2
:20BCE000134C24780CB9BDE8F08180460F4616461D46CBB1012BF6D10E4B987980F001004A
:20BD00000028F0D02F2EEED80B4B0C4A1B781278013303F003039342E5D02B463246394630
:20BD20004046BDE8F041CDE6FFF7ACFEE8E700BFE07F002078190010980D0020990D00201B
:20BD400010B5437B82680446581C6073D154627B237B934206D82AB12368D4E9010198478E
:20BD60000023637310BD00BF427B42B110B503680446D0E9010198470023637310BD7047FD
:20BD800030B5056895F800E0BEF1010F95B004468C4643D0BEF1020F02D0002015B030BD4D
:20BDA00019462B6A002BF8D1CDE90A210DF10F0204920122CDE90532CDE908336CF07F0138
:20BDC0008DF81C308DF830208DF844200D931093129300220023CDE90E238DF80F10EFF33A
:20BDE000118C102383F3128803681B6A002B31D0069B04A802461BB1D3691432002BFBD16D
:20BE00002B6AEBB1996839B99A4219D01968A9B15B6899680029F7D01433F3E795F90450A7
:20BE20000179009228466246F0F71AFA0028B5D0284615B0BDE83040F0F7EAB9C3E900407A
:20BE40005FFA8CFC8CF311882268136A002BFCD10120A3E704AB2B625FFA8CFC8CF311880A
:20BE6000EFF74EF8F0E700BF01380F280DD8084B4FF02C0C0CFB003393F9200028B983F89F
:20BE8000201083F82120012070470020704700BFC00200200146074B002001E0102807D0BD
:20BEA0005A688A4200F1010003F12C03F6D1704700207047C002002010B40D4B0D4C1B78A0
:20BEC00001228240134054F8200051B1003B18BF012318B1818802683BB111835DF8044B26
:20BEE0007047B3FA83F35B09F3E75183F6E700BFD4130020D813002010B50A4C23681B6B7C
:20BF00009847094B094A997840F2DC500023A360A4F80530032998BF1046BDE81040EEF782
:20BF2000A9BD00BF78190010CC150020FCA6070070B51B4B5B79012B06460D4618D1194B1A
:20BF40001B68ABB1184B0846B3F98C46F8F760F998B92846F4F7DAFD00F54373B3F5C36F85
:20BF600004460AD930461149BDE87040F7F7ACBABDE870400E48F6F727B90E48F6F724F943
:20BF80000D48F6F7FBF8F6F7DDF80C4B186807F08DFEFFF7B1FF2046BDE87040F3F794B9B9
:20BFA00080150020781300205C8C0020FF150608D215060817160608D6100608747F0020C0
:20BFC00010B5044C23681B6998470023A371A36010BD00BF7819001010B5074C63791BB137
:20BFE0002368DB68984700B910BD044B01221B68A271A36010BD00BF78190010CC130020D7
:20C00000044B1A79824203D91B689B6B03B1184700207047781900102DE9F041104D0024C2
:20C020002E1D4FF05208532715F8010BEEF7B0FE01342021E4B220B180F80680C471EEF701
:20C04000F1FD16F8010BEEF7A3FE402118B18771C471EEF7E7FD042CE6D1BDE8F08100BF76
:20C06000EC920020C3B2612B9DBF034B03EB8003D3F8B003014870472893050890E0050843
:20C0800038B50C4614F8011B41B105462B6828461B68984714F8011B0029F7D138BD00BFCC
:20C0A00003681B68184700BF03682DE9F0415F6A1FB13B46BDE8F041184704460D4616467A
:20C0C00000E023689B68204698478642F9D8002E08DD2E44236815F8011B1B682046984713
:20C0E000B542F7D1BDE8F08103685B68184700BF03689B68184700BF0368DB68184700BFC7
:20C1000003685B69184700BF03689B6A03B11847704700BF0368DB6A03B11847704700BFA0
:20C1200003682DE9F04116469A6A04460D460AB1904723685F6A5FB1324629462046B8470E
:20C140002368DB6AC3B12046BDE8F041184723689B6820469847B042F9D3002EF0DD2E4402
:20C16000236815F8011B1B6820469847B542F7D12368DB6A002BE6D1BDE8F0812DE9F04175
:20C180000A4E04460F4615464FF0010801E086F80080236820469B689847A842F7D32A462F
:20C1A00039462046BDE8F041BAE700BF84190010164B1B8893B9164B93F89C26D3F8983620
:20C1C0002AB143B19A881B6830B11A83704780F00100002BF6D170475A8370470D4B5A69ED
:20C1E000002AF8D00C4A1288002AF4D010B41C6848B101200949B1FBF2F20241226058749A
:20C200005DF8044B704720605874F9E73E2500205C8C0020402500205825002040420F0059
:20C2200000B301B310B5114C4FF0010E2246002302E001334E2B0ED092F804C0844502F125
:20C240001C02F6D1714508D001330EF1010E4E2B5FFA8EFEF0D1002010BDC3EBC30304EBBA
:20C26000830010BD70470846704700BF905405082DE9F04387B00709DDF8388091461E46AA
:20C28000403700F00F0439B3FFF7CAFFC379174ACDE9004305463B4649463046C047C0B19A
:20C2A000286836F017F8AA796B79114912F0020F4FEA93030F4A18BF0A46E97900940133CC
:20C2C000CDE90321CDE901030B4A3B4600213046C04707B0BDE8F083084A0E943B46494683
:20C2E0003046C44607B0BDE8F043604737160608FFFF0508190B0608491606086B160608F4
:20C300002DE9F04F07468BB040F216200C462FF00DF82246054600213846F7F731FE424B66
:20C32000D5E902451B78002B08BF254606464FF015024FF0000104A808BF1C4638F04CFCE1
:20C3400005F13F03039395F80090B9F1000F31D095F801A0002C65D0224600231178494507
:20C3600058D128336B4492F80180012203F8182CD045324614BF0121002138460CBF4FF0F2
:20C38000010B4FF0000BF7F7FBFD064654B1B8F1000F07D0254B00935A463B464146484648
:20C3A000FFF766FF224B00935A463B4651464846FFF75EFF039B03359D42C4D13CB3DFF879
:20C3C0006C90DFF86CA0651C0DF11008403418F8013BCBB915F8013CB3B116B13046F5F7CC
:20C3E000F3FE297815F8010CCDF800903B460022FFF73EFF002215F8010CCDF800A03B4644
:20C400001146FFF735FF00260335A542DFD10BB0BDE8F08F0133152B02F103029ED14FF0AD
:20C420000008A5E7A046A3E7246D002025220108952101082DE9F04F0F4693B0A349054614
:20C4400038469046FAF74EFB0646002840F027819F493846FAF746FB0646002840F0218124
:20C460009C493846FAF73EFB0646002840F01B8199493846FAF736FB0646002840F0158133
:20C4800096493846FAF72EFB002806460ABF012408243E46C8F1000808F0100890493046F3
:20C4A00044EA0804FAF71EFB002800F0008144F020048C4B1B780BB9FFF750FA2EF070FF4C
:20C4C00014F0090F00F056838748F5F77DFE0020FAF79AFF14F48073049340F0F280834898
:20C4E000F5F772FE8248F5F769FE04F01803182B05D18048F5F768FE7F48F5F75FFE01234D
:20C500000393F5F743FE7D497D48F6F7ADF97D497D48F6F7A9F904F48473082B07D17B4962
:20C520002846F6F78DFA79492846F7F7F7F814F0800306930ED1764B93F8A026002A754A12
:20C5400003F5D46306BF012113460021724A2046F5F720FE71492046FAF798FF7049204658
:20C56000FFF7CEFE6F492046FBF70EF96E4BD3F800B06E4B1F6814F01003029340F0A3806F
:20C580006B48F5F721FE029E6A4B05939A466BEA07034FF0000908935AF8043B099323B3CB
:20C5A000089B4FF0010808FA09F813EA08030CBF01210021324620460793F7F7E1FC67EAE3
:20C5C0000B0212EA080F14BF01210021099B5A4A06462046F5F726FE0799099B564A0039FE
:20C5E00018BF01212046F5F7D5FD09F10109B9F11D0FD1D167EA0B034FF000090793059BC1
:20C6000053F804AB0593BAF1000F29D04FF0010808FA09F817EA080F0BD06BEA070212EA3D
:20C62000080F5346454A14BF012100212046F5F7F9FD1BEA080F13D0079B13EA0808324637
:20C640000CBF012100212046F7F79AFCB8F1000106463A4A534618BF01212046F5F79AFDED
:20C6600009F10109B9F11D0FC9D1354B354A36492046F8F7B5FE069B002B6DD0134B2246F1
:20C6800018212846F7F7ACFC039B002B00F07A822E48F5F799FD2E48F5F790FD72E2012448
:20C6A000F8E60224F6E60424F4E68124F2E629493046FAF717FA00283FF4FBAE44F4807401
:20C6C000F7E600231CE71A4E5EE700BF90160608971606089F160608A5160608AE1606081E
:20C6E0002B110608246D0020B7160608BF160608D7160608E31606080B1706087BFD0508CA
:20C700003C06060866FD05084A060608190B06085C8C002001FC05081B170608281706082A
:20C7200032170608A7010608DC840020C87200207D1606080470050838170608441706082A
:20C740004F1706086C720020008C0020371806084D180608B2160608DFF8A893DFF8A8A3E1
:20C7600099F800209AF80030DFF8A0839A4214BF01210021B34A20460CBF01270027F7F7EF
:20C78000FFFB9AF80030B04A013B0646394658F823302046F5F746FD99F80030AA4A013BB3
:20C7A0003946AA4F58F823302046F5F7F3FCD7ED007AA74AF5EE407AF1EE10FA0CBF01217B
:20C7C00000212046F5F7E6FC33463A46A149A24FA24E2046F9F788F8A14BA24A019300926C
:20C7E0003A6831682046FAF727F99F4B019340F202220092BA68B1682046FAF71DF9029BDC
:20C80000002B40F017819948F5F7DEFC029A98499848DFF8FCC20826012711F8013B10F8E9
:20C82000018B03F1480EEE440EF8208C1CF801EB0EF14809E94409F8108C002F00F0FC8089
:20C84000A3EB0E077B427B41013E1F46E5D183F0010120468DF83060F7F792FB864A8DF8A2
:20C8600040600EAB39462046F5F7DCFC824A0AAB39462046F5F78EFC804B814A8149204614
:20C88000F9F760FA804B814A81492046F9F7EEFA804B7B4A7B492046F9F784FB7E4B7F4AF5
:20C8A0007F492046F8F754FC7E4B7F4A7F492046F8F7E4FE7E4B7F4A7F492046F9F780F951
:20C8C0007E4B7F4A7F492046F9F75EFD7E4B7F4A7F492046F9F74CFC029B002B40F0AE802F
:20C8E0007C48F5F771FC0596DFF82882DFF82892DFF828A2002749460222404638F0F0F95C
:20C9000000280DBF0123002301210021059A98F800B002932046F7F733FBBBF1020F059051
:20C9200040F0008199F80130029940F2EE2B192212FB03B3019399F80030674A1AF8033055
:20C94000009320463B46F5F76DFC98F801300299192212FB03B3019398F800305E4A1AF8A0
:20C960000330009320463B46F5F714FC0137122F08F1020809F10209BDD10021574B2246D4
:20C980002846F7F72DFB210740F1E3800027F9B2224628460137FAF787F9042FF7D1504F6C
:20C9A000DFF87C813B7888F80030049B33B94D48F5F70AFC4C492846F8F7F2F8FF2388F8B0
:20C9C0000030F1B2224628460136FAF791F9042EF7D1464E7B783370224600212846FAF7F0
:20C9E000ABF9224601212846FAF7A6F9224602213F4C2846FAF7A0F93B7C2370049BABB9B0
:20CA00003C48F5F7E1FB38492846F8F7F9F83A48F5F7DAFB34492846F8F722F93748F5F758
:20CA2000D3FB3748F5F7AAFB049B0393FF233370237029E60D4AEAE63B4605E7254B0593E0
:20CA400052E700BF561706085C170608B824002065170608A8290020A8250020E82A00204C
:20CA600074170608FFFF7F007B17060885160608B087002028BA0508AD090608E806060851
:20CA8000408100207482002087170608C0810020F4820020821706088D17060848730020C8
:20CAA0002487002091170608048000207C8300209A1706083081002068830020A2170608D0
:20CAC000E4730020B0850020AB17060810260020802A002089160608CD0906089016060855
:20CAE000682A0020AF170608190B06088106002082060020D2170608F917060824180608D0
:20CB000016170608DC2A0020B02400207870050838720020AC840020BC7F002048BC050845
:20CB20008006002099F8003002991AF8033000931C4A3B462046F5F775FB98F80030194A4F
:20CB40001AF80330009302993B462046F5F722FB0CE7154E224631782846FAF7A5F8717826
:20CB600022462846FAF7C4F8317C22462846FAF7E3F889E5A2070BD50B4B2246197828462F
:20CB8000FAF792F8002013B0BDE8F04FF7F705BA6307F7D5044B224659782846FAF7A8F8E9
:20CBA000F0E700BFDD090608682A0020002241E401223FE410B501311446FFF731FB28B958
:20CBC000064B1A681B792260237110BDC27904492046BDE81040F3F749BC00BF77130608E2
:20CBE000441606081A49002301E0152B25D003EB4302013311F802C084450A44F5D130B43E
:20CC0000547800B30CB3134D4FF0010C2A46002302E001334E2B0DD01179814202F11C02CD
:20CC2000F7D1A4450BD001330CF1010C4E2B5FFA8CFCF1D1002030BC704700207047C3EBC6
:20CC4000C30305EB830030BC70472046FBE700BF8C150020905405082DE9F04F3E4C3F4ED3
:20CC6000DFF808B1DFF80091DFF804A107468846002521786078B9B1B0B1384A4FF0010EF4
:20CC8000002302E001334E2B0ED092F804C08C4502F11C02F6D1704535D001330EF1010E11
:20CCA0004E2B5FFA8EFEF0D10135152D04F10304DFD12B4B1D68002D4BDD2A4A2A4EDFF81E
:20CCC000B0C0002104E001318D4202F5807240D090680028F7D003689B0AA3F58013522B46
:20CCE0004FF0000404D8F35C0D2B98BF1CF90340A742E8D143794345E5D192F9FC30002B61
:20CD0000E1D0BDE8F08FC3EBC300D90056F82020920AA2F58012522A06EB800017D819F8B4
:20CD200002200D2A13D81AF902209742BCD1CB1A06EB83035B794345B6D11BF91530002B51
:20CD4000DFD10135152D04F1030492D1B1E70022EBE70020BDE8F08F8C15002090540508CA
:20CD6000080000100C000010E453050864930020BCA90508F0B5DFF8A0E0224F06460025D4
:20CD80009EF800009EF80140B0B1ACB11D4A4FF0010C002302E001334E2B0DD011798142D9
:20CDA00002F11C02F7D164451DD001330CF1010C4E2B5FFA8CFCF1D10135152D0EF1030E22
:20CDC000DED1114B186800280BDD104C00222346996803F5807309B18E420ED00132824286
:20CDE000F6D10B48F0BDC3EBC30307EB83039E42E2D1084800EB4500F0BD04EB0220FC3083
:20CE0000F0BD00BF90540508080000100C00001060980508649300208C150020F8B5C0B384
:20CE200016460F461F4A002301E0152B31D003EB430C5D0012F80C10814203F10103944440
:20CE4000F3D19CF80140B4B1DFF860E00121F446002302E001334E2B0CD09CF80420824257
:20CE60000CF11C0CF6D18C4216D0013301314E2BC9B2F2D100242046FFF77CFF90F9003041
:20CE80003BB9094B2B44204683F8087783F80967F8BD00242046F8BDC3EBC3030EEB8304A8
:20CEA000E9E700BF8C1500205C8C0020905405082DE9F04F754B764F1A68DFF81C92DFF871
:20CEC0001C82D104BA7899F832170346DBB2388C48BFB9F8DC02042A93B008BF002088F8CB
:20CEE000043000295DD06B49097851B930F034FE002856D000220123C8F80820A8F80530C6
:20CF000055E0B879797C051E18BF0125012951D1614962480A70624A00921370614B624E5F
:20CF200000241C70614B02931D704FF44C72604BC8F80030214637F04FFE5E4D009B1B7823
:20CF40009C42D7DA16F8013F3B4493F808B05846FFF748FE82465846EDF71AFFBAF1000F3B
:20CF600019D0FA789AF806300AB183F00103029A127883EA020A03F00103013389F83337A7
:20CF8000002800F0618290F90610002900F02282412900F01F82009900220A70414A01235B
:20CFA0001370454AC8F80020002388F8043013B0BDE8F08F022900F05782394900910B703F
:20CFC0003A4B02931D70072A3C4BC8F8003000F25F82042A0DD97B79394A3A491160012B84
:20CFE00005D0022B06BFB0FA80F35B090023364A1370364B0593364B07932B4B0493DFF8AB
:20D00000E0A000230193009B019A1B7893427FF771AF049B13F8019F049307EB090309F1CC
:20D0200001091C7A5FFA89F903214A462046FFF7F5FE0646002800F0F3812046EDF7A8FEAA
:20D04000059B586120B14FF00303837180F80790FB78BA7896F806B006920BB18BF0010B9A
:20D060003046EEF71BFA184B1B780393002800F0D581002B40F0F481D0E901530A93002D9F
:20D0800000F0CE81134B00242FE000BF58240020CC150020E07F0020DC160020E0160020BD
:20D0A000340A0010DD160020DE15002004000010649805080C040010F0980508A4980508E1
:20D0C0006C090010258D00087009001074090010909C0020C00200205C8C00207819001024
:20D0E0000C050010102C00F0D6815A689542214603F12C0304F10104F4D1CB4A03980B945B
:20D100002C2303FB012393F92020002800F0F681392A00F0408233689B0AA3F58013522B46
:20D1200040F2C6810020C04A2C2303FB012393F92020002A40F074810392392283F8210034
:20D1400083F82020D6F800904846F1F735F8019B8AF81130B54ACAF8086003B203EB4303A2
:20D1600002EBC303CAF88430B14B08901B783079013B0993EDF70CFE0BF00101029B013124
:20D180001B78490141F00A01CAF814108BEA030B10B1F279EEF7E2FCDDE90832934200F059
:20D1A0001282069B063B0D9360220023CAF860201BF00202CAE91A33AAF86430CAF87030CB
:20D1C0000C9200F08D814FEACB0BAAF872300BF0080B0423AAF86EB0AAF864300023CAF850
:20D1E0006830AAF87A300123AAF878300A23AAF87630904B727993F800B0AAF8742002210E
:20D20000AAF87C10BBF1000F00F0B581DAF8842095602A6822F001022A6028462EF058F986
:20D22000039B002B00F094810022CAE90622CAE90822CAE90A22CAE90C22CAE90E22CAE9F0
:20D240001022CAE91222CAF85020BBF1000F00F064813168069B089C7748082B4FF4907CD4
:20D2600001F14C03DAF884100CFB040008617469CAF81840CAE913224FF04002CAE9073049
:20D28000CAF824204FF004034FF00302CAE9113214BF12220622CAF8282000229DF83400E4
:20D2A000CAF82C20CAF83C204FF480634FF48052CAE90C324FF48042CAF8382002284FF48A
:20D2C0000032CAF88050CAF8402000F206815B4A069B02EB8002082BD2F8BC05584AB2FB2D
:20D2E000F0F218BF132002F1230208BF5F20CAF85820DAF8082088801368069228461C46C5
:20D300002EF0E6F801984F4A8C2101FB0021069A002081F854005179069102462046F0F792
:20D32000B1F906990AF160022046EFF71DFD069920460822F0F7A6F94022CAF824200AF1C9
:20D34000180128462EF05AF92A6842F010022A60BBF1000F00F0B780039B002B00F0B380A7
:20D36000B9F800309BB243F00103A9F80030B9F820200C9B717992B2002B00F0AC80042343
:20D380008B409BB222EA0302A9F82020B9F8202092B21343A9F82030DDE90832934200F042
:20D3A0007381029B1B78002B40F0B080079B019A059958330132079301238AF80F304B74E7
:20D3C000082A01F1180301920AF18C0A05937FF41AAE8FE55B0143F009018388E860B3FA0A
:20D3E00083F3C3F11F036B6001344FF0030385F810A069618371C4710190EDF713FC01985F
:20D400001AF0010F07D0EDF775FD082C05F120057FF494AD6EE5EDF75DFDF6E7039BFBB902
:20D42000009A00231370BCE5C00200203C0A0010FC0A001070090010909300202893050829
:20D4400000D012130C0500105B0143F009036B614FF0FF33E86085F810A001346B60CFE7B3
:20D46000D6E904530A930AE600283FF4A6AD082A7FF44EAD9B499C489C4A0B7001230091DD
:20D480000290C8F800200370994B9A4A1A60B0E5082AF9D0ADE5039B002BC1D033689B0AA9
:20D4A000A3F58013522BBBD800220B924FF0FF31914AD35C0D2B96BF904A0020D0564A1CE6
:20D4C0007FF431AEACE70B989AF811308C499022EEF7E0F844E7012352E78D22132006E756
:20D4E00001234FEA4B0B0BF0020BAAF862304FF48073AAF86CB0AAF870306FE6002A8FD128
:20D50000032283F8219083F820201BE63368727934334FF6FF71995048E7CAE912BB0A9B1F
:20D52000CAF818304022CAF82420079BCAF888300422CAF82030CAF850B0CAF844203268A3
:20D54000717934320A44CAF81C20DAF88410A4E60B9B6C485A1E2C2101FB02F26A4B6B49C7
:20D560009A58824214BF4FF480024FF40012086B02430A6358E60C2A9CBF654931F812002B
:20D58000DAF884108A8A88BF584622EA0002AAF80C008A823DE693F8210033689A0AA2F5BF
:20D5A0008012522A00F28880DFF84CC11CF802200D2A00F28180DFF844C11CF9022090423A
:20D5C0007FF4AAADBEE50023326852480B9CADF84430ADF83E308DF8463050F833108A4262
:20D5E00000EBC30C03F1010378D00E2BF5D10B9400200C9232F078FBB9F8003046490C9A2A
:20D6000023F001031B041B0C8A42A9F8003055D0424B9A4252D003F580439A424ED003F5B3
:20D6200080639A424AD003F580639A4246D03C4B1B685B0807EE903A069CA31F0D93DBB287
:20D64000022BF8EE677A3DD8364ADFED376A02EB830303F2BC5393ED007AB8EE477A87EE87
:20D66000870A30EE260A36F011F8082C00F1FF339BB214BF13225F220FA94846ADF83C3018
:20D6800010922EF05DF88FE5B9F800309BB243F08003A9F80030B9F844306FEA43436FEAEF
:20D6A00053439BB2A9F84430B9F800309BB243F00103A9F8003074E6002280E7184BD3ED36
:20D6C000007AB9E79FED197A9FED170AA7EE870A35F0DCFF431E9BB21322CDE79CF804000F
:20D6E0000B9486E7340A001004000010A49805086C090010598D0008E4530508BCA905084A
:20D70000C1A4000800600240C002002000380240B8610508185D0508000401400000014070
:20D72000000E0020289305080AD7233CFCF4B23430B50B4B93F83B20002A0A4A14BF012149
:20D74000002111700BD0084C03F120051A4603CAAA4220606160134604F10804F6D130BD77
:20D76000807F0020507F0020517F002008B501210020FEF7A1FB01210846FEF79DFB0121FC
:20D780000220FEF799FB1E4B1B7803F00503052B32D000210846FEF78FFB00210120FEF790
:20D7A0008BFB00210220FEF787FB164C3220EDF7B5F9236833B11A689B8851690B4214BFF5
:20D7C00053831383636833B11A689B8851690B4214BF53831383A368002BE7D01A689B88B1
:20D7E00051690B4214BF538313833220EDF796F92368002BDFD1E5E718F01CF8C9E700BF61
:20D800003D240020D8130020064B074803F52271002240F8223018338B4202F11202F8D1BD
:20D82000704700BF8C070020A07700202DE9F047C14EC24DC24F7022002106F1C00037F07B
:20D84000CBF900242846C6E94C4433F04DFBD5F890203B681269BB4803FB02FEBA4A2146C1
:20D86000BA4C1360A0FB032003EB43022260B84CD4F804C0B74CC4E988CC0009C4F8FC3132
:20D88000C4F80832C4F81832C4F80C2293005200C4F80032C4F81022C4F81CE2C4F8040265
:20D8A000C4F8140205F118030A4601311B29C3E90022C3E903221A6203F14803F5D101217D
:20D8C0000846DFF8B48208F00FFE0121082008F00BFEA14B98F803A0D5F84022B3F8541040
:20D8E0009E4BB3FBF1F3BAF10001136118BF01210A2008F0F9FD94F82832002B40F0FD80BE
:20D9000098F80490B9F1000918BF4FF0010949460B2008F0E9FD98F80530002B00F0958083
:20D92000DFF85882BAF1000F0CBF49460121DFF850920C2008F0D8FDD9F80030DA0700F17B
:20D94000B380980705D5864EB6F84430002B40F0DA80D9F80030D90600F186801A0600F188
:20D960009B800121072008F0BFFD7E4B0920197808F0BAFD01210D2008F0B6FDD8F8001083
:20D980000E20C1F3C01108F0AFFDD8F800100F20C1F3C01108F0A8FDD9F800101020C1F33A
:20D9A000800108F0A1FDD9F80030D8F8002003F0140302F08002134314BF01210021132042
:20D9C00008F092FDD8F800104B0557D4C1F30041152008F089FDD8F80010634D1620C1F343
:20D9E000C06108F081FD0121192008F07DFD2E1D15F8011BFF2924D05C4B03F1780002E03E
:20DA0000063398421DD01A788A42F9D193F802C0DA78944502D35A79002AF1D001211A2077
:20DA200008F062FD0121172008F05EFDD4F830120039BDE8F0474FF0180018BF012108F078
:20DA400053BDAE42D4D10021E9E798F80630DFF82C81002B7FF466AFD8F8003013F4802389
:20DA60007FF460AF194662E7D8F800101120C1F3402108F039FDD9F800306FE7012114207B
:20DA800008F032FD3A4B93F80D31082B4CD0092B4AD0D8F8001099E7D8F800101220C1F34E
:20DAA000002108F021FD5CE7324BD5F890103868D3E901320A2AB8BF0A220A6100FB02F242
:20DAC0000A2BC4F81C22D5F8D820B8BF0A231361D5F8202101211361022008F005FD012158
:20DAE000032008F001FD0121042008F0FDFC012386F83831D9F8003023E7D5F8D03241F2BE
:20DB000088321A61FCE60121052008F0EDFCD5F86821B6F84410114BB3FBF1F306201361E6
:20DB2000012108F0E1FC14E7D5F8A035D8F800104FF4FA621A6149E79C1A0010A07700202A
:20DB4000201400201F85EB514C7F0020487F0020001000E0549D00206C72002040420F002F
:20DB60008C19001054260020809F0020487300205C8C0020281300101C730020582400209E
:20DB80005C76002080B14342034093FAA3F2B2FA82F23BB11D2A05D8044B03EB8203D3F8BB
:20DBA0000806704702487047024870472893050864B805087713060838B518B10446FDF721
:20DBC00087FE88B1194C00250020FEF7F1FA84F87C5284F87D5206F0A9F8C4F88052A4F8A7
:20DBE0008452C4F8885238BD114BD3F8BC315B04E8D4104B03F5907102E00C338B42F2D091
:20DC00001A78A242F9D15A68002AECD0074AD2F8801219B1587849788842E4D20021C2F8B9
:20DC20008032A2F88412C2F8881238BD549D00205C8C0020287105082DE9F8432DED028B02
:20DC4000AF4AB04C1278B04B94F88C521F88D207804665D5AD4E94EDA68A012D00F09A807C
:20DC6000022D51D0BDB9B4F8923294EDA68ABB42A74BC0F0D9801A68B37AD4F89C1203EBAE
:20DC8000830303EB8303521AB2EB830FC0F21C81012584F88C52B37953B19E4BD3F80090AC
:20DCA000B9F8083023B19C4B1B78002B40F0B08094F88D22AA4238BF2A46B378632B09D87A
:20DCC000DFF864C2022D9CF8B81200F0CD80002940F0DE80914B9FED927A1A70D4E9AA3031
:20DCE000C4F8AC321B1A07FB03F307EE903AF8EEE77A7179A7EE878A84EDA68A00293ED1EE
:20DD0000BDEC028BBDE8F883B4F89032BB42C2D27F4B01251B6884F88C52C4F89C32BAE7B6
:20DD2000EA1E012A47D91889C0F30B0037F046F909288FDD774B754ED3F80090B9F1000F95
:20DD400006D03388BB4240F2CB80B7EB430F82DC0323DFED747A704A84F88C3284F88D3257
:20DD60000023B0EE678AC4EDA67A1370A4F88E32A4F89032A4F89232A4F8943272E0012AA4
:20DD800000F09080022ABBD1BDEC028B0720BDE8F84311E7B4F89432BB424AD2B4F88E329F
:20DDA000BB425B4B38BF00251B6838BF84F88C52C4F89C326FE7574A544ED2F80090B9F1A9
:20DDC000000F4BD03288BA4245D8B9F80010B94241D31889C0F30B0037F0F0F8092875DD85
:20DDE00099F80A10002284F88C2284F88D22002900F0A080484A11700AF060F9424B4A4A41
:20DE00001F88642382F8B9320023C2F8BC322AE70AF0E0FA00284BD102239D422A4684F88B
:20DE20008D3238BF1A4648E71B68C4F89C32002531E7374BD4F89C121A68F37A03EB8303F4
:20DE400003EB8303521AB2EB830FFFF624AF022584F88C521FE7B7EB420FBADC032D45D195
:20DE600094EDA68A032516E791B90120CCF8BC828CF8B802C3F1640301FB03F02B4B83FB23
:20DE80000013C017A0EBA35064308CF8B90221E7DCF8BC122648A8EB01018142EADB8CF88E
:20DEA000B93217E7BDEC028B0820BDE8F84383E699F80B3083420ED301239D422A4684F871
:20DEC0008D3238BF1A46F8E60025E4E6032DC7D094EDA68ADFE6002384F88D322A46ECE682
:20DEE000B9F80020BA42BFF4B6AE2EE71889C0F30B0037F063F809283FF720AFE8E700BF84
:20DF0000F5250020549D0020947600201C730020CC13002034720020A4760020A5760020A3
:20DF2000ACC52737000000005C8C00206BCA5F6B809698001E4AB9F800101268B7FBF1F126
:20DF40000131082992F972201A48CABF0821CDB20D468A4205703FF44FAF002A3FF44CAF91
:20DF6000154A17787A1C02F00302BA423FF444AFDFF848E04FF0FF304FF0E60C09E0002855
:20DF800002DA002D08BF1046013202F00302BA420AD00CFB02E595F972508D42EFD1104638
:20DFA000C0B2F3F711FD27E70028FFF625AFF7E7A4250020A47600202C240020306E0020C9
:20DFC0002DE9F047A84C2DED048BA36820469847002800F0BB80B4F90E30A17D06EE903AED
:20DFE000B4F9103007EE103AB4F9123007EE903AF8EEE66AB8EEC77AF8EEE77A0929C4ED00
:20E00000126A84ED137AC4ED147A00F0A380974E04F148001EF05AFAB28DB36A002A40F0FA
:20E02000A580934A934D1268520700F1E880B3F90020D4ED147A94ED128AD4ED138A06EE48
:20E04000102AB3F90220B3F9043006EE902A07EE103A894B894A93F80080B4F84430D2F84F
:20E06000EC72B8EEC66AF8EEE66AB8EEC77A38EE468A37EEC79A78EEE68A07EE903A338883
:20E0800084ED128AF8EEE79AC4ED138A84ED149A002B40F0FF80B8F1040F00F0E88195ED2E
:20E0A000B76AD5EDB86A95EDB97A85EDB78A38EE466A78EEE66A39EE477A26EE296A66EE84
:20E0C000A96A27EE297A84ED156AC4ED166AC5EDB88A84ED177A85EDB99A94ED137AD4EDCA
:20E0E000167A94ED126AD4ED156A27EE077A67EEA77AA6EE067AB8F1040FE6EEA67A94ED02
:20E10000146AD4ED176AA6EE067AE6EEA67AB1EEC70AB1EEE77AD4ED006A26EE800A26EEEA
:20E12000878A84ED180A84ED198A0CD1DFED548A544D20EE280A35F0A9FA28EE280AA88087
:20E1400035F0A4FA2881012384F86830BDEC048BBDE8F087454E04F1200104F148001EF0D3
:20E160004FF9B28DB36A002A3FF45BAFB2F5C87F00F061813F4DD4ED127A95EDAC7AD4ED92
:20E18000136A94ED146AB8EEC77A4FF0000C37EE277AD5EDAD7AC4F848C0F8EEE77ABDEE6C
:20E1A000C77A77EEA67AD5EDAE6A85EDAC7AF8EEE66AFDEEE77A76EE866A17EE901AC5EDF0
:20E1C000AD7AFDEEE67A4FF0000E012AA3F800E017EE100AC4F84CC017EE907AA3F802E067
:20E1E000C5EDAE7AC4F850C0A3F804E000F00782013AB2851E4A126852077FF518AFB5F8EC
:20E20000BC22322A00F0C280002A40F0BB8195F8DA22002A3FF40BAFDFF870C0D5F8D42292
:20E22000B4F80CE0D5E9B3178CFB0298D217C2EB2812A2EB0E029A808CFB01E2C917C1EB20
:20E24000221119808CFB0721FA17C2EB21125A800D4B00200122D881C3F80A2085F8DA0246
:20E26000F3F7EAFDB36AE2E68C1900104819001058240020549D0020850D00202813001018
:20E2800000007A44880D00202C7300201F85EB510AD7233C002F00F0C380D6ED027A96ED08
:20E2A000037A96ED010A38EE678AE8EE077A95EDB78AC6ED027A77EEC06AA6EE870A30EE21
:20E2C000488A86ED010A28EE298A84ED120A84ED158A85EDB70A002F00F08F80012F00F007
:20E2E0003B81D6ED057A96ED067A96ED040A95EDB88A78EEE78A012FE8EE877A77EEC06A5B
:20E30000C6ED057AA6EE870A30EE488A86ED040A28EE298A84ED130A84ED168A85EDB80A99
:20E3200000F00781022F00F0228196ED087AD6ED096A96ED070A95EDB98A79EE477A022FB4
:20E34000A6EEA77A77EE407A86ED087AA6EEA70A30EE488A86ED070A28EE298A84ED140AE3
:20E3600084ED178A85EDB90A7FF4B7AEB8F1040F7FF4B3AE35F08AF91FED3B0ABC4D28EED6
:20E38000000A688035F082F9E880A6E6D4ED127AD4ED136AB7491A68C9689FEDB77AC5F83F
:20E3A000C022FDEEE77AFDEEE66A0022C5F8C8129988C5EDB37A84ED127AF0EE477A1A8005
:20E3C000C5EDB46A84ED137AA5F8C4125A8094ED147AB5F8BC7277EE877A0022FDEEE77A64
:20E3E0002265012F4FF00002C5EDB57A9A8000F02B81013FA5F8BC7209E7B8F1040F7FF464
:20E4000070AF35F043F99FED9D0ADFF8649228EE000AA9F8020035F039F9A9F8060060E774
:20E42000B8F1040F7FF439AFB0EE480A35F02EF98F4B188031E7D4ED126A94ED137AD4EDF3
:20E44000147A8F4DFDEEE66ABDEEC77AFDEEE77A00200021A064C5EDAC6A198085EDAD7AA0
:20E46000E064C5EDAE7A598020659980C0E697B3D5EDB77A85EDB78A38EE678A012F28EE14
:20E48000298A84ED158A00F0A080D5EDB87AC5EDB88A78EEE77A022F67EEA97AC4ED167A10
:20E4A0003CD1B0EE490A35F0F1F8D5EDB97A9FED730A6F4E85EDB99A79EE677A00B267EE81
:20E4C000A97A308027EE800AC4ED177A708035F0DDF8F08001E6B0EE480A35F0D7F8D5EDA1
:20E4E000B77A9FED660A624E85EDB78A78EE677A00B267EEA97A308027EE800AC4ED157A8C
:20E50000708035F0C3F8D5EDB87AF08078EEE77AC5EDB88A67EEA97AC4ED167AD5EDB97A5E
:20E5200085EDB99A79EE677A67EEA97AC4ED177AD3E5B8F1040F7FF4F8AE35F0A7F89FED37
:20E540004F0ADFF82C9128EE000AA9F8020035F09DF8A9F80600E8E6B8F1040F7FF4C1AE3E
:20E56000B0EE680A35F092F8414B1880B9E6B8F1040F7FF4DAAEB0EE490A35F087F83C4B46
:20E580001880D2E6D5EDB37A94ED127AD4ED136AF8EEE77A002177EE877A0022FDEEE77AB5
:20E5A000A164C5EDB37AD5EDB47A1A80B8EEE77AD5EDB57AE16437EE267AF8EEE77ABDEEF9
:20E5C000C77A5A8085EDB47A01E7B0EE680A35F05DF8D5EDB87A9FED290A254EC5EDB88AF4
:20E5E00078EEE77A00B267EEA97A308027EE800AC4ED167A708035F049F8F0808EE7DFF888
:20E6000084C0B4F80C80C8378CFB07A9FF17C7EBE917C830A7EB08079F808CFB0087C017E3
:20E62000C0EBE710C83118808CFB010CC917C1EBEC1159800F4BC3F80A20A3F80EE0F3F7FF
:20E64000FBFBB28DB36AD3E50B2085F8D82285F8D972FFF7B1FAB36AD5F8C0121960054A21
:20E66000B5F8C4129980D5F8C812D160C1E600BF880D00202C730020000000000AD7233C0C
:20E68000549D00201F85EB5138B52D4B1B78DB0700D538BD2B4B2C4C1B780BBB94F8FC32E4
:20E6A0002A4A07EE103AD2ED077AB8EEC77AF0EEE77AF4EEC77AF1EE10FA08D5D2ED087A17
:20E6C000F0EEE77AB4EEE77AF1EE10FA0CDCABB91F4B01229A73F3F779FB0420FFF76CFA4B
:20E6E000002384F8003338BDD2ED097AF0EEE77AB4EEE77AF1EE10FAEADCE8E7154DEBF70D
:20E700008DFE95F80C33002BEAD1134A136800F5F42101F59071104623B907E003F10800CE
:20E720009B681BB15A68521A002AF7DBC5F8083301220A4B85F80C23C5F804130360CFE7D7
:20E74000F525002048750020549D0020281300102C240020140700205C8C0020140A002055
:20E7600038B5174B1B88F3B9164B93F89C26D3F8983692B913B11A689B881383124C0025E7
:20E7800084F87C5284F87D5205F0D0FAC4F88052A4F88452C4F8885238BD002BEED01A682F
:20E7A0009B885383EAE7094B5A69002AE6D0084A1288002AE2D0196800220A605A74DDE731
:20E7C0003E2500205C8C0020549D002040250020582500202DE9F041DFF87C82D8F8B831A6
:20E7E0001B04054662D50A20FFF7E6F98B4B8C4C1B78D4F8047313F00103A5EB070714D16B
:20E80000884A1678002E00F0908092ED447A864A02E09E4200F08980F2EC017AF4EE477AA6
:20E82000F1EE10FA03F10103F3D0804BD4F880629F4284BFEB1AC4F80433002E70D0D4F865
:20E84000883213B15B1B002B6ADCB4F8847270683B460021C25CFE2A8C465AD0FF2A00F0DC
:20E860009C80591C002A4ED0013342F210719BB201FB0255C4F8885213F00105A4F8843245
:20E8800000F0A880002F00F099803378013B684A0125126805FA03F3134200F0848001238D
:20E8A00084F87D32BDE8F04105F040BA614B1B681F069BD5D8F8BC319E0797D55C4B1B68AC
:20E8C00013F4807392D15C4A127894078ED55B4A92F83000042889D9594901380122052499
:20E8E0000A26834201F8134003F1010300F092808E540232412AF4D14020FF230B540E2088
:20E90000FFF75AF972E78BB2C25CFE2A4FF00101A4D1BCF1000F40D163464FF0010CF3E780
:20E92000484B01221A70BDE8F081474AD8F8B831917803F40043002957D1002B3FF475AF21
:20E9400092F82530012B7FF470AFDFF8E480D8F8083099053FF569AFFCF7BAFF00287FF4A6
:20E9600064AFD4F80833394AEB1A93427FF75DAFD4F80C33002B7FF458AF354A97427FF720
:20E9800054AF98F80420C4F804533146FF20FDF7A5F9D4F80473EF1B47E709B1A4F88432FE
:20E9A000BDE8F041DCE6FCF793FF00287FF477AF2846FDF7FDFB84F87C5270E73378254A64
:20E9C000013BDA40D2077FF562AFEBF727FDC4F810035AE72846FDF7EBFB84F87D5284F85E
:20E9E0007C52BDE8F04105F0A1B992F82520012A03D1002B3FF419AFA7E707F0F5FC002892
:20EA00007FF413AFDFF82880D8F8083098073FF50CAFA6E732238B54501C6EE7F5250020F0
:20EA2000549D0020D0110010E47F002000879303A82500205824002098770020CC7600201A
:20EA40000475002084190010C0250020804F1200D0DD0600300040005C8C00202DE9F04F0A
:20EA600080468BB008460D4633F09AFC024698B3A1492846F1F7E2FE044668BBF3F786FBB0
:20EA80009E489F4D9F4EA04FDFF8BC82F3F796FB14202DF099FCE11004F0070230460131BC
:20EAA000F3F7D8FB95F8212095F920006AB1FDF7D9FA01464046F3F7D7FE0134102C05F148
:20EAC0002C05E8D10BB0BDE8F08FFDF7CBFA01463846F3F7C9FEF0E728468C4905AA36F04F
:20EAE0005EF8054620B901464120F8F74DFEE9E78749F0F7E5FC20B986494046F4F7E4FC59
:20EB0000E0E7854E0827002431682846F0F7D8FC002808BF3446013F06F11006F4D154B9BE
:20EB20007E492846F0F7CCFC28B17D492A464046F4F7CAFCC6E7002074498DF8130005AADA
:20EB400036F02DF80646002C4DD0002849D0F1F7DDFF031E42DB2279062A3AD1E268012150
:20EB600001FA03F0104239D0DBB247F6FE7040FA03F2D20732D599400139084036F01EFA6C
:20EB80000546E0882CF0D2FB6649D0E902230978002918BF1A46217A637A05FB0133002798
:20EBA00012F90390039702EB030A584905AA002035F0F5FF834600283ED15B49012394B38B
:20EBC0009AF900202046CDE900312946F8F752FD78E75D1E13B1A37AAB42D2DC534932461E
:20EBE000A5E7534EFAE768B10DF11301F8F7F2FC28B19DF813502846ECF7CAF820B94D49AC
:20EC0000324694E74A4EFAE72846ECF701FC81462846F8F737FF03902846FDF7E3FFA24621
:20EC200007462546C1E7CDE900319DF813004A463946F8F763FD45E73549F0F741FC06466D
:20EC400058BBACB13C4FEDB2207972B22946ECF7B9FB00283FF436AF028803780093314608
:20EC6000C2F303233846120BF3F7FEFD0136EBE7314C7979386872B2ECF7E6FB00283FF4DE
:20EC800021AF0288037800933146C2F303232046120BF3F7E9FD0136EBE728495846F0F768
:20ECA0000FFC002852D05846F1F730FF064642B29CB12079E9B2ECF785FB002848D1294676
:20ECC0002046F8F7BFFC26681D49CDF800B0034632464046F4F7F8FBF4E679793868ECF747
:20ECE000B3FBA8BB9DF813301649CDF800B01A09403203F00F03ECE7571806085C180608EB
:20ED0000C0020020721806083702060822FC0508190406088318060894060020AF1B0608A1
:20ED200097180608246D002095210108A6180608190B0608B6180608C81806082D0706089C
:20ED4000E91806080C190608E11906084FF0FF3606AF39463046F8F763FC08A94846F8F7CF
:20ED60005FFC4E451CD076B274B18AF8006029462046F8F767FC266800970246134808ABE8
:20ED80003146F3F771FD9DE69DF81320039B10489E701109009708AB02F00F024031F0E7A6
:20EDA0005CB129462046F8F74DFC26680246094808AB3146F3F758FD84E69DF81320064829
:20EDC000110908AB02F00F024031F3E734190608571906087F1906089A1906082DE9F04F83
:20EDE00007468BB008460D4633F0DAFA044630B9014601200BB0BDE8F04FFDF781BA024642
:20EE0000A5492846F1F71AFD30B9A44938460BB0BDE8F04FF4F758BBA14922462846F1F7FE
:20EE20000DFD002856D1F3F7B1F99E48DFF8B4A2DFF8B4B2F3F7C2F917202DF0C5FA0E27A8
:20EE40001AF9018BB8F1000F35D041465846F3F701FA00252E46B10089B24046FDF7FCFE53
:20EE60008146FDF787FF90F9003004460136C3B10DB9F3F78BF999F80630617894F9000042
:20EE8000894A03F00203C9B1884C002B18BF2246FDF7E8F80091034631468548F3F7E4FC33
:20EEA0000125042ED7D115B98248F3F787F9013F17F0FF07C4D10BB0BDE8F08F7B49002BA0
:20EEC00018BF0A46FDF7CEF8314603467A48F3F7CBFCE5E7002474498DF8134005AA28467C
:20EEE00035F05DFE18B93846F5F7EAF8E3E70DF11301F8F76FFB81460028F4D09DF8135095
:20EF00002846EBF745FF20B96C493846F4F7DCFAD1E7DFF8D88123464FF0FF3403EB43029A
:20EF200018F8022095420BD0002C02DA002A08BF1C460133152BF1D1002C16DA6049E4E7CC
:20EF40001C46594905AA002035F029FE0646002800F094805049F0F7B3FA30BB594FDFF883
:20EF60004C81DFF88C91044616E04FF00009E8E7306896F807A033F0ADF9B179737911F0CC
:20EF8000020F0CBF394641469B0802460091013351464846F3F768FC013421462846FDF76E
:20EFA0003FF906460028E3D185E7474902223046F1F744FC4FEA151A0AF1400A05F00F0B77
:20EFC000002843D10290B01CF1F7A0FD029902460291284601310392FDF722F9DDE902325E
:20EFE00038B93A4900965B4652463846F4F76CFA61E7C0799042EBD11F466300B9F1000F6F
:20F0000031D01A1942445678013E7A1C234414BF2946002108EB030208F803107B1C537064
:20F0200008ACFF239370394622462846FDF7C2FD06AA31462846FDF7BDFDB74216D1244860
:20F0400006AB5A465146F3F70FFC34E721493046F0F736FA20B1204900965B465246C4E70D
:20F060004FF0FF37C9E74FF0FF36CEE71B48009406AB5A465146F3F7F7FB1CE704EB44044D
:20F08000174B0093A044024698F8011001232846FDF7EEF80FE700BF1904060883180608B9
:20F0A00057180608B619060822FC0508FFFF0508D6190608F7190608E8190608FD19060872
:20F0C000141A0608190B06083D1A0608401A0608921A06082D0706086C1A0608B01A06088D
:20F0E00095210108BCA90508CF1906088C150020281A06082DE9F04F89B0074605AA084600
:20F100009B4935F04CFD044630B901464120F8F7BDF909B0BDE8F08F9649F0F7D1F9054665
:20F1200000283CD19448954C954EDFF88C82F3F745F814202DF048F994F90600FCF792FF45
:20F140002168A28801F13F4101F57E01B2FA82F2890A03464131C2F11F023046F3F77AF801
:20F16000E17911B14046F3F775F80135F3F70EF8602D04F10804DFD17D4905AA002035F078
:20F180000EFD8049F0F79CF90028C2D138467949FFF724FE77493846FFF760FCB9E7DFF805
:20F1A0001C82002518F93500FCF75CFF8146014620464FEAC50BF0F783F940B10135202DA4
:20F1C000F0D1714922463846F4F77EF9A1E7684905AA35F0E4FC064670B30478303C092CF3
:20F1E0008CBF0024012408EB0B039B7933BBACBBD844B8F8020098F805A098F804B02CF0AE
:20F2000095F804FB0BABD0F808A0002E00F09B803378002B00F0978006A93046F8F7DAF93F
:20F22000002800F08D809DF8186006BB0AF80B605648F2F7C3FF6CE70446D4E79A4634B108
:20F240003046F1F763FC441E01D4A24508DC5049534601223846F4F7CFFF5AE7A246EFE764
:20F26000434905AA002035F09AFC0646C0E73046EBF78EFD009000285ED033094033029378
:20F280000AF80B6006F00F03DFF8308103934FF0000998F80630012B38BF012301930027CB
:20F2A000B8F8020098F804B098F805A02CF03EF807FB0BA38268D15CB14221D1A94503D163
:20F2C000BC421DD00021D154DDE9021231485FFA87FB5FFA89FAF2F7BDFF59465046F8F72A
:20F2E0005BF9A94509D12C48F2F7B4FF50465946F8F752F92948F2F7ADFF2948F2F75EFFB6
:20F30000019B0137BB42CBDC09F10109B9F1200F08F10808BDD1009B224819689A8801F167
:20F320003F4101F57E01B2FA82F2890AC2F11F024131F3F799FAECE63846F4F7C1FEE8E69A
:20F34000194932463FE71AF80B30013473B11A09164903F00F03403206A8F1F787F806AB48
:20F36000134822464946F3F77FFAD2E6114BF7E722FC050857180608D61A0608040E00200E
:20F38000141B0608AE1606081F1B06083B1B0608DE0D06084D1B060891FC0508711B06080F
:20F3A000121A06087B1B0608971B060821130608B31B060877130608ACFF05086072050862
:20F3C0002DE9F04FBD4B1B78222B8FB000F05F82BB4BBC4C1B784FF0010B03F0010654F8AE
:20F3E000E00C00286ED014F8D73C002B73D1B64D002E50D1B54F17E097F85630834200F016
:20F40000B580232800F0B680022800F0138214F8D83C012B04BF002304F8D83C14F8D73C36
:20F42000002B58D154F8E00CFCF75EFE002850D02B6854F8E00C44F8DC3CFCF75DFE2428F0
:20F44000DAD14FF4807324F8D83C04F8D6BCA4F1E00754F8E00CFCF747FE98B354F8E00C9E
:20F46000FCF74AFE14F8D63C023B05460A2B00F26783DFE813F0D801CC01A2018D014501B3
:20F48000F100A8009A00C40083001D0014F8D73C0BBB54F8E00CFCF727FED0B12B6854F840
:20F4A000E00C44F8DC3CFCF727FE2428EED1C8E714F8073C834200F02881002304F8D63C5C
:20F4C00004F8D73C824BE0349C4288D10FB0BDE8F08F14F8D73C012BB9D000F2058214F8C9
:20F4E000D83C002BEED0784954F8DC0C0A68121A632AE7DD012B00F01883022BE2D1754DD2
:20F500000A68754BC5F814230122744983F8A92083F8A8204FF4007354F8E07C24F8D83CD0
:20F520000F60F2F7FFFD6E496E4A6F48C5F81C7305F546730B6013606C4BC5F81833402352
:20F54000A5F8243305F54A73C5F82033F2F736FE674A6848136843F400531360F2F70EFE05
:20F560006549664A00230B701370ABE7012304F8D83C53E7022304F8D83C4FE714F8070C82
:20F5800029462DF03FF954F8103C04F8070CFA18013344F8103C157354F80C2C93427FF4DE
:20F5A00058AF0C2304F8D63C53E714F8083C434004F8083C14F8073C83427FF47EAF0623DD
:20F5C00004F8D63C45E714F8070C29462DF01AF914F8082C54F8103C04F8070C6A4004F8A6
:20F5E000082CFA18013344F8103C157354F80C2C93427FF42EAF092304F8D63C29E754F842
:20F60000103CFA1803F1010844F8108C1073014614F8070C2DF0F6F8B8F1050F04F8070CF7
:20F620007FF417AFB7F80F30C02B3FF646AF002B44F80C3CB7F80D3024F8143C14F8D43C6B
:20F6400004F8123C4FF0000344F8103C0CBF0C230B2304F8D63CFCE654F8103CFA1803F1E0
:20F66000010844F8108C107314F8083C4340014604F8083C14F8070C2DF0C4F8B8F1070F15
:20F6800004F8070C7FF4E5AEB7F81130C02B3FF614AF002B44F80C3CB7F80F3024F8143C79
:20F6A00014F8D23C04F8123C4FF0000344F8103C0CBF0923082304F8D63CCAE6850D00208A
:20F6C000F525002038270020CC1300206C720020D8290020549D00205C8C0020747F002027
:20F6E00050760020486D002098E005087DC10108982500201FFC05084C6D00204D6D0020CB
:20F7000014F8083C83427FF4D8AE14F8D53C4FF00D0204F8D62C002B7FF4CFAE54F80C2CD3
:20F72000ADF83230A4F1D4010A44CDE90A1234F8142C0593ADF83020B04B14F8122C8DF875
:20F74000342001228DF835200FCB06AD85E80F0054F8040C05AB2A460AA904F03DFB0028CC
:20F7600040F0AD80059D002304F8D63C04F8D73C002D3FF4A7AE54F8E00C04F097FA54F88C
:20F78000E00CA8479E4BE0349C427FF428AE9DE654F8103CFA18013344F8103C107314F8F2
:20F7A000082C424004F8082C54F80C2C93427FF450AE062304F8D63C4BE654F8103CFA1887
:20F7C000013344F8103C107314F8082C022B82EA000204F8082C7FF43CAE14F8D43CC02B7B
:20F7E0003FF66BAE14F8D32CFF2A73D0002B44F80C3C4FF0000304F8123C44F8103C0CBFB6
:20F800000623052324F8142C04F8D63C21E60A233C2804F8D63C0BD03E2D7FF44EAE0123AE
:20F8200004F8D53C15E604233C2804F8D63CF3D10023F5E7734ADFF8F88154F8E09CC2F8D5
:20F8400000902A68704BC8F81423032204F8D72C012283F8A9200022009083F8A820F2F76B
:20F8600061FC6A496A4A0098C8F81C9308F546730B601360674BC8F818334023A8F8243312
:20F8800008F54A73C8F82033F2F7C2FCC6E5624B1B6873B119689A880B691A4209D05F4BFF
:20F8A00001221B685E49003B18BF01230A804B808EE55A4B1A68003A18BF0122F1E7069B29
:20F8C000079314F8112C574B06932946384631F04BFB47E7052B7FF6F0AD012304F8113CD9
:20F8E000072304F8D63CB4E5023B012B3FF6EAAD464B1B68002B42D0434B93F8A930002B94
:20F900003DD0494A3F4B009302F56C78531C98452CBF4FF468730023CDE90264D318DFF8F9
:20F9200018A10193009B1868FCF7DEFBE8B1009B1868FCF7E1FB344A92F8A82003463ABB02
:20F94000032800F0D780394B394A1B68D2F814239B1AB3F5FA6F00F3CD80F8F797FB009B88
:20F960001868FCF7C1FB0028E1D1DDE90264F2F7E9FB254B93F8A930002B7FF4A3AD0023A0
:20F9800004F8D73C1E4BE0349C427FF428AD9DE50928DAF8006010D03F280ED0002E40F04D
:20F9A0009A80042800F0C3800C2800F0B7807F28B8D01846F8F76AFBB4E7002E40D0002495
:20F9C000194DDFF87890274602E0103545450DD0296832464846F0F731FF0028F5D12C46D9
:20F9E000002FF2D12F4610354545F1D157BB002C98D01048F2F7C2FB4AE000BFA899050834
:20FA0000D8290020747F00205C8C002050760020486D00207DC10108B4250020B8250020B2
:20FA2000880D002018A2002028930508CC130020549D0020D0E005084C76002049750020E2
:20FA40004B4F019C3D682168AA5D11F806C09445354401EB06006ED1DFF8209106F1FF3C2E
:20FA6000CC4431460AB9FD2950D90CF8012F0131CAF8001015F8012F10F8013F9342F1D09A
:20FA800009B1BC4213D03B48F2F778FBBC4208D357F8100BF2F772FB0920F2F7B9FBBC428F
:20FAA000F6D23548F2F76AFBDAF800100026B1427FF638AFDFF8C490013E4E44344616F8D8
:20FAC000010FF2F7A5FB0234DAF80030A4EB0904A342F3D826E70C2820D07F287FF469AFA6
:20FAE000013E264B2648CAF8006000229A55F2F745FB17E70320DDE90264F2F789FB0020B2
:20FB0000FBF70EFF1F4B93F8A93035E74A1C2020CAF8002029F801001146B2E71A48F2F717
:20FB20002DFB1548F2F72AFBFCE62FF05BF80120FBF7F6FEF6E6002EA5D0BC42A3D1F1E60F
:20FB400000234D2844F8103C24F8083C09D058287FF4B3AC032304F8D63C022304F8113C58
:20FB600077E404F8113C022304F8D63C71E400BF28930508D0E005081FFC0508497500200F
:20FB8000E4E005085C8C0020D8E00508704700BF10B40B6890F894205C1C0C601A700B68FD
:20FBA00090F895205C1C0C601A700A684388541C0C6013700A681B0A541C0C6013700A6896
:20FBC000B0F85030541C0C6013700A681B0A541C0C6013700A68B0F86030541C0C6013709F
:20FBE0000A681B0A541C0C6013700A68B0F86230501C086013700A681B0A501C086013701E
:20FC00000A680023501C086013700A68501C086013700A68501C086013700A68501C086020
:20FC200013700A68501C086013700A68501C086013700A68501C086013700A68501C0860A0
:20FC400013705DF8044B704710B40B6890F821205C1C0C601A700B6890F822205C1C0C6037
:20FC60001A700A688388541C0C6013700A681B0A541C0C6013700A68C388541C0C6013700C
:20FC80000A681B0A541C0C6013700A68438B541C0C6013700A681B0A541C0C6013700A6867
:20FCA000838B501C086013700A681B0A501C086013700A680023501C086013700A68501C27
:20FCC000086013700A68501C086013700A68501C086013700A68501C086013700A68501C00
:20FCE000086013700A68501C086013700A68501C086013705DF8044B704700BF164A0346C4
:20FD000007CA84B00DF1100C0CE90700F3B10B2B0DD810336B44114A13F80C1C12880123CB
:20FD20008B40134214BF0120002004B070470C4A590903F01F0352F82110012202FA03F3C7
:20FD40000B4214BF1046002004B07047054B187800F0010004B07047BC990508448F002011
:20FD6000148E0020F525002070B5104D104C2E1D15F8010BFF2814D0FFF7C0FF2279617910
:20FD800080EA0203DBB299420BD0216841B1B1F804C00968904214BFA1F818C0A1F81AC0CF
:20FDA0006371B54204F10804E2D170BD809F0020006D00200B4A1368C31A0ED0516810B4C3
:20FDC00064241060084804FB01F100245460B1FBF3F15DF8044B01807047044B01221A70AA
:20FDE000704700BF28B200208819001084190010024B1A7A597A2EF09BB800BF28B2002057
:20FE000030B51C4C236883B01B6B98471A4A1B4B927840F2DC50032A98BF18460025A56034
:20FE2000A4F80550EAF726FE154B9B7A012B1DD01AD99A1E012A1BD8022B08BF114B4FF0E6
:20FE4000000208BFB3F900000F4B01920193019B03F10C030193019B4FF0030218BF284654
:20FE60001A6072B6F0F75AFFECF786FD2EF0BAFE03B030BD78190010CC150020FCA6070079
:20FE800028B20020E892002050280040034B187810F0010000D07047B2E700BFF52500201E
:20FEA00010B50B4B1B7813F0010400D010BD094B01229A73F1F78AFFF1F74EFC064BDA7A23
:20FEC000002AF3D0DC72BDE810401FF023BD00BFF52500202C24002028B200202DE9F04F4B
:20FEE0008BB00646D0E900801D46B04BA0EB0800D3F800E0934608F10103A0F1100233609A
:20FF0000934588F800105C46C8BF1FFA82FB32688946AEEB010C0B0A511C3160137032687B
:20FF20004FEA1943511C316000AF1370326897F85000E3454FEA196302F10101316088BFD9
:20FF40001FFA8CFB1370002800F0E680EDB131685A464846EEF708FE0028336840F30E812B
:20FF60007268D11A8842D8BF1A1832604DB1844207DD0021336801305A1C844232601970AB
:20FF8000F8D12C37BD46BDE8F08F3368E8460533C6B01D707B620DF11F0323F01F03194679
:20FFA000BBF1000F00F0FB80F14580F0F28048467E61C7F8089080242A46C7F81880C7F815
:20FFC0000CE00E46A946C7F810C03B699A1AB2F5807F28BF4FF480723146EEF7C5FD796A48
:20FFE00006EB000846450A7839D2C7E90006C7E90729DFF8BCA108F1FF3806F1FF3E1EF8AC
:020000040802F0
:20000000013F3AF813601AF813C0C6F30B1636011CF00F0CB6B21BD000234FF400420CF1E6
:20002000FF3916421EBF08782043087064084FEA520204D101354C70ADB201318024AB4513
:2000400003D8C64554D3994552DC01339C45E8D1F045D4D1D7E90006D7F820907962484433
:20006000AB451FFA80F906D9BB6809EB0300FB6898424A46A9D34946802CC8B2D7F81880A0
:200080007E694FEA112140D06B1C1FFA83FB0335ECB25B46C5F3072532684FF0010C02EBB2
:2000A0000C0EC6F800E01470326802EB0C0434601570326802EB0C04346082F800C0326855
:2000C00002EB0C0434601070326802EB0C0030601170002B5BD0D6E90012501A834201DC38
:2000E00001EB0B0232602C37C546BD46BDE8F08F3B6AFA69D7F818807E6919467B6A802C9A
:20010000C8B21A704FEA1121BED1AA1C2B46D4B2C2F307259B46BFE7D6F800808DBB08F12D
:200120000103336088F800B033685A1C32604FEA1B221A703368591C31601D703168484600
:200140005A46EEF711FD0028A8F800000FDDD6E90032D11A884204DD2C373260BD46BDE834
:20016000F08F03442C373360BD46BDE8F08F33682C3703443360BD46BDE8F08F03443360C3
:20018000F5E65A4641464846EEF7EEFCE4E63168A6E70224294628462B46AB467CE75D46A5
:2001A0000224594658465B4676E700BF78130020C899050838B5054608460C46F0F7BCFA91
:2001C00085F88C002046F0F7B7FA85F88D002046F0F7B2FA85F88E002046F0F7ADFA85F899
:2001E0008F002046F0F7A8FA85F890002046F0F7A3FA85F891002046F0F79EFA85F8920088
:200200002046F0F799FA85F893002046F0F794FA85F896002046F0F7A5FA2046BDE8384091
:20022000F0F7A0BA38B5054608460C46F0F784FA85F894002046F0F77FFA85F895002046F1
:20024000F0F784FA68802046F0F780FAA5F850002046F0F77BFAA5F860002046F0F776FA21
:20026000A5F862002046F0F77DFA2046BDE83840F0F778BA38B5054608460C46F0F75CFA0A
:2002800085F821002046F0F757FA85F822002046F0F75CFAA8802046F0F758FAE88020464B
:2002A000F0F754FA68832046F0F750FAA8832046F0F758FA2046BDE83840F0F753BA00BF87
:2002C00017280AD8064B00EB400013F8200028B10123013803FA00F070470020704700BFE6
:2002E0002871050817289FBF044B00EB400003EB8003986888BF0020704700BF287105084D
:20030000821CD2B2012A03460AD90648002290F90410994205D00132072A00F10C00F6D17F
:20032000002070476C72002070B5542204460021043034F051FC1849234604F15400052203
:20034000042511F9016B1E715A719D71DA710C338342F6D1012525603320FFF7D1FF00B10B
:2003600005603620FFF7CCFF08B1022303603820FFF7C6FF08B1402303603720FFF7C0FF22
:2003800010B14FF480630360522384F856306423A4F8543070BD00BFED6305080246064816
:2003A0000823013B01D11846704790F908109142FAD00C30F5E700BF5C2400202DE9F04FE5
:2003C0002DED028BF72991B0934600F3FE80092940F3F580A1F10A03ED2B00F2F080DFE811
:2003E00013F0CA0AEE00EE00EE00EE00EE00EE00EE00EE00EE00EE00EE00EE00EE00EE0022
:20040000EE00EE00EE00EE00EE00EE00EE00EE00EE00910AEE00EE00EE005E0AEE00EE00D5
:20042000EE004D0AEE005F09EE002409EE00F008EE00E608EE002808EE00E907EE00EE006C
:20044000EE00E007D707EE00B507EE00EE00A807EE00EE00EE00EE00EE002007EE00EE000B
:20046000EE00EE00E506EE00BB08EE0076088E06EE00EE00EE00EE00EE00EE00EE00040678
:20048000EE007105EE00B303EE00D901EE009F01EE00EE00EE00EE0021016A10EE00381074
:2004A0001710890F460F180FED0EEE003D0E6112EE00EE00EE00EE005312EE00EE00EE0073
:2004C000EE00EE00EE002D125F110611B310EE00EE00EE00A2117C11EE00F011270DD60DB9
:2004E000EE00EE002F0CEE00EE00EE00EE00EE00EE00EE00EE00EE00EE002101EE00EE009B
:20050000EE00EE00EE00EE00EE00EE00EE00EE00EE00EE00EE00FD0BEE00EE00A40BEE0020
:20052000EE00EE00EE00EE00EE00EE00EE00EE00EE00EE00EE00EE00EE00EE00EE00EE00DB
:20054000EE00EE00910BEE00EE00EE00EE00EE00EE00EE00EE00EE00EE00EE00EE00EE000D
:20056000EE00EE00EE00EE00EE00EE00EE00EE00EE00EE00EE00EE00EE00EE00EE00EE009B
:20058000EE00EE00EE00EE00EE00EE00EE00EE00EE00EE00EE00EE00EE00EE00EE00EE007B
:2005A000EE00EE00EE00EE00EE00490BEE001E0BEE00EE00EE00EE00EE00EE00DB0A002091
:2005C00011B0BDEC028BBDE8F08F41F20903994202F09E8201F54F43FF339BB20C2BEED8D0
:2005E000A1F5405101390C29E9D801A353F821F067060208BF050208BF050208F106020890
:20060000BF050208BF050208BF050208BF050208BF05020899060208BF050208BF0502088F
:20062000010702080DAD00230D93524E6B601C4698460127894603E00134322C02F082811E
:20064000630906EB8303E0B2DA6804F01F0307FA03F31342F0D0FFF751FB002842F046815E
:2006600008F10108E8E7DBF80020434B0821501CCBF800005C181170DBF8002013F8011FBD
:20068000501CA342CBF800001170F5D1012011B0BDEC028BBDE8F08FDBF80020374B501CE2
:2006A0001978CBF800001170DBF800205978501CCBF800001170DBF800209978501CCBF8BE
:2006C00000001170DBF80020FF21501CCBF800001170DBF800201979501CCBF800001170A1
:2006E000DBF800205B79511CCBF800101370CDE7234B18680028C9D059461FF05FF8C5E75C
:20070000DBF8003001229918CBF800101A70DBF800301C4A591C1278CBF800101A70B5E744
:20072000DBF80030184A591C9278CBF800101A70DBF80030154A591C5279CBF800101A7079
:20074000DBF8003001229918CBF800101A70DBF80030084A591C92F8D820CBF800101A70BC
:20076000DBF800300A4A591C1278CBF800101A708CE700BF28B20020DE1500203C06002025
:20078000F82500205C2500202C730020702500208C8C0020DBF800300022591CCBF8001062
:2007A0001A70DBF80030591CCBF800101A70DBF80030591CCBF800101A70DBF80030591C8D
:2007C000CBF800101A70DBF80030591CCBF800101A70DBF80030591CCBF800101A70DBF83F
:2007E0000030591CCBF800101A70DBF80010D54B481CCBF800000A701868DBF8001090F868
:2008000081004C1CCBF800400870DBF80010481CCBF800000A70DBF80010481CCBF80000E6
:200820000A70DBF80010481CCBF800000A70DBF80010481CCBF800000A701968DBF80000E2
:20084000C98F441CCBF800400170DBF80000090A441CCBF8004001701968DBF80000898F46
:20086000441CCBF800400170DBF80000090A441CCBF8004001701868DBF8001090F83700C8
:200880004C1CCBF800400870DBF80010481CCBF800000A70DBF80010481CCBF800000A706D
:2008A000DBF80010481CCBF800000A701868DBF8001090F83A004C1CCBF800400870DBF8D9
:2008C0000010481CCBF800000A70DBF80010481CCBF800000A70DBF80010481CCBF80000D9
:2008E0000A701868DBF8001090F855004C1CCBF800400870DBF80010481CCBF800000A70D7
:200900001868DBF8001090F858004C1CCBF8004008701868DBF8001090F856004C1CCBF845
:2009200000400870DBF80010481CCBF800000A701868DBF8001090F853004C1CCBF80040D2
:2009400008701868DBF8001090F859004C1CCBF8004008701968DBF800008989441CCBF86F
:2009600000400170DBF80000090A441CCBF8004001701968DBF80000898A441CCBF8004042
:200980000170DBF80000090A441CCBF8004001701968DBF80000898B441CCBF800400170F0
:2009A000DBF80000090A441CCBF800400170DBF80010481CCBF800000A701968DBF8002085
:2009C00091F86C10501CCBF8000011701968DBF8002091F86D10501CCBF8000011701968B7
:2009E000DBF8002091F86E10501CCBF8000011701968DBF8002091F86F10501CCBF80000A2
:200A000011701968DBF8002091F87010501CCBF8000011701968DBF8002091F86910501C46
:200A2000CBF8000011701968DBF8002091F86A10501CCBF8000011701968DBF8002091F84E
:200A40005710501CCBF8000011701968DBF8002091F87110501CCBF8000011701968DBF8FD
:200A6000002091F87210501CCBF8000011701A6892F87C10DBF80020501CCBF80000117060
:200A80001968DBF8002091F88210501CCBF8000011701968DBF8002091F88310501CCBF858
:200AA000000011701968DBF8002091F88510501CCBF8000011701968DBF8002091F88610E0
:200AC000501CCBF8000011701968DBF8002091F88410501CCBF8000011701968DBF80020B1
:200AE00091F88B10501CCBF8000011701968DBF8002091F86B10501CCBF800001170196879
:200B0000DBF8002091F89910501CCBF8000011701968DBF8002091F89A10501CCBF800002A
:200B200011701B68DBF80020B3F89C30511CCBF800101370DBF800201B0A511CCBF800102C
:200B40001370A3E5A4250020DBF80020D94B511C1879CBF80010D84910700A68DBF80000D3
:200B60005288441CCBF800400270DBF80000120A441CCBF8004002700A68DBF80000128823
:200B8000441CCBF800400270DBF80000120A441CCBF800400270DBF800001A89441CCBF823
:200BA00000400270DBF80000120A441CCBF800400270DBF800005A89441CCBF80040027034
:200BC000DBF80000120A441CCBF8004002700A68DBF800009288441CCBF800400270DBF84A
:200BE0000000120A441CCBF8004002700A68DBF80000D288441CCBF800400270DBF80000BD
:200C0000120A441CCBF800400270DBF800009A89441CCBF800400270DBF80000120A441CC9
:200C2000CBF800400270DBF80000DA89441CCBF800400270DBF80000120A441CCBF80040E2
:200C400002700A6892F83000DBF80020541CCBF800401070DBF800205878984C551CCBF835
:200C600000501070DBF8002095480027551CCBF800501770DBF800509A886E1CCBF80060B0
:200C80002A70DBF80060150A06F1010CCBF800C03570DBF80060DD8806F1010CCBF800C01D
:200CA0003570DBF800C02E0A0CF1010ECBF800E08CF80060DBF8006093F813C006F1010E9A
:200CC000CBF800E086F800C0DBF8006093F814C006F1010ECBF800E086F800C00E68B6F896
:200CE00050C0DBF8006006F10108CBF8008086F800C0DBF800604FEA1C2E06F1010CCBF8B3
:200D000000C086F800E00E6896F85EC0DBF8006006F1010ECBF800E086F800C0DBF800C0E6
:200D20005E8B0CF1010ECBF800E08CF80060DBF800C0360A0CF1010ECBF800E08CF80060D1
:200D40009E8BDBF8003003F1010ECBF800E01E70DBF800304FEA162C5E1CCBF8006083F89D
:200D600000C00B68B3F86060DBF8003003F1010ECBF800E01E70DBF800304FEA162C5E1CA6
:200D8000CBF8006083F800C00B68B3F86260DBF8003003F1010ECBF800E01E70DBF80030DB
:200DA0004FEA162C5E1CCBF8006083F800C0DBF800305E1CCBF800601F70DBF800305E1C34
:200DC000CBF800601F70DBF80060B4F8D430771CCBF800703370DBF800601B0A771CCBF867
:200DE00000703370DBF80060B4F8D030771CCBF800703370DBF800601B0A771CCBF800707A
:200E000033700678DBF800305F1CCBF800701E70DBF8003006795F1CCBF800701E70DBF8E1
:200E20000060B4F8D230771CCBF800703370DBF800601B0A771CCBF8007033700B6893F87C
:200E40008910DBF800305E1CCBF800601970DBF8003094F8D6105C1CCBF800401970DBF884
:200E60000030C1885E1CCBF800601970DBF800300C0A591CCBF800101C70DBF80010038977
:200E80000246C51C481CCBF800000B70DBF800101B0A481CCBF800000B70DBF8003012F8D0
:200EA000011F581C9542CBF800001970F5D1FFF7EDBB00BF0C720020A425002028B20020D7
:200EC000DC920020DBF8003001229918CBF800101A70DBF80030DA4A591C1278CBF8001057
:200EE0001A70DBF80020D74B501C1979CBF800001170DBF800209978501CCBF8000011705D
:200F0000DBF800101A88481CCBF800000A70DBF80010120A481CCBF800000A70DBF8001028
:200F20009A8B481CCBF800000A70DBF80010120A481CCBF800000A70DBF800200021501CCB
:200F4000CBF800001170DA78DBF80030581CCBF800001A70DBF80020BB4B501CCBF800000F
:200F60001170DBF800209978501CCBF800001170DBF800201978501CCBF800001170DBF835
:200F800000101A8B481CCBF800000A70DBF80010120A481CCBF800000A70DBF80010B3F9CC
:200FA0001020481CCBF800000A70DBF80010C2F30722481CCBF800000A70DBF800209B7CF4
:200FC000A249501CCBF800001370DBF800308A78591CCBF800101A70DBF800306622591C9D
:200FE000CBF800101A70FFF751BB994A1568002304460D93002D01F017862B680DA99B6A1C
:20100000284698472B6828465B6898472B689B680646002B01F07786284698470546DBF87A
:2010200000305A1CCBF800201E70DBF80020894B2046012419781619CBF800601170DBF810
:20104000002059781619CBF800601170DBF8002099781619CBF800601170DBF800100D9A6B
:201060000E192240CBF800600A70DBF800109A880E19CBF800600A70DBF80060764937193F
:20108000120ACBF800703270DBF800201619CBF800601570DBF800201D7A1619CBF80060B9
:2010A0001570DA88DBF800301E19CBF800601A70DBF80030150A1A19CBF800201D70DBF8CA
:2010C00000301A19CBF800201C70DBF800300A781C19CBF800401A70DBF800304A785C1CBA
:2010E000CBF800401A70DBF8003091F8EA20591CCBF800101A7025F053FFFFF7C7BADBF84A
:20110000003001215A18CBF800201970DBF80030524A5C185079CBF800401870DBF8003035
:201120005818CBF800001970DBF800304C495C1C91F8C800CBF800401870B1F9CA3091F9D9
:20114000C81093FBF1F3DBF80010481CCBF800000B70DBF80010C3F30723481CCBF80000D6
:201160000B70DBF800301179581CCBF800001970DBF8001013684A1CCBF800200B70DBF8B2
:201180000020190A501CCBF800001170DBF80020190C501CCBF800001170DBF800201B0E78
:2011A000511CCBF800101370FFF770BADBF800202C4B501C1979CBF800001170DBF80020AD
:2011C0005979501CCBF800001170DBF800101A88481CCBF800000A70DBF80010120A481C04
:2011E000CBF800000A70DBF800209979501CCBF800001170DBF800105A88481CCBF8000011
:201200000A70DBF80010120A481CCBF800000A70DBF80020DB79511CCBF800101370FFF7B4
:2012200035BA114C2368002B01F0EE840F4B1B78002B01F06B8502200D4D00232A461FE042
:201240009C250020CC1500200C7200202C240020F8250020D8730020E473002080150020CA
:2012600028B200203C73002078130020D51E0020A87600200133062B02F1060201F0818552
:2012800011780229F6D103EB430305EB4302DBF800305D1CCBF8005018709388528801332A
:2012A0009B1ADBF80020551CCBF800501370DBF80020180A561CCBF800601070DBF8002062
:2012C0001D0C561CCBF800601570DBF800201B0E551CCBF800501370DBF800202368541CBA
:2012E000CBF800401370DBF800201C0A551CCBF800501470DBF800201C0C551CCBF80050A8
:201300001470DBF800201B0E541C0DA9CBF800400BA81370EDF75AFAD74A0D9B10680E99AE
:20132000DBF8002003440B44511CCBF80010137025E7D24BDBF8002003CB10605160DBF883
:2013400000300833CBF80030FFF7A0B9DBF80020CB4B501C93F8A510CBF800001170DBF814
:2013600000200021501CCBF800001170DBF8002093F8AC10501CCBF800001170DBF800209F
:2013800093F8A430511CCBF800101370FFF77EB9DBF8003001229918CBF800101A70FFF7D4
:2013A00075B9DBF80020B74B511C1B6ACBF800101370E4E6B44C04F1540694F9045028465A
:2013C000FEF7ECFF80B3DBF800305A1CCBF800201D70DBF800202368511CCBF800101370D0
:2013E000DBF80020C3F30723511CCBF800101370DBF800306279591CCBF800101A70DBF8D4
:201400000030A279591CCBF800101A70DBF80030227A591CCBF800101A70DBF80030E279E0
:20142000591CCBF800101A700C34B442C5D1FFF72DB9964A002402F59670DBF80030591CB9
:20144000CBF800101C70DBF8003011785D1CCBF800501970DBF8003051785D1CCBF8005034
:201460001970DBF8003091785D1CCBF800501970DBF80030D1785D1CCBF800501970DBF88E
:20148000003011795D1CCBF800501970DBF80030D1885E1CCBF800601970DBF800300D0AE1
:2014A000591CCBF800101D70DBF8001013894D1CCBF800500B70DBF800100A321B0A4D1C34
:2014C0008242CBF800500B70B7D1FFF7DFB8DBF800200023511CCBF800101370DBF80020D9
:2014E000511CCBF800101370DBF80020511CCBF800101370DBF80020511CCBF800101370BD
:20150000DBF80020511CCBF800101370DBF80020511CCBF800101370DBF80020511CCBF83C
:2015200000101370DBF80020511CCBF800101370DBF80020511CCBF800101370DBF80020B9
:20154000511CCBF800101370DBF80020511CCBF800101370FFF79AB84D488378002B3FF4DC
:2015600095A84C4D00226E1CDBF8003015F812105C1CCBF80040197016F81230DBF8001080
:2015800003EB830303EB830303F2EE234F1CCBF800700B701C0ADBF80030591CCBF80010D3
:2015A0001C70837801329342DEDCFFF76FB8DBF80030324A591CD27BCBF800101A70FFF731
:2015C00065B8354A02F18005DBF8001052F8043F481CCBF800000B70DBF80010180A4C1C78
:2015E000CBF800400870DBF80010180C4C1CCBF800400870DBF800101B0E481CAA42CBF867
:2016000000000B70E0D1DBF8003001229918CBF800101A70DBF80030194A591C92F8BB202A
:20162000CBF800101A70FFF731B81C4B03F14004DBF80010B3F88020481CCBF800000A7000
:20164000DBF80010120A481CCBF800000A70DBF8002093F88210501CCBF800001170DBF857
:20166000002093F883100433501C9C42CBF800001170DDD1FFF70AB8701300203872002094
:2016800028B20020EC9100206C72002004800020688D0020BC7F00203C81002040810020E3
:2016A000DBF80030EB4A581C117ACBF800001970DBF80010D38A481CCBF800000B70DBF8F2
:2016C00000101B0A481CCBF800000B70DBF80010538A481CCBF800000B70DBF800101B0AC9
:2016E000481CCBF800000B70DBF80010938A481CCBF800000B70DBF800101B0A481CCBF877
:2017000000000B70DBF80030517B581CCBF800001970DBF80010538B481CCBF800000B705C
:20172000DBF800101B0A481CCBF800000B70DBF80010938B481CCBF800000B70DBF8001079
:201740001B0A481CCBF800000B70DBF800100023481CCBF800000B70DBF80010481CCBF810
:2017600000000B70517EDBF8000001EB81014900441C01F57A71CBF800400170DBF800000D
:20178000090A441CCBF800400170DBF80010481CCBF800000B70DBF80010481CCBF80000D3
:2017A0000B70DBF80010481CCBF800000B70DBF80010481CCBF800000B70DBF80010481C5D
:2017C000CBF800000B70DBF80010481CCBF800000B70DBF80010107E4C1CCBF800400870F2
:2017E000DBF80010481CCBF800000B70DBF80010481CCBF800000B70DBF8001092F8220050
:201800004C1CCBF800400870DBF8001092F823004C1CCBF800400870DBF8001092F82600DF
:201820004C1CCBF800400870DBF80010481CCBF800000B70DBF8001087484C1C0078CBF8EB
:2018400000400870DBF8001092F825004C1CCBF800400870DBF8001092F82120481CCBF886
:2018600000000A70DBF8002013609380DBF80020D11DCBF800109371FEF708BFDBF80030FE
:20188000764A581C1178CBF800001970DBF800305278591CCBF800101A70FEF7F7BEDBF823
:2018A00000106F4A481CD2F89830CBF800000B70DBF80010C3F30723481CCBF800000B70C6
:2018C000DBF80010D2F89C30481CCBF800000B70DBF80010C3F30723481CCBF800000B7088
:2018E000DBF80010D2F8A0304A1CCBF800200B70DBF80020C3F30723511CCBF80010137011
:20190000FEF7C4BE574E584C06F1780704F504713578002303E00133322B01F03E8201EB42
:20192000C302D8001279AA42F5D1DBF800302044063690F81522581CCBF800001A70DBF8D7
:20194000003016F8052C581CCBF800001A70DBF8003016F8042C581CCBF800001A70DBF882
:20196000003016F8032C581CBE42CBF800001A70CED1FEF78BBE3D4830F012FD04463B49DA
:20198000DBF80000224633F0CFF8DBF800302344CBF80030FEF77ABE0DA8EFF7A1F900283B
:2019A0003EF474AEDBF80020BDF83430511CCBF800101370DBF800201B0A511CCBF80010AC
:2019C0001370DBF800309DF83620591CCBF800101A70DBF800309DF83720591CCBF800108D
:2019E0001A70DBF800309DF83820591CCBF800101A70DBF800309DF83920591CCBF8001062
:201A00001A70DBF800309DF83A20591CCBF800101A70DBF80020BDF83C30FFF787B8DBF85C
:201A200000201349501CB1F90E30CBF800001370DBF80020C3F30723501CCBF8000013700B
:201A4000DBF80020B1F90C30511CCBF8001013704EE700BF38720020C0160020B024002042
:201A600028B2002048730020BC99050898A100202C730020DBF800307F4F804C591C1422CF
:201A8000CBF800103D461A70002604F5047195F800C0002303E00133322B00F0348701EB57
:201AA000C30210796045F6D1104695F805E0002303E00133322B01F0738101EBC3024FEA3E
:201AC000C30C12797245F4D1DBF800304279581CCBF800001A70DBF800302A79581CCBF8D4
:201AE00000001A70DBF80030A44401369CF81522581C142E05F10605CBF800001A70C6D1D4
:201B0000FEF7C4BDDBF800305D4A591C1278CBF800100DA81A70EFF7E3F8DBF800305A1C5A
:201B2000CBF800201870FEF7B1BD564F9FED568A97ED000A20EE080A31F0A8FD97ED010AC3
:201B400020EE080A064631F0A1FD97ED020A20EE080A054631F09AFD97ED030A20EE080AF6
:201B6000044631F093FDDBF800200346501CCBF800001670DBF80020C6F30721501CCBF876
:201B800000001170DBF80020511CCBF800101570DBF80020C5F30726551CCBF8005016702A
:201BA000DBF80020551CCBF800501470DBF80020C4F30720541CCBF800401070DBF8002073
:201BC000501CCBF800001370C3F30721DBF800305A1CCBF800201970FEF758BDDBF8003083
:201BE0002A4D591C2A78CBF800101A702B78002B3EF44CAD264B0022DBF8001018784C1C93
:201C0000CBF800400870DBF8001058784C1CCBF800400870DBF8001098784C1CCBF8004055
:201C20000870DBF80010D8784C1CCBF80040087029780132914203F10403DDDCFEF726BDE3
:201C4000DBF80030134808900278591CCBF800101A700678002E3EF419AD0F4A0F4B029257
:201C60000F4ADFF8449003920E4ACDF8249001924FF0000A99468FE048730020BC99050893
:201C8000818E0020240A002000FEFF461477002018770020D0110010A81A0010EC0D00105E
:201CA0000C0B001040B2002058240020002C41F0368020460494A646A046A446079423467E
:201CC0000594224606942646274602990431029103995C310391019910310191DBF8001020
:201CE0004D1CCBF8005081F80080DBF800104D1CCBF8005081F800E0DBF800104D1CCBF8A8
:201D00000050049D0D70DBF800104D1CCBF800500870DBF80010481CCBF80000079808705D
:201D2000DBF80010481CCBF8000081F800C0DBF80010481CCBF800000F70DBF80010481C90
:201D4000CBF8000005980870DBF80010481CCBF800000B70DBF80030591CCBF8001006993C
:201D60001970DBF80030591CCBF800101A70DBF800305A1CCBF800201E70DBF800305A1CA2
:201D8000CBF800201C70089B1E780AF1010A564509F114097EF67AAC099B1868AC4B1B789B
:201DA00000F00064002B81D0029B93ED000A31F06DFC99F81E8018F0010F054640F0078752
:201DC00010234FF0270C0793B8F1010F40F29E8518F0020718BF99F8107018F0080218BFD4
:201DE000B9F8142018F0040302D0B9F812309B08002C00F0B287019F5FFA8AF39E4298BF85
:201E00000027D7E901247B887F78D1B20691D9B20591C5F30741E6B2C2F30722C4F3072429
:201E20001B0A5FFA85F8C5F3072E0491280E4CE7DBF80030874A581CD17CCBF800001970DB
:201E4000DBF800300021581CCBF800001970DBF80000814B441C1989CBF800400170DBF8B6
:201E60000000090A441CCBF800400170DBF800009989441CCBF800400170DBF80000090ACC
:201E8000441CCBF800400170DBF800005989441CCBF800400170DBF80000090A441CCBF8DC
:201EA00000400170DBF800009188441CCBF800400170DBF80000090A441CCBF800400170F7
:201EC000DBF80000D188441CCBF800400170DBF80000090A441CCBF800400170DBF8001065
:201EE0005288481CCBF800000A70DBF80010120A481CCBF800000A70DBF80020197C501CD3
:201F0000CBF800001170DBF80020597C501CCBF800001170DBF80010DA88481CCBF8000099
:201F20000A70DBF80010120A481CCBF800000A70DA89DBF80010481CCBF800000A70DBF8CD
:201F40000010120A481CCBF800000A70DBF80020997C501CCBF800001170DBF800209978F8
:201F6000501CCBF800001170DBF800101A88481CCBF800000A70DBF80010120A481CCBF865
:201F800000000A70DBF800209B88FEF7CFBDDBF80030304A581C117ACBF800001970DBF895
:201FA00000100023481CCBF800000B70DBF80010507A4C1CCBF800400870DBF80010481C75
:201FC000CBF800000B70DBF80010907A4C1CCBF800400870DBF80010481CCBF800000B706E
:201FE000DBF80010107B4C1CCBF800400870DBF80010481CCBF800000B70DBF80010507B5D
:202000004C1CCBF800400870DBF80010481CCBF800000B70DBF80010927B481CCBF8000041
:202020000A70DBF800200C49501CCBF800001370DBF80020C97C501CCBF800001170DBF871
:202040000020511CCBF800101370FEF71FBB00BF04000010A08F00207C2900209E4BDBF82B
:2020600000201968501CC978CBF8000011701A68DBF8001090794A1CCBF80020002208707D
:202080001968DBF8000011440132497A441C032ACBF800400170F3D1DBF800100022481C73
:2020A000CBF800000A701868DBF8001000784C1CCBF8004008701868DBF8001040784C1CA2
:2020C000CBF800400870DBF80010481CCBF800000A70DBF80010481CCBF800000A701968FC
:2020E000DBF80020097A501CCBF8000011701968DBF800204979501CCBF800001170DBF801
:2021000000201968501C0979CBF8000011701968DBF80020C979501CCBF800001170196805
:20212000DBF80020097B501CCBF8000011701968DBF80020497B501CCBF8000011701A680E
:20214000DBF80010D289481CCBF800000A70DBF80010120A481CCBF800000A701A68DBF8AB
:202160000010128A481CCBF800000A70DBF80010120A481CCBF800000A701A68DBF800100D
:20218000528A481CCBF800000A70DBF80010120A481CCBF800000A701968DBF800208978AD
:2021A000501CCBF8000011701A68DBF80030927F591CCBF800101A70FEF768BA474B93EDDE
:2021C000000A31F063FADBF800305A1CCBF800201870DBF80030020A591CCBF800101A70B2
:2021E000DBF80030020C591CCBF800101A70DBF80030000E5A1CCBF800201870DBF8002017
:20220000374B511CB3F90030CBF800101370FFF76FBBDBF80010334A481CB2F90030CBF81B
:2022200000000B70DBF80010C3F30723481CCBF800000B70DBF80010B2F90230481CCBF8D7
:2022400000000B70DBF80010C3F30723481CCBF800000B70B2F90430234ADBF8001082FBF2
:202260000302DB17C3EBA2031BB2FFF73DBBDBF800201E49501CB1F8B230CBF800001370C2
:20228000DBF80020501CCBF800001B0A18481370B0F900201448D31780FB0202C3EBA20333
:2022A000DBF800201BB2501CCBF800001370DBF80020C3F30723501CCBF800001370DBF854
:2022C000002091F8B430511C03F00103CBF800101370FEF7DBB900BF307200208492002077
:2022E00094920020908F00206766666628B200209C8F0020DA4BDBF800201B78511C03F070
:202300000203CBF800101370DBF80030D54A581C92F83010CBF800001970DBF80010136858
:20232000481CCBF800000B70DBF80010481CCBF80000180A0870DBF80010481CCBF800004D
:20234000180C0870DBF800101B0E481CCBF800000B70DBF800105368481CCBF800000B70F3
:20236000DBF80010481CCBF80000180A0870DBF80010481CCBF80000180C0870DBF8001030
:202380001B0E481CCBF800000B70916811F1630FC0F25184B1F5C80F80F24984B248CB17E6
:2023A00080FB0101C3EB6113D8B2C3F30723DBF800104C1CCBF800400870DBF80010481C07
:2023C000CBF800000B70DBF80010938D481CCBF800000B70DBF800101B0A481CCBF80000EB
:2023E0000B70DBF80010D38D481CCBF800000B70DBF800101B0A481CCBF800000B70DBF800
:20240000001093894A1CCBF800200B70FEF792BB96488378002B3EF439A9954C0022F4EC8F
:20242000017ADBF80010FCEEE77A4E1C17EE903A9BB2CBF800600B701D0ADBF80030591C30
:20244000CBF800101D70837801329342E7DCFEF71DB90024874D884E274617E0336895ED3C
:20246000000A9B689847DBF80030591CCBF800101870DBF80030020A591CCBF800101A70BC
:202480000134082C05F104053EF400A9B3792BB1336820465B6998470028DFD1DBF8003072
:2024A0005A1CCBF800201F70DBF800305A1CCBF800201F70E4E7714C04F10C05B4EC010A10
:2024C00031F0E4F8DBF80030591CCBF800101870DBF80030C0F30722591CAC42CBF8001017
:2024E0001A70EBD1664C04F10C05A4F11C06D6F8E031B4EC010AD3ED2A7A80EE270A31F079
:20250000C5F8DBF80030591CCBF800101870DBF80030C0F30722591CAC42CBF800101A708C
:20252000E5D103230021DBF80020501CCBF800001170DBF80020013B02F10100CBF8000015
:202540001170F0D1FEF7A2B84E4F0026F5B239460023DBF80020501CCBF800001570DBF864
:202560000020501CCBF800001370DBF8002011F8010F0133541C062BCBF800401070E8D16C
:202580000136062E07F10607E0D13F490023DBF80020501CCBF800001670DBF80020501C68
:2025A000CBF800001370DBF8002011F8010F0133541C0B2BCBF800401070E8D1DBF80030B0
:2025C0000722591CCBF800101A70DBF800300022591CCBF800101A70DBF800302B4A591C1C
:2025E00092F8EF20CBF800101A70FEF74FB8284B93F8E622002A00F0C1835342134043F06A
:202600000103B3FA83F3C3F11F03224ADBF8001002EB0313481CDA79CBF800000A70DBF8A4
:202620000030591CCBF800101A70DBF800200023511CCBF800101370DBF800201649501C01
:2026400091F8CC10CBF800001170DBF800201349501C91F82310CBF800001170FEF756BF0C
:2026600098770020CC7600201F85EB51688D00200C8D0020D81B001078190010D41900107A
:2026800044130010FF8100202382002040810020281300106025002028B200200C72002005
:2026A000DBF800309C4A581C1178CBF800001970DBF800305278591CCBF800101A70DBF876
:2026C00000300022591CCBF800101A70DBF80020924B511CDB88FEF72ABADBF80020904B8F
:2026E000501C1978CBF800001170DBF800205978501CCBF800001170DBF800209978501CB5
:20270000CBF800001170DBF80020D978501CCBF800001170DBF80020197A501CCBF80000CC
:202720001170FEF775BDDBF8003000215A1CCBF800201970DBF800307A4A581CCBF80000ED
:202740001970DBF80010D38B481CCBF800000B70DBF800101B0A481CCBF800000B70DBF890
:202760000010138C481CCBF800000B70DBF800101B0A481CCBF800000B70DBF800306A49A8
:20278000581C0978CBF800001970DBF8003092F82420591CCBF800101A70DBF800306349A6
:2027A000634A0978581CCBF8000019701368DBF80020C3F3C063511CCBF800101370FDF72D
:2027C00065BFDFF86C91D9F8003013F0006340F03682564A107800283DF4F2AEDBF800209E
:2027E000514F501C3978CBF8000011703A78002A3DF44CAF4F4D504E1C46DBF800302A7C8B
:20280000591CCBF800101A70B6EC010A30F03EFFDBF80030591CCBF800101870DBF8003006
:20282000C0F30722591CCBF800101A703B780134A34205F11405E0DCFDF728BFDBF8001094
:20284000364A481C1388CBF800000B70DBF800101B0A481CCBF800000B70DBF80010538853
:20286000481CCBF800000B70DBF800101B0A481CCBF800000B70DBF8001093884A1CCBF8E5
:2028800000200B70FEF756B92C495223DBF80020501CCBF80000137011F8013F002BF5D1D0
:2028A000FDF7F4BE26490023DBF8002008680133541C10F83300CBF8004010700A68DBF8D6
:2028C000000002EBC302441C5278CBF8004002700A68DBF8000002EBC302441C9278CBF883
:2028E0000040052B0270DFD1FDF7D0BE4FEA581108F01F0255F8213007FA02F2134345F8E3
:202900002130FDF7ADBE0020FFF7CFB8002213461746FFF76DBA00BF088D0020348F00201E
:20292000CC720020CC150020D01100100400001058240020EC0D0010A81A001048F4050873
:20294000A4250020DBF80020DB4BDC48D3F82831541CCBF800401370DBF80020D84C551CAF
:20296000C3F30723CBF800501370DBF800200388501C9BB2CBF8000013701D0ADBF800303A
:202980005A1CCBF800201D702268DBF8004002F00105C2F3400343EA4513C2F3800543EAD8
:2029A0004503C2F3C00543EA8503C2F3401543EAC50302F010052B43C2F3C01243EA8213E3
:2029C000621CCBF800202370DBF80030BD4D5A1C0020CBF800201870DBF800300D9A1A60D1
:2029E000DBF80020B84B2C781B88571DCBF800701471DBF80020642BA8BF6423541CCBF8CB
:202A000000401370DBF8003049465A1CCBF8002096291870DBF8003000F064815A1CCBF8B0
:202A200000201870DBF800305A1CCBF800201870B8F1110F40F33C81B8F1980F00F3358158
:202A4000B8F1190448BFA8F11204C4F3C701E410DBF80030581CCBF80000197022460EA9A5
:202A6000DBF8000032F060F8DBF80020317D13190133CBF800301E231355944BDBF800209A
:202A80001B68501CCBF800001370DBF80020180A541CCBF800401070DBF80020180C541C72
:202AA000CBF800401070DBF80020894C501C1B0ECBF800001370DBF800305A1CCBF8002094
:202AC0001970DBF80020B4F90030511CCBF800101370DBF80020C3F30723511CCBF80010C7
:202AE0001370DBF8003004205A1CCBF800201870DBF800300322591CCBF800101A70DBF87E
:202B000000302A7C591CCBF800101A70FDF7BEBD704C002604F15407254695F90400FDF77B
:202B20003DFC08B10136F6B20C35BD42F5D1DBF800305A1CCBF800201E7094F90450284685
:202B4000FDF72CFC00283DD0DBF800305A1CCBF800201D70DBF800202368511CCBF800107D
:202B60001370DBF80020190A501CCBF800001170DBF80020190C501CCBF800001170DBF871
:202B800000201B0E511CCBF800101370DBF800306279591CCBF800101A70DBF80030A2795B
:202BA000591CCBF800101A70DBF80030227A591CCBF800101A70DBF80030E279591CCBF83C
:202BC00000101A700C34A742B7D1FDF75FBD039A1368002B00F0938007EE903A53689FED4E
:202BE0003E7A049306EE903AB8EE660AF8EE677A20EE070A80EE270A30F048FDC2B20792BB
:202C0000C0F3072CFFF7E0B8DBF80020511CCBF800101370DBF80020511CCBF800101370D4
:202C2000DBF80020FEF756BCFF26FEF7F8B9FF231846FFF7BCBB00231846FFF7B8BBDBF825
:202C40000030264D591C2A78CBF800101A70297800293DF41BAD22480022D9F800301B01F1
:202C600040F19880D3B2994240F29480DBF8003041785C1CCBF800401970DBF80010B0F919
:202C80000C304C1CCBF800400B70DBF80010C3F307234C1CCBF800400B70297801329142C2
:202CA00000F11000D9DCFDF7F1BC0F242146CFE600242146CCE600BFA0770020B016002055
:202CC0005C7600202C2400208819001098250020567600206C72002000401C46D011001087
:202CE00040B20020591C0422CBF800101A70DBF800306A78591CCBF800101A7098E69C46B3
:202D00000793FFF761B81D46FEF789B92E4803685B68984740F00200C0B2FEF78DBA019F6D
:202D200004935FFA8AF2964298BF0027274AB7F90C309FED277AD2ED007A00EE103A67EE81
:202D4000877AB8EE400A20EE270A30F09FFC049B079305469C46FFF754B8D1B20691D9B27B
:202D60000591C5F30741120A1B0A5FFA85F8C5F3072E0491280E2646FEF7A7BF4FF0FF33B6
:202D800043E4DBF800300022591CCBF8001018709388FFDE00235B78FFDE00235B79FFDE78
:202DA000DBF800304279591CCBF800101A700622DBF8003002FB0677581C3979CBF80000F5
:202DC000002219705379FFDE7C130020141B0010000070422DE9F04F0E46CDB0912E0146D3
:202DE00002AF15461C465BDC432E52DD443E4D2E4FD8DFE816F0AC014E004E004E004E00B8
:202E00004E004E004E004E004E004E004E004E004E004E004E004E004E004E004E004E00D2
:202E20004E004E004E004E004E004E004E004E004E004E004E004E004E004E004E004E00B2
:202E40004E004E004E004E004E004E004E004E004E004E004E00C6014E004E0027024E003E
:202E60004E004E004E004E004E004E004E004E004E004E004E004E004E004E004E004E0072
:202E800066027D024E00B5024E0016034E036A0380036FF0010007F59677BD46BDE8F08F0E
:202EA00043F211039E42F4DC43F205039E4240F38583A6F54056063E0B2EEAD801A353F862
:202EC00026F000BF1B310208932E0208D5300208932E0208932E0208932E0208932E0208C1
:202EE000932E020835300208932E0208B52F0208F52E0208D5E90032B2EB030800F0E681C3
:202F0000B8F1800F00F3E28107F14006284642463146EDF73DFC07F1180208F588731344FA
:202F20000025294603F8E85C424630462FF0E8F9002800F0D184801BA8EB0008B8F1020F63
:202F400040F3308500F5887307F11802981810F8E63C10F8E71C41EA0321D4E90032D21A78
:202F6000012A40F3B38100205A1C226018702368F8615A1C22601870D4E9002307F11C05C2
:202F80009B1A00953046F3F765FF0028C0F29E81FA6923684FEA222103F8022C03F8011C7F
:202FA00000F0FD84D4E90023991A884200DC13182360ACE0D5E90032B2EB030BE94600F073
:202FC00045850BF1080828F00708ADEB080D02AE28465A463146EDF7DBFB002306F80B30FC
:202FE0003D21304631F00FFE0BF1010A0546002800F07B833046F4F78BF8002800F02685C0
:20300000ADEB080D02A9AE42884602D307E0AE4205D02A4615F8013D202BF8D015460023CD
:203020002B7052463046F3F7ABFE051E80F21085CD466CE0D5E900239A4240F02F84A54B3B
:20304000187C022800F242812268A34D511C1623216000FB03F310702068E918461C4A882E
:20306000266002702068120A461C266002702268EB5A501C2060137022681B0A501C206081
:20308000137022688B88501C2060137022681B0A501C206013702268CB88501C2060137037
:2030A00022681B0A501C206013700B892268501C2060137022681B0A501C206013702368BC
:2030C0008A7A581C20601A702368CA7A591C21601A701CE02368814A581C92F8C31020607C
:2030E00019702168B2F8C430481C20600B7021681B0A481C20600B702168B2F8C6304A1C25
:2031000022600B7022681B0A511C21601370012007F59677BD46BDE8F08FD5E900239A4284
:2031200000F0D4802846EDF707FB421E03460A2A00F2CC80DFE812F0FD03FB03F703F30325
:20314000F103EF03CA00CA00CA00CA00D303D2E900239A4240F07A832368604800225D1CD6
:20316000256082721A705E4B1B689A0100F13A84D7F85031002BCAD0D7F85021594B13606A
:20318000C5E7D2E900239A4240F07E8320237B614FF0000A0025DFF844B1DFF850912E4613
:2031A0004FF00108234603E001360135322DAED069090BEB810105F01F02C86808FA02F20B
:2031C0000242E9B2F1D05645EED37A699642EBD2002203E00132322A00F0438409EBC2007A
:2031E000D40000798842F5D11A685868FA602439821AC8B203283A6100F29D833A4A08017E
:2032000002EB01123849095C002900F09483104610217B60BA6031F041FD3A6990420446FE
:20322000D7E90132BFF673AF3B6111462246F86831F07AFC3B6919680A193B2001321A6022
:203240000855B1E7D2E900239A4240F0A0824FF020084FF0000E0023DFF880B0234E1846C0
:20326000012504E001300133322B3FF450AF59090BEB810103F01F02C96805FA02F20A42F2
:203280005FFA83FCEFD07045ECD34045EAD2002203E00132322A00F05E8306EBC20191F840
:2032A0000490E145F5D1D4E900C2A2EB0C02002A7FF72DAF4A790CF1010121608CF8002011
:2032C000D0E7D2E900239A4240F06B824FF0FF30E1E500BF2C240020C871002028B20020AA
:2032E0005824002001FE010804B30020CC9B0508D2E900239A42E9D078612846EDF71CFA2B
:20330000451EEBB2072BE1D8236879695A1C2260A74A1870236802EB40005E1CB0F8EA0020
:203320002660187023684FEA102C581C2060AD0083F800C0206805F1FB031344FE32032677
:203340002A44451C25600670206813F8015F461C934226600570F7D1084623F021FED6E67A
:20336000944A216813684D1C93F88C0025600870216893F88D004D1C25600870216893F8D3
:203380008E004D1C25600870216893F88F004D1C25600870216893F890004D1C2560087026
:2033A000216893F891004D1C25600870216893F892004D1C25600870216893F893004D1CE6
:2033C00025600870216893F89630481C20600B7021680023481C20600B702168481C20603F
:2033E0000B702168481C20600B702168481C20600B702168481C20600B702168481C20602D
:203400000B702168481C20600B702068451C2560037010682146FCF7BBFB6748FCF714FC2E
:2034200075E6644B07F140061968E622304631F07BFB29463046FCF7BDFE97F8CC30002B65
:2034400040F0A18107F1AB0107F158052368327A581C20601A702368727A581C20601A7077
:203460002368B27A581C20601A70236811F8012F581C20601A702268B389501C20601370A0
:20348000226808361B0A501CB54220601370DDD13DE6DFF824C1BCE80F0007F140060FC686
:2034A000BCE80F000FC6DCF800303360294607F14000FCF7DFFE07F14000EEF7EBFD21460A
:2034C00007F14000FCF7C0FB21E63A4BE622196807F1400031F028FB294607F14000FCF7DB
:2034E000A1FE07F14000EEF7A3FD214607F14000FCF74EFB0BE6DFF8BC80D8F8005007F179
:203500004006E6222946304631F00EFB97F8CC30002B40F034812946324607F1AC0501F131
:203520006C0001F1180E012333B192F808C00B7A9C4500F0198200230831714502F10802AD
:2035400005F1010500F10100EED12268DFF86890511C2160CC461370BCE80F0007F11C0516
:203560000FC5BCE80F000FC5DCF800302B6007F11C00EEF78FFD3A8CB9F804309A4200F065
:20358000EA8000222368591C216030461A70EEF74FFDD8F80030B7F842105A88914200F047
:2035A000C38000222368591C21601A70AFE500BFE4730020A42500200C720020D02E00F05C
:2035C0008180E62E7FF465ACD2E900B39B453FF47DAED4E90032A2EB030ABAF1000F40F330
:2035E0003082C7E904B04FF0000807F140064FF00109AB465846EDF79FF82168013105B26B
:2036000039646168796428463146A7F848502DF079FD00284ED03A6C2168A7F84A90521A5E
:20362000D2B2BAEB020A0AD4DBE9001208F1010891425FFA88F802D0BAF1000FDAD15D4619
:20364000D7F810B0C5F800B0D4E9009379697B64B8F1000F00F084812B464FF0000A4D4663
:2036600079613C61994612E0786959463246FCF7A5FE002836D00122A7F84A203A6C0AF179
:20368000010A121BC2452A7000F067813D6C4FF000036C1C3C6448462B70EDF74DF80FFA0B
:2036A00080FB31465846A7F848B02DF02BFD0028E1D1D9E7786929463246FCF77FFE0028A4
:2036C000A9D103E6D2E900239B1A002B28DCB74B1B78DB0740F1E780002123685A1C226012
:2036E000197014E56FF00102C6E7ADEB080D0DF10808524641463046F3F742FB051EC0F2ED
:20370000A581D4E900031B1A9D4200F39F812A46414631F009FA23682B442360CD46F6E417
:203720002846EDF709F8D2E7B7F89010B3F8502091427FF436AFB7F8A010B3F8602091428B
:203740007FF42FAFB7F8A220B3F86230D21AB2FA82F2520926E77A8CB9F806309A427FF4BA
:2037600010AFFA8EB9F81A309A427FF40AAF3A8FB9F81C30D21AB2FA82F2520902E7304673
:20378000EEF778FBC7E63046EEF774FB5AE62846ECF7D2FF4FF0200810FB08FE18FB0088E5
:2037A00059E578612846ECF7C7FF451EEBB2072B3FF68CAD23687E4E79695A1C2260187082
:2037C0002368581C05EBC50220600820187006F1890E02F18103334496448C46226813F846
:2037E000010F511C9E4521601070F7D123687219614692F8CA0003F1010CC4F800C018708A
:20380000236892F8E220581C20601A7023687278581C20601A707378002B3FF49DAD06EB9C
:20382000051500238E46226835F8020F511C2160107022684FEA102C501C206082F800C01C
:20384000727801339A42EEDC714685E578612846ECF772FF574B7969987204283FF636AD16
:203860002368022803F10102226018707FF47BAC514A23685279012A03F1010000F0D8809F
:20388000002220601A7042E42846ECF755FF202310FB03FA13FB00337B617BE42846ECF719
:2038A0004BFFFFF7CEBB454D454EB54206D2A96828461C3527F050FDB542F8D3EEF786FAF0
:2038C000D7F8503133B13B4A3E4B00219172D7F850211360012100E70146FFF73EBB3A4A0C
:2038E00016680C362268511C2160304613702EF057FD2368FF28A8BFFF20591C216018706F
:20390000054602463146206831F00EF923682B442360FFF7FCBB2D4EE4E72D4EE2E72D4AC2
:2039200016681436DEE72C4A16687336DAE72B4ED8E72B4ED6E759F804107B600846B96087
:203940002EF02EFD3B6998420446D7E90131BFF6DEAB3B616AE40021A5E43C69D7F840904E
:20396000C4F80090FFF7D3BB92F809C04B7A9C457FF4E1AD92F80AC08B7A9C457FF4DBAD48
:2039800095F800C003789C457FF4D5AD9389B1F80CC0A3EB0C03B3FA83F35B09CCE5226899
:2039A000FFF705BB2946FFF7D8BA00BFF5250020E473002028B2002080150020FC20060811
:2039C0003029060801FE01083472002014F20508F0F1050830720020A425002098A10020AD
:2039E000A9A10020204C236999427FF4C1ABE6F715FD94F820300146002B7FF488AB1B4865
:203A0000036801F5742101F5107123B907E003F108009B681BB15A68521A002AF7DB144A23
:203A20000125C4E9061384F820500260FFF76FBB104D2D68002D3FF423AF20601A70FFF708
:203A400092BBC5F800B0D4F8009089E7CD463DE4D4E900031B1AAB42BFF659AECD46FFF705
:203A600056BB00231B79FFDE240A00205C8C0020380A002078130020F0B50D490D4E0A7866
:203A8000044600254FF00C0CD3B2062B03D905B10B7000200BE00CFB02F7B819F7593C42F3
:203AA00002F101024FF00105EED02B440B70F0BDC47200206C720020014B00221A70DBE768
:203AC000C472002008B5164A137AFD2B1AD0FE2B14D1517A134B0120002288401A70FFF712
:203AE000CBFF58B1104B90F9041003F1540093F908208A4204D00C338342F8D1002008BDAD
:203B0000186808BD084B92F9091003F1540093F908208A42F4D00C338342F8D10020EEE71B
:203B200028B20020C47200205C24002010B50446FFF7C8FF20B11CB10022214628F070FC1E
:203B400010BD00BF2DE9F0430C4609686368994283B00546904637D1444FFF233B72F8F77A
:203B60002FFA002442482022002131F035F88DF807409DF80730072B57D83E4E09E09DF8BA
:203B800007300133DBB28DF807309DF80730072B4BD833689DF807005B6998470028EED090
:203BA0009DF80700F8F72CFA07EB84090028E6D0C9F81C01204617F0FDFD0134D9F81C018F
:203BC000E7F788F9E4B2DAE72046ECF7B5FD274F064620463E72ECF7AFFDFF2E7872BED028
:203BE000FC2E11D8042E07D8234B1B7883422BD8022E01D1FF2827D02B680022591C296005
:203C00001A7003B0BDE8F083FFF75CFF40B3B8F1000F02D0194BC8F800302B6801229918C6
:203C200029601A7003B0BDE8F0832B6887F83C415A1C2A601C70B8F1000FF3D0104BC8F8F5
:203C4000003003B0BDE8F0832B680122991829601A70B8F1000FE5D00A4BC8F80030E1E775
:203C60002B685A1C2A601870DCE700BF28B2002044B3002078190010D01100102D3B020892
:203C800023B90308F1FD010868B1074B0822013A00D170471968884201D00C33F7E7002293
:203CA000C262C3E9002270475C24002010B504462046F8F725FA00B110BD0A20E6F72EFF86
:203CC000F6E700BF14280FD03338C3B2052B08D83F23034113F0010F14BF01204FF0FF3022
:203CE00070474FF0FF30704700207047A0F13301CBB2052B024607D83F230B4113F00100C6
:203D000003D0A2F132007047002070473338C3B2052B07D83F23034113F0010F08BF4FF0CF
:203D2000FF3070474FF0FF30704700BF08B51B4B1B78012B23D0022B15D053B9184B194A00
:203D40001B78126803F001031AB11168928813BB0A83E6F763FB144B00F5F42000F590700E
:203D6000C3F8400108BD0F4B1B68002BF1D01A689B8851690B4214BF53831383E9E7084BAB
:203D8000084A1B78126803F00103002AE1D011689288002BDCD14A83DBE700BFD19F0020A9
:203DA000D4130020D813002028B2002010B40023084C01E0322B09D004EBC3020133117933
:203DC0008142F7D110465DF8044B704700205DF8044B7047CC9B05082DE9F04FB1F9086051
:203DE00091B00D46804616811146304614461F462DF088F928B101200346638111B0BDE81B
:203E0000F08F224631464046FCF7D8FA81460028F1D1234600972A4631464046FEF7DAFF0D
:203E2000831CE9D1F52E00F07981472ED5E900A700F06281292E00F07781392E00F08281D6
:203E4000212E00F01481FA2EA7EB0A0900F3D7810A2E40F308810B3EEF2E00F20481DFE8DE
:203E600016F0D10B0201020102010201020102010201020102010201020102010201020136
:203E80000201020102010201020102010201020102015B0B0201540B0201400B02010201EB
:203EA0000201A60A0201780A0201610A0201400A0201390B02010B0B02011F070201020180
:203EC0000201020148010201EE0A02010201E20A020102010201020102010201D70A0201B0
:203EE00002010201B90A0201FE09020102015C0902010201020102010201020102011C094A
:203F00000201EB080201B4080201700802014C0802012708020102010201020102010201D6
:203F2000020102010201020102010201020102010201020102010201020102010201020151
:203F4000020102010201020102010201020102010201020102010201020102010201020131
:203F6000020102010201E30902010201020102010201020102010201020102010201020128
:203F80000201020102010201020102010201020102010201020102010201020102010201F1
:203FA0000201020102010201020102010201020102010201020102010201B9090201230AE8
:203FC00048090201020102010201020102010201020102010201020102010201C7079707FD
:203FE000CD0D02015807D6060201020102010201C606BE0648010201A1060201020190067E
:204000007C0674065506F000E10621060201DE05BA051305BC0402010201020102010201BF
:2040200002010201020102010201B1040201020148010201020102019C03020102016E034E
:20404000FE062846ECF778FB06462846ECF774FB07462846ECF770FB39460246304621F035
:20406000D9FD002845D14FF0FF331846C5E6A7EB0A0ABAF1060FF6DD2846ECF75DFB824608
:204080002846ECF759FB81462846ECF755FB80462846ECF75BFB06462846ECF74DFBDFF8EA
:2040A0005CB38BF803002846ECF746FB8BF804002B68FB1A052B6FDC08EB88030AEB8A072B
:2040C00009EB89027F0052005B00BFB21FFA82F89BB29F42C7D84345C5D8C44A117CC44A96
:2040E000162000FB01F122F801800A445780938016810123184680E62846ECF733FBA7EB3A
:204100000A0ABAF1050F06462BD801238022CDF8009031462046FBF7E1FE6CE63A46294673
:204120002046FFF70FFD66E62846ECF705FB0A284CD050283DD02846ECF708FB2846ECF702
:2041400005FBD6E72846ECF7F7FA0A28284611D0ECF7F2FA2846ECF7EFFA2846ECF7ECFA9F
:20416000C7E72846ECF7F2FA2B68BB4202463AD14B46CCE7ECF7E0FA9E4E0346284686F84F
:204180004431ECF7D9FA0346284686F84531ECF7D3FA86F84601ACE72846ECF7D7FA0746D2
:2041A0002846ECF7D3FA80462846ECF7CFFA03468FE72846ECF7CAFA8E4E03462846A6F8FC
:2041C0004C31ECF7C3FAA6F84E0192E72846ECF7BDFA884E03462846A6F84831ECF7B6FA1D
:2041E000A6F84A0185E702902846ECF7A5FA4B46B0F10009029A18BF4FF0010987E743F24E
:204200000F039E423FF72FAF43F201039E4225DDA6F54056023E0D2E3FF625AF01A353F8D9
:2042200026F000BF4147020895460208674002086740020867400208FF460208674002081F
:204240001945020867400208674002086740020867400208674002089542020841F60273F4
:204260009E4200F0B08100F3CD8041F20A039E4260D041F601739E427FF4F5AE5E4DDAF88F
:204280000130AB63E6F7CAF85A4B6863012283F8E4212EE7B9F10C0F7FF7E5AE2846ECF7F9
:2042A0004BFA022806463FF6DEAE2846ECF74EFA82462846ECF74AFA02902846ECF746FA69
:2042C00080462846ECF742FA07462846ECF73EFA83462846ECF730FA81462846ECF72CFA33
:2042E000C24584463FF6BFAEB8453FF6BCAE0299B942FFF4B8AEB9F1180F3FF6B4AE6428CC
:204300003FF6B1AE00221623394D06FB03F3104661F30F026AF31F42EA5068F30F002B44A5
:2043200067F31F405860A3F808B083F80A9083F80BC0DEE6B9F1000F3FF495AE2846ECF71A
:20434000FBF9804600283FF48EAE09F1FF36B6FBF0FA00FB1A66002E7FF485AEBAF1080F31
:204360007FF681AE2B682846A7EB0309ECF7E4F9821CD2B2012A43B27FF675AEDFF880B059
:20438000002204E0072A0BF10C0B3FF46CAE9BF90410994202F10102F4D12846ECF7E2F91C
:2043A000CBF800002846ECF7C7F98BF805002846ECF7C2F98BF806002846ECF7BDF98BF882
:2043C00008002846ECF7B8F98BF8070003E0BB4208D0ECF7B1F92B68FA1AA9EB02029245EE
:2043E0002846F4D80136B045BDD882E62C240020C871002028B20020240A00201C7300209A
:204400006C72002041F603739E427FF42CAE2846ECF792F92846ECF799F92846ECF7A2F919
:20442000D24E034628467363ECF786F9D04B1A78002801F0AE8542F0060228461A70ECF75F
:204440007BF90346284686F83030ECF77FF94FF00A0808FB00F070612846ECF777F908FB1F
:2044600000F0B0612846ECF771F908FB00F0F0612846ECF76BF9B0812846ECF773F97060C9
:204480002846ECF76FF930602846ECF76BF9B0602846ECF767F907462846ECF763F900FB68
:2044A00000F007FB070707EE907AF8EEE77A2846B1EEE77ABCEEC77A17EE103AB385ECF7F3
:2044C00051F92846ECF742F948F6A04203462846B3FBF2F101FB12339BB2B3FBF8F3F385FF
:2044E000ECF734F92846ECF731F92846ECF724F92846ECF721F92846ECF71EF92846ECF79F
:204500001BF92846ECF718F99A4A92F8B43043F0020382F8B430ECE52846ECF70DF9954E32
:204520000346284686F8C330ECF710F903462846A6F8C430ECF70AF9A6F8C600D9E58E4E3A
:204540003378002B7FF48FAD2022284607A9ECF71FF93378002B7FF4CCAD07AE0FCE874D53
:20456000DFF83CC228606960AA60EB600FCE2861696128686968AA61EB61AA68EB686746C6
:204580000FC728696969AA69EB694FF0010E0FC78CF83BE0F9F7CCF8ABE52846ECF7E2F849
:2045A00006462846ECF7D2F8754A764903464FF47A7510680022C6FB05321B1A62F100027F
:2045C000C1E9003295E5E5F729FF6A4B9FED6E7AD3F8E821821A07EE902AF8EE677A01462B
:2045E00027EE877AB5EEC07AF1EE10FA41F3F384DFED666AF4EEE67AF1EE10FA4CBF01223F
:204600000022634DD3F8FC016E6BAD6B4078C3F8E81141F288374F2DA1EB060183F8FA210C
:20462000164607FB00F041F3D3848142CCBF0027012783F8F87183F8F961002A01F0CE84DE
:20464000DAF80120DFED536A07EE902AF8EEE77A642667EEA67A87EE876A83ED7C6ADAF85B
:20466000052007EE902AF8EEE77A67EEA67AC7EE876AC3ED7D6A9AF8002012FB06F2FF2691
:20468000B2FBF6F24F2D01F39B844FF6FF72A3F8EC212EE5404B1B78D9073FF52AADB9F1D2
:2046A000020F7FF7E0AC2846ECF746F806462846ECF742F881462846ECF73EF82B68FB1A8B
:2046C000984280463FF7CFAC012E01F0BF84DFF8D4A000270AE02846ECF72EF89AF80010B1
:2046E000024633464846F7F7F9FA0137FBB29845F1D8012E7FF4FDACF7F76EFCF9E4284611
:20470000ECF71AF8421E0A2A3FF6ADAC01A151F822F000BF216002081B600208116002083B
:20472000EB5F020867400208674002083B6002083B6002083B6002083B600208276002089E
:20474000B9F1000F3FF48FAC2846EBF7F5FF2B6808280246A7EB0303A8BF08229A42804618
:204760003FF781AC0D4F002625E000BFCC7600209877002028B20020507F0020517F002026
:20478000CC130020A86D0020BD37863500247449240A00200AD7A33BF5250020DE150020FB
:2047A000807F0020D0110010F3B20136082E07F8013F3FF49EAC4645F6D22846EBF7BCFFBD
:2047C0000346F2E72846EBF7C1FFC94E03462846F381EBF7BBFFB0818BE44FF0000B284671
:2047E000CDF81CB0EBF7A8FF81462846EBF7AEFF06462846EBF7A0FF2B68FB1A9842824656
:204800003FF731AC5F460DF11C0BBA4528460EDDEBF792FF022F034607DCA0F16102192A5C
:2048200098BFA0F1200307F80B300137EDE7B9F1000F3FF418ACAF4B93F8EA204A45FFF466
:2048400012AC03EB490207A9A2F8EA6009F13E0203EB8203032203E0013A03F8010B03D003
:2048600011F8010B0028F7D11A44202101E003F8011B9A42FBD1A04B0021117040460122BE
:20488000DA7222F08DFB34E40DF11C0900260DF1100A07962846C9E90166C9F80C600496CE
:2048A000CAF804608AF80860EBF746FF83462846EBF742FF2B68FB1A9842024611DDFFF7B9
:2048C000D2BB0292EBF738FF072E029A034607DCA0F16101192998BFA0F120030AF8063029
:2048E0000136B2422846ECDC2B68FB1A022B7FF7BAABEBF721FFA0F16103192B024698BFCD
:20490000A0F1200228460292EBF716FF06462846EBF712FF29680346791A00B2B1EB400F34
:20492000FFF6A1AB029A00270DE0CDE90223EBF70DFF704991F801C0DDE90223BC45C8BF47
:2049400029F817000137BB422846EEDCBBF1000F3FF489AB674D2B785B45FFF484AB0BF17B
:20496000FF3303EBC30082302844082103E0013900F8017B03D01AF8017B002FF7D10144DF
:20498000202701E000F8017B8842FBD10021003E017005EB030018BF012680F8CA2080F84A
:2049A000E2606A7805EB031304E039F8020B23F8020F01319142F8DBDFF84CA19AF8003021
:2049C0005B4501F047834C4B01224046DA7222F0E7FAFFF78EBB2846EBF7B8FE474E0346DA
:2049E00028463372EBF7B2FE70722846EBF7AEFE03462846B372EBF7A9FE30732846EBF7DC
:204A0000A5FE034628467373EBF7A0FE03462846B373EBF79BFE3A4BD874FFF76ABB284624
:204A2000EBF794FEDFF8D480354E88F813002846EBF78CFE30812846EBF788FEB0812846C1
:204A4000EBF784FE70812846EBF780FEA8F804002846EBF77BFEA8F806002846EBF776FE5C
:204A6000A8F802002846EBF767FE30742846EBF763FE70742B68FA1A052A01F38E82FB1AB7
:204A8000012B7FF736AB2846EBF760FE2B683080FB1A012B7FF72DAB2846EBF757FEB0803E
:204AA000FFF727BB2846EBF747FE164E30702846EBF742FE70702846EBF73EFEB0702846FB
:204AC000EBF73AFEF0702B68FB1A012B7FF711AB2846EBF731FE031E18BF012328463372A8
:204AE000EBF72AFE031E18BF0123F371FFF701BB2C730020E473002028B20020A08F0020FB
:204B00007C290020CC720020D87300202846EBF713FE2846EBF710FE2846EBF70DFE28467F
:204B2000EBF70AFEC24B83F823002B68FB1A052B7FF7DFAA2846EBF709FE2846EBF706FE5E
:204B40002846EBF703FEFFF7D4BABA4BBA491868E6222FF0E9FFFFF7CCBA2846EBF7ECFD34
:204B6000B64E034628463370EBF7E6FD70702846EBF7E2FD2846EBF7E9FDB14BD880FFF783
:204B8000B8BA2846EBF7E2FDAD4E034628463380EBF7DCFD034628467380EBF7D7FDB080C4
:204BA000FFF7A7BADFF8D48298F80030B9EB430FFFF459AAA34FDFF8C892002608E0EBF7B2
:204BC000C5FDD9F800305B6898470136A7EC010A98F800309E422846F1DBFFF78ABA284619
:204BE000EBF7B4FD984BA3F85001FFF782BA2846EBF7A2FD10F0400200F01F8700F0BF00AB
:204C0000032828BF002003F08DFAFFF772BA8F4B1B78DE073FF56DAA8D4B4FF4C8729A85B5
:204C2000FFF767BA2846EBF791FD2846EBF78EFD884EF0832846EBF789FD2B683084FB1A29
:204C4000012B7FF756AA2846EBF776FD0346284686F82430EBF770FDB071FFF74ABA7B4B36
:204C60001B78DD073FF5FFA97B4B7C491A6801230B707B4990010B7000F1EE86794B012219
:204C80009A73EDF7A3F8ECF767FD6F4BDA7A002A3FF42FAA0022DA721AF03CFEFFF729BA72
:204CA0000727B9FBF7F7C7EBC70399457FF4DBA9FFB2002F3FF41DAA2846EBF73DFD034626
:204CC0000233DBB2012B41B27FF6CDA9664E06F1540203E00C3696423FF4C5A996F90430A6
:204CE0008B42F7D12846EBF731FD30602846EBF723FD70712846EBF71FFDB0712846EBF7E3
:204D00001BFD30722846EBF717FD013FFFB2F071CFE7B9F1090F7FF7A6A92846EBF70CFD8D
:204D2000524A16683179F278F070914208BF30712846EBF701FDB279F179B071914208BF0C
:204D4000F0712846EBF7F8FC70722846EBF7F4FCB0722846EBF7F0FCF0722846EBF7ECFC94
:204D60002846EBF7E9FC30702846EBF7E5FC70702846EBF7EBFC2B68FA1A002A00F362846C
:204D8000FB1A002B00F34F840FF038FDFFF7B1B92846EBF7D1FC364B1A78002800F0498662
:204DA00042F0060228461A70EBF7C6FC314E0346284686F83030EBF7D5FC30602846EBF776
:204DC000D1FC034628467360EBF7C0FC6422034602FB03F32846B360EBF7B8FC1A4AB0856C
:204DE00092F8B43043F0020382F8B430FFF781B9C9F34709B9F1120F3FF635A907AEB046EA
:204E0000002704E0EBF7A2FC28F8020B01374F4528464B46F6DB18490022084604E036F85B
:204E2000025B20F8025B01329145F8DC00222CE00C720020A42500205C9D0508088D002053
:204E4000348F0020E47F002028B20020F525002048190010CC15002058240020C81A0010B8
:204E6000841900102C2400206C7200203072002098770020CC760020F08D0020D011001036
:204E80007819001021F813200133122BFAD1BB4ABB49012382F8523182F85331B94A09684D
:204EA0001160B949B94A81F800901370FFF721B92846EBF741FC2B68BB42064641F05980AD
:204EC0000023AE480122D0F8E01102FA08F2002E41F03E8021EA0202C0F8E021002A7FF465
:204EE00008A9AB49AB480A68003B18BF012322F480320A600370FFF7FCB82846EBF71CFCBB
:204F0000A54B98702846EBF717FCA44B58712846EBF712FC2B68FB1A002B7FF7EAA82846D7
:204F2000EBF70AFC954B83F8D8002B68FB1A002B7FF7DFA82846EBF7FFFB994B1870FFF7DA
:204F4000D8B82846EBF702FC2846EBF7FFFB2846EBF7FCFB2846EBF7EFFB2846EBF7ECFB71
:204F6000904B28461E68EBF7E7FB86F881002846EBF7E2FB2846EBF7DFFB2846EBF7DCFB21
:204F80002846EBF7D9FB2846EBF7E0FBF0872846EBF7DCFB2B68B087FA1A012A00F3C087E1
:204FA000FA1A012A00F35C87FA1A002A00F31187FB1A032B00F3F886304613F02BFE10F0BD
:204FC00079FC10F05BFDFFF794B82846EBF7B4FB754EDFF8D081B0802846D8F80090EBF7F8
:204FE000B5FBA9F802002846EBF7B0FB2B68A9F80000FA1A072A00F3EC84FA1A032A00F353
:20500000DD84FA1A002A00F39584FA1A072A00F36284FB1A012B00F36C85EBF7B1FE17F00A
:2050200015FB624BD8F800001B68002B00F0578514F016F9FFF75DB82846EBF77DFB284615
:20504000EBF77AFB5A4B5B4E18702846EBF774FB30712846EBF770FBB0702846EBF776FB27
:205060002B683080FA1A012A04DD2846EBF76EFB2B68B083BB4240F08986FA1A072A00F3DA
:205080004B86FB1A002B04DD2846EBF755FB4A4B9870EBF775FEFFF72CB8484B1F68002F69
:2050A00000F0FA833B6838465B68984781462846EBF74CFB3F280346024640F2D48341F2AE
:2050C0006F739A429FBF3E4B9A8000221A70D5E90036F21A012A00F3A583B34240F09B83DC
:2050E000F31A012B00F30383404621F059FFFFF700B82846EBF720FB32490A780346002A86
:2051000040F0EB8004220A702F4A9B001380E5F785F92E4B1860FEF7ECBFDFF8609099F86A
:205120005431012B3EF6E5AF2846EBF705FB284E70712846EBF700FB80462846EBF7FCFAF8
:205140002B68FA1A012A40F348832846EBF7FEFA2B680246FB1A002B40F32E832846EBF7E8
:20516000EBFA30712B68FB1A032B7EF7C2AF2846EBF7F8FA3060FEF7BCBF00BF28B20020F2
:20518000CC130020208E00201D8E00201C8E002098250020FD8E00202C73002070250020B1
:2051A0008C8C0020A42500200C720020381600109C250020CC1500202C240020F825002043
:2051C000D8730020818E0020828E0020E08E0020801500202846EBF7AFFA06462846EBF72D
:2051E000ABFA07462846EBF7A7FA0346002E00F06982012E7EF47DAF47EA0002D2B2032AC9
:205200003EF677AF87423EF474AFCC4E03B206EB43150FCD3FB206EB47160FC695E80F0082
:2052200086E80F00FEF765BFC54B1E6829463046FAF7C0FF29463046FAF7F4FFC14829466C
:20524000FBF718F896F88C30002B40F030843046ECF7EEFEBB48ECF71DFFFEF74ABF284640
:20526000EBF76AFA112806463EF6FDAE2846EBF763FAB54F0346284607F81630EBF766FA95
:2052800040F6CA03834240F2EE22A8BF0346934207EB4607B8BF1346A3F2EE231922B3FBE1
:2052A000F2F37B70FEF725BF2846EBF75BFA2B68A64EFB1A002B30607EF71BAF2846EBF7BA
:2052C0003BFA30712B68FB1A032B7EF712AF2846EBF748FAB060FEF70CBF042A7EF409AF32
:2052E00012E72846EBF728FA1F2806463EF6BBAEB9F1050F7EF4B7AE2846EBF733FA944B22
:2053000043F8260020F02AFAD5E900239B1A002B7EF7EFAE2846EBF70FFA8E4B83F8BB00BD
:20532000FEF7E7BE8A4E06F140072846EBF70EFAA6F880002846EBF7FFF986F88200284691
:20534000EBF7FAF9043686F87F00B742EDD1FEF7D0BE2846EBF7F0F9DFF8088288F80800E5
:205360002846EBF7F3F9A8F816002846EBF7EEF9A8F812002846EBF7E9F9A8F814002846FE
:20538000EBF7DAF988F80D002B68FA1A032A00F39384FA1A002A00F3FB836E68F61A002E2A
:2053A0007EF7A7AE2846EBF7C7F9FEF7A2BE2846EBF7C2F9684E30702B68FB1A002B7EF715
:2053C00098AE2846EBF7B8F9031E18BF01237370FEF78FBE2846EBF7AFF9604E03462846E8
:2053E0003371EBF7A9F970712846EBF7AFF9034628463380EBF7A0F9B0712846EBF7A6F9B7
:20540000034628467380EBF797F9F071FEF771BE534B5B79012B7EF46CAE18F0D9FAE9F706
:2054200099F9FEF766BE4F4F00262846EBF784F90136082E07F8010BF7D1FEF75ABE284675
:20544000EBF77AF9434E86F8A5002846EBF774F92B68BB423EF44DAE2846EBF76DF986F895
:20546000AC002B68BB423EF444AE2846EBF764F986F8A400FEF73DBE2846EBF75DF91D2822
:2054800006463EF6F0AD2846EBF756F92846EBF753F90A2303FB06F6334B985528461E4452
:2054A000EBF74AF970702846EBF746F9B0702846EBF742F9F0702846EBF73EF92B68307192
:2054C000FB1A032B00F3F882284B4FF0FF321A60FEF70FBE2846EBF72FF9224BD873FEF7D8
:2054E00008BE2846EBF732F91A4E03462846C6F89830EBF72BF903462846C6F89C30EBF79D
:2055000025F9C6F8A000FEF7F4BD2846EBF72AF9174B1860FEF7EDBD2846EBF70DF91328EC
:2055200080463EF6A0AD2846EBF706F9DFF844A0014600230AF5047921E000BFB06D002037
:20554000A42500200C720020BC7F0020A82500204081002028B20020B02400203C730020DE
:2055600080150020387200200480002084060020C8720020BC990508322B3EF474AD09EBFE
:20558000C300DA004079884203F10103F4D10AEB02030626DFF898B393F8143206FB08F616
:2055A00028460BF80630EBF7C7F85E4470702846EBF7C2F8B0702846EBF7BEF82B68F070FE
:2055C000BB421BD02846EBF7B7F830712846EBF7B3F80021034602E032293EF444AD09EB8A
:2055E000C100CA004079984201F10101F4D15244062303FB08B392F814225A710FF0BAFC1C
:20560000FEF777BD4A46C249102A4FF0000328BF10222846C1E90033C1E902330B74EBF7A6
:20562000B7F8FEF766BD2846EBF786F8B0702B68FB1A002B7FF7A8AB2846EBF77DF8B0772D
:20564000FFF7A2BB2846EBF777F830722B68FA1A002A7FF795AB2846EBF76EF870712B68E5
:20566000FA1A002A7FF78CAB2846EBF765F830712B68FA1A002A7FF783AB2846EBF75CF8D8
:20568000F0712B68FA1A012A7FF77AAB2846EBF753F830732846EBF74FF870732B68FA1ADD
:2056A000052A7FF76DAB2846EBF750F8F0812846EBF74CF830822846EBF748F82B687082C9
:2056C000FFF75EBB47EA0002D2B2032A3EF611AD87423EF40EADE6228E4817FB02F713FB38
:2056E00002F3C11838442FF01FFAFEF702BD2846EBF72CF82B68DFF830A2F31A032BAAF8E7
:2057000006007FF7F1AC2846EBF716F883462846EBF712F881462846EBF718F80346BBF1D3
:20572000000F62D18AF800B08AF80190AAF804302B68F31A032B7FF7D7AC2846EAF7FCFFFB
:2057400007462846EAF7F8FF06462846EAF7F4FF082F03463EF687AC082E3EF684AC082877
:205760003EF681AC28466C4D2F706E7085F8EA30EAF7E2FF00283FF4B7AC4FF00009AF1CFA
:20578000AA464E464946504609F101091AF004F9B9F1080F3E607E60BE60FE6007F110078D
:2057A000F0D15D4800211AF049F95C4BC5F8EC60C3E90166DE6097E4594909684FF4FA4307
:2057C00001FB02F2B3FBF2F343F00103B3FA83F3C3F11F033371FEF78CBCB9F8CA2012FB8D
:2057E00008F292FBF0F292B2B4E45FB14D4AD2F8DC319B4506DCB9F1000F03D0D2F8583145
:20580000994501DD00238DE709EBCB0302EB4302B2F84A3186E72846EAF78EFF424B1872BC
:205820002B685DE42846EAF787FF3F4B98702846EAF782FFB9F1FF0F064611D03B6807A925
:205840009B6A38469847079B321E03F0010318BF01229A4204D03B6831465B693846984718
:20586000D5E9003639E42F48DFF8BCA0D0F8DC21D9080131C9B203F00703013391428AF894
:2058800000108AF8013003DCD0F8582193420CDD0023AAF804301AE42846EAF757FF3F2864
:2058A000024609D94FF0FF0909E403EBC10300EB4303B3F84A31ECE7DFF86CA002F00703CF
:2058C000D10801334A1C8AF801308AF800204FF0FF093B46DDE72846EAF72EFF2846EAF7A9
:2058E0002BFF2846EAF732FF0E4EA6F8D4002846EAF72CFFA6F8D0002846EAF71DFF0B4E84
:2059000030702846EAF718FF30712B68FFF781BB98A10020306E0020E4730020D074002029
:205920003816001028B20020D8730020DC920020487300202846EAF7FFFE89F830002B68AB
:20594000FA1A092A1CDD2846EAF7F6FE70702846EAF7F2FE2846EAF7F9FEB0802846EAF7E0
:20596000F5FEF0802846EAF7E7FEF0742846EAF7E3FE30752846EAF7E9FE2B68A9F850009D
:20598000FA1A082A7FF741AB2846EAF7D5FE89F85E002846EAF7DAFE70832846EAF7D6FE21
:2059A000B0832846EAF7D2FEA9F860002846EAF7CDFE2B68A9F86200FFF727BB2846EAF7BD
:2059C000C5FEB0812846EAF7C1FE2B68F081FFF718BB2846EAF7BAFE30812846EAF7B6FE3D
:2059E00070812846EAF7B2FEA9F804002846EAF7ADFE2B68A9F80600FFF7FFBADFF888834D
:205A00000026D8F800902846EAF796FE09EBC607013638722846EAF78FFE78722846EAF766
:205A20008BFE052EB872ECD1484613F0F3F8FEF760BB02F0FD02FFF7B5B9070627D4C44ACC
:205A4000127812F001027EF454AB032888BF1046EBF7BAFFFEF74DBBBE4D2B6998457FF4F7
:205A60000DA9E4F7DBFC95F83020002A7EF441ABB94900F574230A6803F5107332B3506841
:205A8000C01A002822DA02F108019268F6E710F07C0FB24BB24908BF00F07F02B14803EB93
:205AA000421342700B600EF0A9FEFEF722BB3046ECF7E0F9FFF7CBBB2846EAF747FE034672
:205AC0002846F380EAF742FE3081FDE4EA620120A54A85F83000AB620A60FEF70ABBA34B0A
:205AE000A34A9A619A65C3F89820C3F8D820FEF700BB2846EAF72AFE2B689E4EFB1A012BB2
:205B0000A6F8D2007FF789AA2846EAF715FE89F889002846EAF710FE07283EF6A4AA86F874
:205B2000D6002B68FB1A062B7FF777AA2846EAF70DFE82462846EAF709FE81462846EAF791
:205B4000FBFD07462846EAF7F7FD06462846EAF7F3FDA9F1FA039BB240F6BE218B423EF638
:205B600082AABAF57A7F3EF67EAA642F3EF67BAA642E3EF678AA64283EF675AA7E4BA3F8DE
:205B800006A0A3F808905F709E70D870FFF745BA2846EAF7D1FD88F818002B68FF1A052F7D
:205BA0003FDD2846EAF7C8FD2846EAF7C5FD2846EAF7C2FD98F822208242034607D06D4A29
:205BC0006E49012010750A6842F400120A60284688F82230EAF7B0FD98F823208242034696
:205BE00007D0644A6549012010750A6842F400120A60284688F82330EAF79EFD98F8262015
:205C00008242034607D05B4A5C49012010750A6842F400120A60284688F82630EAF78CFDDE
:205C20002B686E68F21A002A7FF7B8AB2846EAF783FD534B18702B68F61A002E7FF7ADAB58
:205C40002846EAF779FDFA28034698F82520A8BFFA23DBB29A4207D0464A484901201075B4
:205C60000A6842F400120A6088F82530D5E90036F21A002A7FF792AB2846EAF75DFD98F815
:205C800021208242034607D03A4A3C49012010750A6842F400120A6088F82130D5E9003647
:205CA000F21A052A7FF77AAB062207A92846EAF76FFD2B68FFF771BB2846EAF747FDA8F893
:205CC0001A002846EAF742FD2B68A8F81C00FA1A032A7FF75EAB2846EAF72EFD2846EAF744
:205CE0002BFD2846EAF732FD0A22A0F57A7393FBF2F388F819302B68FA1A052A7FF749ABD4
:205D00002846EAF719FD2846EAF72CFD2846EAF713FD2B68FFF73DBB2846EAF70DFD2846FF
:205D2000EAF70AFD174EB0702846EAF705FD30702846EAF70BFD30832846EAF707FD3082F6
:205D40002846EAF7F9FCB0742B68FFF79AB900BFF5250020240A00205C8C0020B06D002073
:205D6000307200202C240020480A00203C1600102DF3000828B20020DC9200209825002090
:205D8000C01600200C720020A42500202846EAF7D3FC2B68BB423FF470A92846EAF7CCFC75
:205DA000F0702B68FFF769B92846EAF7C5FC86F899002846EAF7C0FC64280346A8BF6423E3
:205DC00086F89A302846EAF7C1FCA6F89C00FFF7F3B82846EAF7B0FC86F857002B68FA1A1D
:205DE000022A7FF7E5A82846EAF7A6FC86F871002846EAF7A1FC86F872002846EAF79CFCD1
:205E000086F87C002B68FA1A062A7FF7D1A82846EAF792FC03283EF626A986F88200284649
:205E2000EAF78AFC86F883002846EAF785FC86F885002846EAF780FC86F886002846EAF709
:205E40007BFC86F884002846EAF776FC86F88B002846EAF771FC86F86B002B68FFF7A8B871
:205E60002846EAF773FC2B68FA1A0D2A2EDD2846EAF762FC86F855002846EAF75DFC2846E5
:205E8000EAF75AFC86F858002846EAF755FC86F856002846EAF750FC2846EAF74DFC86F8D0
:205EA00053002846EAF748FC86F859002846EAF74DFCB0812846EAF749FCB0822846EAF747
:205EC00045FCB0832846EAF737FC2B68FA1A062A7FF76AA82846EAF72FFC86F86C0028469B
:205EE000EAF72AFC86F86D002846EAF725FC86F86E002846EAF720FC86F86F002846EAF7AD
:205F00001BFC86F870002846EAF716FC86F869002846EAF711FC86F86A002B68FFF744B86B
:205F20002846EAF709FC86F837002846EAF704FC2B68FA1A032A7FF733A82846EAF706FC93
:205F40002846EAF703FC86F83A002B68FFF728B8484D0A434849C0F8E0212A680B7842F45B
:205F600080322A60DA070AD4444B00221A70FEF7C0B82846EAF7E0FB0346FEF7A2BF404A2B
:205F8000127812B943F002030B7000200BF07CFDEAE702F0FD02FEF750BA2846EAF7D6FB84
:205FA000F0802846EAF7D2FBF0812846EAF7C4FBB0742846EAF7C0FBB0702B68FEF75FBDE4
:205FC0008142C8BF4FF6FE72A3F8EC21FEF791B80027FEF72EBB0022FEF713BB0026C3F811
:205FE000F061C3F8F461FEF74DBB264B1E68082714362846EAF7A0FBB842024628BF3A4640
:206000000023B35431462846EAF7C2FBFEF771B81D4B1E6808277336EBE71C4E1027E8E7AD
:206020001B4E1027E5E71B4B1A7C16260C2316FB0236194B08271E44DBE7144B11266FF098
:20604000540216FB002610271E44D2E7F5F7B8FFFEF73DBB9AF801303BB19A4225BF10AAA8
:2060600002EB4303002333F8263CAAF80430FEF7AABC00BF98250020F5250020FD8E00208B
:20608000808E002030720020A425002098A10020A9A100202C240020C871002010B40023B4
:2060A000084C01E0322B09D004EBC302013351798142F7D110465DF8044B704700205DF812
:2060C000044B7047CC9B0508B0F908306E2B00D0704710B50446EAF72FFB2046EAF736FBB3
:2060E0002046EAF733FB2046BDE81040EAF72EBB2DE9F041724B734F1E68734B16F4800F63
:2061000082B018BF012703F56670002293F83A10E633002918BF01229842F7D1002A40F051
:20612000A0806A4B1B689B0700F1A48034064FF0010506F4805800F1AE80654B1B78182B5A
:2061400047F4807406D8634A22FA03F3D80748BF47F4C074F10354BF44F4004444F4C0346F
:20616000B8F1000F40F0A08044F008645A4BDFF880C19B78594F053B032B98BF44F00044C2
:20618000B20648BF44F48044730554BF44F4802444F4402445F4884E44F0E04400944EF008
:2061A0000C0E0CF1040607F504751CF8011BFF293CD1B445F9D14A4BDB6A002B71D14EF498
:2061C000006E4EF42043474E01930021012508E00131322921D04B0902AA02EB830353F818
:2061E000084C01F01F0C05FA0CFC1CEA040FC8B2EED0002306EBC302013312798242E7D0C4
:20620000322BF7D14A0902AB03EB8202013124EA0C04322942F8084CDDD102AB13E9030054
:20622000314B83E8030002B0BDE8F081002301E0322BBED005EBC302D80052798A4203F1A5
:206240000103F5D1384490F81432A3F12402032A9FBF03F01F03012202FA03F34EEA030E72
:20626000A7E71A4B1B68F20058BF47F480579B077FF55CAF750747F0806754BF47F400572D
:2062800047F40837340647F0260740F2012506F480587FF552AFB8F1000F08D045F002057B
:2062A0004BE74EF4C05E8CE744F028645EE70F4B18780FF0D1FC0028F0D147F48067EDE73F
:2062C0005824002001000001306E00205C760020B024002000410001CC150020BC990508D7
:2062E00038720020CC9B050834B20020B624002028B400202DE9F7430120FDF7DDFB2D4EAC
:20630000054600244DB1E02305E003FB04F2B25832B10134E4B2032CF7D103B0BDE8F083BA
:20632000254F95F9048097F80432002B3DD14046FDF7C8FC421ED2B2012A38D9021F5342C5
:206340005341DB016A790193032300931B4B012153F822304046002227F0FAF88146F8B157
:206360002B68E02505FB046013F40F784FF0DC024FF0000100F1040018BF03F001086543C6
:206380002EF02AFCD7F8082246F805907319511C013483F8DA80C7F80812C3F8DC20E4B2C4
:2063A0000120FDF769FB0546ACE70823CAE78023C8E700BF5826002028B20020AC6F0508D9
:2063C000084B0422013A02D14FF0FF307047196831B191F93810814202D1D3F8DC007047E8
:2063E000E033EFE758260020F8B50E4B0E4D1F680424013C01D12046F8BD2B6873B16E684F
:2064000066B193F93800F9F77BFF38B103689B0304D4BE1B41F287339E4201DDE035E8E705
:206420000120E9E7CC130020582600202B4B70B51D682B4E00EBC00C002D4FEAC00E06EB59
:20644000CC0C0CDD274A002301E09D4207D052F8044B644503F10103F7D1012300E0002327
:206460000EEB00020B72D30006EBC202F4582569CD60257D4D72D4E90054C1E90054203352
:206480003344D3E90143C1E90543136A9468DB08CB61D3690C61DD080D6263B94B62002322
:2064A000864406EBCE06D6E90F208B62736C4B63C1E90B2070BD546B4FF47A7C072B0CFBB2
:2064C00004F4B4FBF3F44C62E9D9936B42F2107202FB03F3B3FBF5F3E2E700BFD01B0010FE
:2064E000A07700205C1B0010154B00EBC000C20003EBC00021B19B58DB680BB12AF0F4BCD5
:2065000070B5104D2C68002C18DD0F4E0023314601E09C4212D051F8042B90429C4603F18C
:206520000103F6D14FEA8C00A4EB0C02011D920031443044013C2EF035FB2C6070BD00BF92
:20654000A0770020D01B00105C1B0010124B10B4124C1B88B4F9002000FB03F3190BC2B10B
:20656000B4F902400E4842F2107301FB03F393FBF2F3234480FB0302DB17C3EBA200094B3D
:206580001B78212B02D1084B198058805DF8044B70471046F3E700BF5476002070B300200E
:2065A00067666666850D0020880D0020024B1A889B78028083707047549E050810B584461F
:2065C00000F1800E0B4C0FCCCCF80000CCF80410CCF80820CCF80C300FCC0CF1200CF44545
:2065E0004CF8100C4CF80C1C4CF8082C4CF8043CE8D110BD589E0508134BDFED146A93ED22
:20660000007A07EE900A27EE267AF8EEE77AF4EEC77AF1EE10FA14D993ED017A27EE267ACC
:20662000F4EEC77AF1EE10FA0BD993ED027A27EE267AB4EEE77AF1EE10FAACBF0120002021
:2066400070470120704700BF008F00200000C8425F4A2DE9F84F10600268C1600E46116964
:206660004269DFF890B1DFF890A1DFF890910A440023044642618AF8003083808BF8003091
:206680004FF0FF33C9F80030E3F7C8FE2368676CDB6805469847E3F7C1FE4E499BF800204A
:2066A0000B68451B2B440B6012B9236B2B442363236A9AF80010A3EBD30305EB850003EBE9
:2066C0004008C4F82080D1B9236B2163E16AE662761AE169A660A1EBD10106EB860601EB40
:2066E0004601E161A16B606B994238BF194603EB830300EB4303A3EBD003A1636363D9F868
:206700000030591C1AD0DB01A36122B9636AAB4238BF2B466362A36A2F4A2B44A362E36B00
:206720000133E3632D4B9E792D4BE31ADB1002FB03F3B3420BD02846BDE8F88F002AEAD1AE
:20674000A369B5EBD31F3CD9EB01A361DEE7E369072B29D80020234B1B785D2BEBD1224B80
:20676000D4F840C000221146A3FB0838636A144667F30F027F1B67F30F040F464FEA98181F
:2067800063F30F0766F30F01184B60F31F416CF31F4465F31F4268F31F47C3E90017C3E963
:2067A00002242846BDE8F88FDB0800EE103ADFED107AB8EEC00A87EE800A2CF067FF00B205
:2067C000C9E7012B84BF03F1FF33A3619EE700BF981A00102CB20020398EE33800B50020B5
:2067E000A0770020850D0020CDCCCCCC880D00208096184B84190010C81A0010608F0020A3
:2068000030B40A4D0A4C00F1420C00234FF420610560446003814181C360036100F10C02EC
:20682000163060451372F3D130BC7047AE014A015E019A012DE9F041834DEB78012B33D0E4
:20684000022B26D1814B1B681B0100F1D280804C2688804B1A6863889B1B002BB8BF5B42BF
:206860000A2BC1BF2389668023F00103238163683746D31A632B05DD238962605B0043F075
:2068800001032381744B1B78022B00F08380BDE8F081704B6E4C1A680027C4E90077A7607F
:2068A000A78113463E46E5E76C4B6D4A1C781288587893F802C06B4B6B49DE79D1ED035A72
:2068C00091ED045A91ED067A91ED076A02FB04F4664AC0EB00301278002E56D05B79052B8D
:2068E00053D8634E36F81330624E9BB207EE903A04FB03F3A6FB0363F8EE676A44F6FB7631
:2069000006EBD306002A3ED076EEC77AA6EE277AFCEEC77A81ED067A17EE903A9AB2554BC7
:2069200004FB02F2A3FB023244F6FB7303EBD203B3FBF0F3B3FBFCF39BB28B8276EEE56AEC
:20694000B6FBF0F2E5EE265A4A4EB2FBFCF292B2FCEEE57A4A8117EE907ABFB204FB07F749
:20696000A6FB07673A4CC1ED035A44F6FB7606EBD706B6FBF0F6B6FBFCF6B6B26281A38155
:206980000E81268065E78B8AD8E7DFED3B6A44F6FB76B7E7DFF8EC8020896389A8F806006A
:2069A000A8F80030A8F80260C0F30B002EF006FB324B09281B68D4BF00200120A8F808007B
:2069C00033B12A8896420ED31B88B3420BD301232B4A61881278A8F80A30A8F80C10A8F8B0
:2069E0000E20BDE8F081B7EB420FCCBF01230023EEE7FF201FF0E4FB08B303780A2B18D950
:206A00009FED1D7A0022184BD3ED097AD3ED0A6A5A8437EE677AE6EE877ABCEEE77AC3EDE3
:206A2000097A17EE101A8EB21E84094C268062810FE7428807EE902AB8EE677AE3E70A4BCF
:206A40001E8C5A8CF1E700BF1C7300205824002094760020CC130020850D00206CB30020AA
:206A6000547600208C8E002000B500207C9F0020D48E0020CDCCCCCC000000003472002069
:206A8000E09F0020880D0020794B1B78002B42D02DE9F041774B784C1B79E26AE062013BE3
:206AA000851A032B00F2DE80DFE803F04E023A330EF038F9714BDFED727A93ED000ADFF83E
:206AC000FC8120EE270A07462CF0E0FD6D4BB8F802601B78266503F00103002F75D0002B36
:206AE00040F0918006FB05F207EE102AD4ED137ADFED656A654BB8EEC77AC3E90066E7EEC7
:206B0000267ABDEEE77AC4ED137A84ED127A83ED027ABDE8F0815D4AC2E90033936070475D
:206B20005B4B1B681B01F4D5FF201FF049FB18B103780A2B72D900200346544AC4E9160344
:206B4000C2E900339060E4E7524BD87C002862D05B7C052B4ED99FED507A0020FFF7F6FCC5
:206B6000D4ED107AD4ED116AE06337EE677A0646E6EE877ADFED446AC4ED107ABCEEE77A64
:206B800017EE103A98B2FFF7E1FC06FB05F207EE102AD4ED0D7A41493C4B0978A063B8EEDF
:206BA000C77A2129E7EE267A5E601860BDEEE77AC4ED0D7A17EE102A84ED0C7A83ED027A39
:206BC000A7D1374B9E80DA80A3E7314A126802F01002002B86D0002A3DD0B8F9003007FB25
:206BE00003F0304B83FB0023C017C0EBA3100644266577E72C4A32F8130080B207EE900AAA
:206C0000B8EE677AAAE7294B00FB00F7A3FB073700EB1717E1E79FED207A9FE7B4F856206B
:206C200023494368D0ED027ADFED226AA1FB020103EBD1032049096801FB02F207EE102A52
:206C4000F8EEE77AB8EE477AE7EE267AFDEEE77A17EE900A71E700FB00F73223B7FBF3F7EB
:206C60000744BAE7094B0022C3E900229A6050E7A47600201C73002000B50020F81B0010D2
:206C800000007A44F52500202FE33E31F49F0020582400208C8E002000000000850D002040
:206CA000880D0020D34D6210D48E00201F85EB51CDCCCCCC7D219534CC13002074B300204D
:206CC00008B50F4B18780EF0C7FF08B1002008BD0C4B1B78002BFAD10B4B5B681905F6D5C9
:206CE0000A4B1B68DA0603D5094A10780028EED0DB04EBD4074B1888B0FA80F0400908BD8B
:206D0000B624002088060020148E002058240020FA8E0020448F00202DE9F0416D4CDFF8FB
:206D2000D4812DED048B9FED6C8A0025F0EE489AF0EE488AB0EE489A04F13C0604F1F40797
:206D40004BE0002D4DD1236C30469847002800F08280D4F8DC3184F86051002B77D1B4F999
:206D60000C3194ED3A5AD4ED3B5A94ED3C6A94F81E1106EE903AB4F90E3107EE103AB4F9F3
:206D8000103107EE903AF8EEE66AB8EEC77AF8EEE77A76EEC56A37EE657A77EEC67A092921
:206DA000C4ED3D6A84ED3E7AC4ED3F7A58D0384615F08CFBD4ED397AD4ED3D5A94ED3E6AC1
:206DC000D4ED3F6AE5EEA78AE7EE869AA7EEA68AB7EE007A39EE079A012594F8E632DB07F8
:206DE000AFD4B5EE409AF1EE10FA61D194ED040A94F83830002B3FD0D4F82432374898473B
:206E0000F0EE407A3648D4F82432C4ED0B7A94ED050A9847F0EE407A3248D4F8243294EDE0
:206E2000060AC4ED0C7A984784ED0D0A2E4A2F4910780B79B3FBF0F200FB1232D2B2AAB1FA
:206E40000133DBB20B71BDEC048BBDE8F08198F8000024F08BFED4F8DC31002BBCD1A9E759
:206E60002349A1F1740015F0CBFAA3E701230B71BDEC048BBDE8F081D4ED0B6A94ED0C7A21
:206E8000D4ED0D7AD4ED055A94ED066A94F8283076EE806A37EE257A77EE867A0133C4ED59
:206EA0000B6A84ED0C7AC4ED0D7A84F82830BDE7B7EE007AC7EE097A28EEA70A69EEA79A00
:206EC00028EE278A84ED040AC4ED059A84ED068A8EE700BF28130010000000005015001027
:206EE000641500107815001000000010F81B0010901400100C7200202DE9F04F89B0E3F77F
:206F00008DFA9A4B07901B780493002B40F05281974BDFF890A2D3F804B0CBF10003019359
:206F2000944B0293049B03930593934F934DE3F775FA3C68002206462A60002C00F02383A7
:206F400090469146CDF818B014E00B692169711A91FBF3F1013189B210FB01F301339BB21D
:206F6000E180A38098451FD301322A6057F82240002C35D0216891F91400431CF4D08B68E2
:206F8000002B00F0A080B4F804C0BCF1000FDCD1E1683046711A9847002840F0B880A388F9
:206FA0002A68E0809845DFD2A16975484FEAD11C0068DAF8B41001447248006800FB0C11E7
:206FC0000198814204DBDAF8B810490740F097800132A14657F822402A609846002CC9D14C
:206FE000634BDDF818B05A68A2EB0B02CAF8B420B9F1000F71D0D9F818005C4A614D604C71
:2070000092F800C02F68C109C9F844105A68236807FB0131BCF1000F03D0049B002B00F0E6
:207020007F828F1848463146FFF712FB059B034405934F4B5A68D21B002A40F38A825249D4
:20704000029B0E6851491B78711AB1F5107F20D0432B0DD1DFF850C12F684D4DC8100CFBFC
:2070600000F0688002EB8200400090FBF7F0A880306C01303064DAF894000130CAF89400A1
:20708000DAF89800B1F5FC7F1044CAF8980000F07783404A116822688A4203DA3E4909689F
:2070A0000A442260DAF89C20092B02F10102CAF89C2016D1E3F7B2F9079A0599344B0A4452
:2070C000801A98800DE00B69E168711A91FBF3F189B2E18069B9A38844E7029B1B78092BE1
:2070E000E8D0DAF8B8300133CAF8B83009B0BDE8F08F10FB01F301339BB2A38032E723493B
:20710000611AB1F5107F04BF9846A1462CE7E3F785F9236826614FF0010CA4F806C01F4AA3
:2071200093F914301E49DFF884B0DFF884E06344D2F800C0801BACEBDC0C8444C2F800C045
:207140000A68A2EBD20CDBF800200244CBF80020DEF80020904238BF1046A268CEF8000051
:2071600062449BB20A60A3802A68FBE6D41B0010001000E0850D00205C1B0010CC1B0010FD
:20718000487F002020140020981A0010A0770020880D0020649F00206C9F0020407F0020D9
:2071A000588C002000B50020398EE3383C7F0020387F0020B24BDFF834935C68B14BD9F836
:2071C00000201B689918081B5A428242039106DD90FBF2F202FB033319440391081BAA4BB6
:2071E000AA4A19681368814207DDA94D2D689D4203DDA84D2D682B441360984280F27A81FB
:20720000994203DAA44909685B1A1360002805DD9B4A039954680B1B002BFBDCE3F7FEF831
:207220009E4F9F4D064631469E48FFF711FA3A782B79B3FBF2F102FB113313F0FF038046D8
:2072400005900DD131469848FFF702FA434603443A7805932B79B3FBF2F102FB1133DBB255
:20726000B3EB520F00F08482904BD3F80472904B02931D78282DA6EB07070CD18D4A82FBD3
:207280000732FB17C3EB6213B3F5FA6F8A4AA8BF4FF4FA639380894B1B78002B40F07C81C2
:2072A00087480378033B032B40F2D781DFF840A2DAF87030F21A002A0ADD03F54343814AFD
:2072C0005033CAF8703000217F4B117001221A707E4B5B68DA0415D57D4BDA6A92B193F882
:2072E00030307BB17B4B1A7862B176487649012206F5123606F5F87602700A700022CAF87B
:2073000070601A704F2D00F08683282D03D16D4B1A78694B1A80704FDAF874203B689B1A60
:207320000A2B00F3D381D9F80030DAF88C206B48DAF884109AED247AE31A9A1A02FB02F272
:2073400007EE902ADAF88020CAF8783013EB020CDAF88820CAF880C002F1010EF8EEE77AD1
:207360000268CAF888E041EBE371432D77EE877ACAF88410A2EB040600F05283442DCAED49
:20738000247A00F00C81002EC0F28E83039BC9F80030534BD3F8E01191F8E430032B62D0FB
:2073A000DAF8A030D1F8E80033B900F5C3432833CAF8A440CAF8A030834240F27581314B97
:2073C0001A68D1F8F040039B1F1B02EBD27697FBF2F302FB1373B3EB660FC8BF9B1ADAF80A
:2073E000A8201344DAF8AC20CAF8A830A21ACAF87820A2B1D1F8F410CAF8AC4029B1002A4E
:20740000B8BF0732D210CAF87820364C266861689642C4BF226016469142C0F2B581DAF8E1
:20742000B0201AB900F13202CAF8B02082421AD83232CAF8B0201F4A82FB0312DB17C3EBAB
:207440002213039A432DA2EB0302C9F8002000F0B982244C4FF000436FF00042C4E90023E9
:207460000023CAF8A830064B039AD3F804B01E4B1B78A2EB0B020192002B48D155E500BF7C
:20748000001000E0709F0020509F00204C7F0020549F00205C9F0020589F0020000000107E
:2074A000F81B00103078002078780020A0770020850D00201F85EB51880D0020068D0020A0
:2074C000688D0020A78D0020A48D0020148E0020387200207BB30020CC130020789F0020E2
:2074E00028130010640A0020D41B0010749F002000B50020AF4BB04AD3F804B0039BDFF8C4
:207500000CA30292A3EB0B03019300230593AB4A01991268B1EB420F7FF7DFAD049304E5C5
:20752000039B9B1A9942FFF67CADB9F80620029B012A1B7840F2E68107EE900A9FEDA07AFF
:20754000F8EE677A67EE877AFCEEE77AC9ED067AC5E59C4B206819689B4B99429B4908BF87
:207560000023096808BF8AF8BC305242029B8A421B78FFF68EAD8142BFF694AD944A126871
:20758000801A20608EE58B4A029B52681B78A2EB0B02CAF8B420A2E5DFF870A2BBE68D4B86
:2075A000DFF854821B88A8F80030002EBFF6EEAE07EE10EAF8EE476A804B87EEA67AD3F87B
:2075C00000B0DAF8983003EB830300265B0093FBFBF30193DAF89C30374663F30F07DAF803
:2075E0009430F1EEC77A63F30F06019B63F31F46794BC8F8026003FB0B23DAF894200360EA
:207600004FF47A7302FB03F3DAF89C20B3FBF2F363F31F47FDEEE77ACAF8C03017EE903A9D
:20762000642202FB03F3C8F8067093FBFBF3A8F80E3000267246334660462AF0B9FE002350
:20764000CAF8903000220023CAE92260CAE92566CAE92023CAF89C6098E683689847029B57
:207660001D78282D00F062815C4B1B78052B00F00B0200F06081DFF894A1594B197800F0E4
:207680000400014314BF01210021012A19707FF40FAE544B1A70544B1A7006F5123303F51E
:2076A000F873CAF8703013E6DAF8A420CAF8A44003F5C3432833CAF8A030A21A4B4BD208B1
:2076C000A3FB02324A4B120A1A607AE6494E3B68F2689B1A7268934200F36B8196F8028066
:2076E000B8F1000F40D04F2D96F8252006D1A2F10101414BB1FA81F1490999803F4B1D78D4
:207700003F4B1B68DB0505F0010503D53D4B9B79022B02D0012A00F0DA81FEF765FE80F0D0
:2077200001035B00DBB20193002D40F08282DFF8E080314D96F82430062B00F2D083DFE894
:2077400003F09EC3BE8304692B003A68336A1344F361029B1B784F2B00F03F83019B002BEF
:2077600040F09E81029B1D783B68CAF87430DAE525483146FEF76CFF059B0344059373E5A5
:2077800000228AF8BC2084E406EBD67106EB61069642C8BF626042E6032386F82430029B93
:2077A0001B784F2BC6D196F82430EB8096F826302B80BFE7001000E0850D002020140020AD
:2077C0006666663F981A001098790020609F0020689F00208819001040420F00818E00208E
:2077E000648D0020A78D0020A48D002089B5F814709F0020C0250020880D0020F525002066
:20780000148E00203C730020C078002000B5002098250020BF4A3B685288642101FB023391
:2078200073614FF40060002386F82430F3702AF039F94FF480602AF035F9D8F8003023F0AF
:207840000203C8F80030AAE7B3490B78D80708D5B24A127812B943F002030B7001200AF048
:2078600013F9D8F800303A6843F00203C8F80030336A1344F361042386F824308FE7A84B88
:207880001B6803F48073002B14BF012300234FF4806086F8263000F0A4822AF019F9029B60
:2078A0001B7800224F2B72617FF458AF96F8268096F824309B4AA2F80080D3804EE73B680C
:2078C000032386F824306AE73388DFF848B2013333809BF807300122F270002B00F0B6824A
:2078E000022B00F0AB824FF480602AF0F1F8032386F8243096F82630002B00F097820023E5
:2079000033624CE7884A91457FF4E9ABBAF8001000293FF4E4AB9AF8BC200132D2B291424B
:207920008AF8BC20FFF408AEFFF7D9BB7D4B00F002025A8098E6DFF810A2012ABAF86410C8
:2079400040F2FF3318BF00230B441FFA83FCDAF86030BAF86610AAF864C01F44734BCAF8AF
:207960006070013189B29F42AAF866107FF785AEBCFBF1F307EE903A9AED1A7ADAED1B6A67
:207980006B4BF8EE677AA7F5C33777EEC77AA03FA6EEA77ACAF860708AED1A7ABCEEC77A12
:2079A00017EE101A19800023AAF86430AAF8663063E6604A002386F82530136843F00403D0
:2079C00013608BE65C4C5D48564F0068D4E900C2002164260D4603EB83035B0093FBF0F3AC
:2079E00063F30F0106FB02F3A2EB0C0293FBF0F363F30F0506FB02F206FB0CF392FBF0F251
:207A000093FBF0F362F31F4563F31F41C7F80610C7F80A501EE54A4B1A78424B5A807AE4A9
:207A2000DFF80081454FCAED247A03EB8303002E3F684FEA430393FBF7F3A8F80030BFF640
:207A4000A5AC07EE10EAF8EE476A3E4B87EEA67A03FB07230360DAF894304FF47A7203FBE3
:207A600002F2DAF89C30B2FBF3F26420CAF8C020F1EEC77AFDEEE77A17EE903A00FB03F390
:207A800093FBF7F3A8F80E30D3E5029B1A78B8F1000F40F0A9814F2A00F01D8203230193D5
:207AA0000198F6F789F85DE6244B264E1B6806FB03230360DAF894304FF47A7202FB03F3D4
:207AC000DAF89C20B3FBF2F3CAF8C030B1E5002D40F09C81DFF83CB0164DDFF8488096F870
:207AE0002430062B00F20482DFE803F030040467954F8100052386F82430029B1B784F2B27
:207B0000EDD196F82430A8F8063096F82630A8F80030E4E73C730020F5250020808E002039
:207B2000148E0020880D0020987900209F860100848E002098250020640A00202014002086
:207B4000A78D002040420F0000B50020B14B1B6803F48073002B14BF0123002386F82630E9
:207B600000F067814FF4806029F0B2FF029B1B7800224F2B72617FF4F5AD96F8262096F82A
:207B80002430A5490A80CB80ECE5BBF802203B68642101FB023373614FF40060002386F8B7
:207BA0002430F37029F07EFF4FF4806029F07AFF2B6823F002032B609FE7984B1B78DA07B0
:207BC00009D5974A12781AB9944A43F002031370012009F059FF2B683A6843F002032B6086
:207BE000336A1344F361042386F8243085E7029B9BF80A001A78FEF7FFFC00287FF47AAF58
:207C000096F82630002B7FF475AF4F2A7FF4AAAD1A460623B5E73B68F169029A9942127858
:207C2000FFF468AF4F2A7FF49DAD96F826200423A7E74FF000087B4D96F82430062B00F267
:207C40004E8101A252F823F0577D0208197D0208FB7C0208C97C0208AB7C0208657C0208EB
:207C60008B7A0208704A3B685288642101FB023373614FF40060002386F82430F37029F020
:207C800011FF4FF4806029F00DFF2B6823F002032B60029B1B784F2BCED15F4A96F8243082
:207CA000D38096F826301380C6E7029B1A78B8F1000F00F08B803B68F169994280F08A8019
:207CC000052386F82430E4E754490B78D80708D5534A127812B943F002030B70012009F044
:207CE000D3FE2B683A6843F002032B60336A1344F361042386F82430CBE7B8F1000FDFD160
:207D00003B68B169029A9942127880F0B380032386F824300193BCE7B8F1000FD0D13388BF
:207D2000DFF804B1013333809BF807300122F270002B00F0B780022B00F0AC804FF48060C3
:207D400029F0C6FE032386F8243096F826306BB3002333629DE72F4B1B68C3F300220692A3
:207D600003F4807B86F826200CF0DCFF08BBBBF1000F03D02C4B9B79012B22D0B8F1000FC4
:207D800040F0A0803B6872699A426FD2264BDB79022B6BD03388013333800123F3704FF45F
:207DA000806029F095FE032386F82430B36833626FE71D4B5A883B68642101FB02337361C2
:207DC000D5E7F370338801333380E8E73968336A0B44F3614F2A7FF4C1AC96F8268004237E
:207DE00068E529F05FFE5AE50F4B987AFEF704FC00287FF465AF96F82630002B7FF460AFE0
:207E00004F2A7FF4ABAC9846062353E50023019311E700BF148E0020880D0020F5250020C1
:207E2000808E0020982500203C730020B3683362B5E44FF4806029F035FE97E64FF4006090
:207E400029F046FE062386F8243053E54FF4806029F03EFE9BF805203B684FF47A7101FB95
:207E60000233B361022386F8243043E5012386F824300EE7234B93F87031002B7FF447AF81
:207E80004F2A7FF40BAE96F8261002221E4B1980DA8003E64FF4006029F01AFE062386F895
:207EA000243052E74FF4806029F012FE9BF805203B684FF47A7101FB0233B361022386F878
:207EC000243042E7029B1B784F2B7FF447ACBDF918800023EEE496F826100622D6E7029A8D
:207EE00012784F2A7FF43AAC96F826801BB2E1E4029A12784F2A7FF435AC96F826201BB2CC
:207F00003FE600BF3C160010880D0020064A1378D90707D50549097811B943F0020313707B
:207F200009F0B2BD704700BFF5250020808E00202DE9F0414E4B93F8430082B0002800F003
:207F400095804C4A002100910092009A3C320092009A10681FFA80FE704693F83730002B1C
:207F600000F08280434B002201920193019B40330193019B1B689DB22B463F493F4C4A7CDD
:207F8000D1E9026737F812C027F812E0A6EB0C0691F810C08F69304401328860B2FBFCF888
:207FA000B0FBFCF00CFB182286B2A4F8C400487F4A7437F810C04A6927F81050A2EB0C0200
:207FC0001344D4F8C8204B6140F6E44707FB02FCBCFBF6FC0E7FB3FBF6F31FFA8CF2A4F889
:207FE000C6309BB202FB03F3254A9B08A2FB0323D4F8CC20C2EB5312D4F8D03003FB02F2EE
:20800000204B02F5FA7283FB0273D2171E4FC2EBA3121E4BA7F800C01B781D4F1E3201309F
:2080200012B23A801E2BB0FBF6F706FB170048770CD10023194665F30F0162F30F03154A7D
:208040006EF31F436CF31F41C2E90031094B6FF004021A609A68012142F480029A6084F83D
:20806000D41002B0BDE8F0811D4686E7864674E78C8E002000200140640A002000B500205F
:208080009F00EE09D34D621054760020850D002056760020880D0020064B93F8D42002B9F0
:2080A00046E7054A1268520703D5002283F8D4203EE7704700B500200020014010B4124BD5
:2080C000124A1B6811789A885B88114C114812FB01F213FB01F31049C97992B29BB28A4283
:2080E0002280038088BF521A0C485DF8044B8CBF92B200228B4288BF5B1A0280084A8CBF57
:208100009BB200231380704734720020A4760020E29F0020E49F00201C730020E69F00200D
:20812000E89F0020244930B40C681CB1A37A1C1E18BF012402281FD8204A034610742048F3
:2081400003EB830203EB420200EB42020A601D4A1178CA1E012A0DD9162202FB0302927AB2
:208160001AB1194B1A7030BCA8E7174D2A7861B1002AF8D130BC7047104A1148137C022BAE
:2081800015D9002313740246E0E70AB1002CEAD016210E4A01FB03F31288C35AB2FBF3F3CC
:2081A0000133082BA8BF08232B7030BC86E7162203FB0202CAE700BF347200202C240020F2
:2081C000C8710020E09F0020A476002094760020F0B5664A6648137C664C674DDFF8ECE1A7
:2081E000DFF8ECC1654F664E022B84BF0023137403EB8301634A03EB410302EB4303036092
:20820000614B624900201860614B6248042222701A70614C614A0023C1E900338B608B8188
:208220004FF4C84103808EF80030ACF800303B8033806B60237002F56670298092F88B107E
:20824000E632002918BF01239042F7D10BB1012323705348C378012B0ED0022B4CD0017932
:20826000504A514C00230129C2E900332370936063D002293BD0F0BD037A4C49247807EE5D
:20828000103AB8EEC77A0023F2EE046AC6EE877AC1E90233C1E90533CB6164B9DFED446A03
:2082A00067EEA67AB7EE007A37EE877AC7EE876AC1ED046AD3E7037BDFED3E5A9FED3E6A72
:2082C00007EE103AB8EEC77A67EE867AC5EE876AB7EE007A77EE875A36EE877A87EEA56A71
:2082E000C6EE877A81ED046AC1ED077AB7E72F49C1E912330B65F0BD027A2378DFED2F7A10
:20830000DFED2F5ADFED2F6A06EE102AB8EEC66A002B18BFF0EE676AC5EE867A234B0022AB
:20832000C3E90822B7EE007A67EEA67A37EE877AC7EE876AC3ED0A6A91E7427A9FED226A97
:2083400007EE102AB8EEC77AF7EE007AC6EE076A164AC2E90D3300201363D363106476EE94
:20836000A77A86EEA77A82ED117AF0BD2C24002034720020A5760020148F0020E49F0020C9
:20838000E69F0020C8710020EC9F002094760020E09F0020E89F00207C9F0020306E0020CB
:2083A0001C730020F49F0020E19F002000B50020FDAD003E7BD9A03EFDAD003D0AD7A33B26
:2083C000D2537B420AD7A33C7BD9A03FA4760020E29F0020214B187820B3214B1A68138994
:2083E0000BB307EE903A1F4A9FED1F6AF8EE676AD2ED027AF8EEE77A07EE103A76EEE76A55
:20840000B8EEC77A66EE866AC6EE877AFDEEE77A17EE900A6428A8BF642020EAE070C0B24E
:208420007047642070471149B2F802C0098800FB0CFC61450FD9138800FB03F39942F0D239
:20844000A1EB0C01642202FB01F1A3EB0C03B1FBF3F1C8B270471846704700BFA4760020A2
:2084600034720020F49F00200000C84294760020054B064A03288CBF58785870044B03EB64
:20848000401313600CF0BAB92C24002030720020B06D00202DE9F0479E4B1D7815F0010265
:2084A00013D09D4B9D4A1B78126803F001032AB191881268002B00F0B3811183984C237836
:2084C000002B40F01481BDE8F087964F3B689C0500F15881944ADFF89C9292F80080D9F8DF
:2084E0000060DFF89CA2B8F1000F00F066819A0100F17181F4054CBF43F0100423F0100488
:20850000F0064CBF44F0806424F08064B1054CBF44F0006424F000643C600CF003FC80BBA7
:2085200024F08001814B1B6813F002000CD09AF8D6204AB37E4ADAED367A92ED087AB4EE0F
:20854000E77AF1EE10FA1FDD21F48071DAF8C020BAF80440944234BF41F4006121F4006152
:20856000DA0707D5734A92F8E642E40702D5D2F8DC211AB968B1704A928D52B141F4805178
:208580000CE044F08001CDE7002EDDDB41F48071DCE75A0700F14B8121F48051DFF8A4C177
:2085A0000CF17804634602E00633A3421AD01A78202AF9D193F802E0DA78964502D35A79C7
:2085C000002AF1D0D9F8049019F0010F00F03E816B0704D5594B9B78002B00F0378121F499
:2085E000806101E0D9F80490554B93F807E0BEF1020F0FD0534B02E006339C4221D01A7889
:208600000A2AF9D193F802A0DA78924502D35A79002AF1D04C4B9A7C5AB94C4A12789207FA
:2086200040F10B814A4A5B7C92F830209A42C0F0048121F4802175054CBF41F4002121F481
:208640000021444B1B78ABB1434B93F800A0BAF1000F0CD0414B002201E092450AD09D7FD0
:2086600015F0010F02F1010203F11403F5D141F4801101E021F48011394A537C012B2FD054
:20868000022B27D021F4800119F0080F18BF41F40031002840F0F18021F40001314B3960CF
:2086A0001B78002B00F09F80B8F1000F00F0A2800B1E18BF01235B002B4A1370E1F7AEFE28
:2086C0002A4B1B68C01A0028FFF6FDAEBDE8F047FBF72CBB9379002BD4D09378082BD1D091
:2086E000234B1B78002BCDD041F48001CCE7214B1B68002BFFF6E7AE1F4B1B79002B00F08B
:20870000E9801E4B1B78002B40F0258100232370D9E600BFF5250020D4130020D813002073
:20872000808E002098250020880600205C760020849000202813001048190010CCB2002000
:208740003C730020487300207C29002098770020CC76002004000010340A0010EC0D0010AE
:20876000CC1500208E930020D19F002068B30020DD160020148E0020B0240020E07F0020A4
:2087800000B5002097499848897904684FF47A7606FB01F1A1423FF69DAE9449097849B1F5
:2087A00093490C78002C40F00881924A9279002A3FF490AE23F400738CE68F4A9AF8D510A6
:2087C0001278002971D1002A40F0B0808AF8D5209A017FF58FAE894A1278002A3FF48AAE65
:2087E00023F0007386E641F080713960B8F1000F7FF45EAF824B834A1B68127816F00100E6
:2088000004BF21F06001396003F480530ABB002B6CD139B348B341F00051396002234BE73A
:20882000794C51832378002B3FF44DAE5FE7774B1B78002B3FF4A2AEAEE6AB073FF5F9AE41
:20884000002EFFF6F6AE41F48021F4E641F48061CAE6002B5AD129B121F0005323F480535D
:20886000002BD7D100287FF423AF21F000510B1E18BF012339605B001EE7654BB3F90A30A3
:20888000002B7FF409AF634B02E006339C4211D01A78012AF9D19878DA78904202D35A7997
:2088A000002AF2D041F40001F8E6002A8ED0F1078CD43DE0574B02E00633A3423BD01A787C
:2088C000022AF9D19878DA789042EBD35A79002AF2D0E7E75049494C0A68237042F000724C
:2088E000BDE8F0470A200A6009F0CEB8B20190D44A4B1B7B002B8CD121F0005323F08003C5
:20890000002B87D100287FF4D3AEAEE7B301A2D4424B1B7B002B9ED121F0005323F0800342
:20892000002B99D100287FF4C3AE9EE7F00741D423F008034AE7374B02E006339C4228D043
:208940001A78042AF9D19878DA789042AAD35A79002AF2D0A6E72A4B1D6815F480557FF445
:20896000D5AE2F4B1E78F3F78DF800283FF4CEAE2C4A2D4B12781B78013202F003029A420D
:208980003FF4C4AE2B4614223146FF20F3F79AF8BCE6204B02E00633A34220D01A78092AB7
:2089A000F9D19878DA789042FFF47CAF5A79002AF1D077E743F0080308E70E4CA668002EBC
:2089C0003FF488AD0068801B40F6B836B0427FF781AD0A70A279002A7FF4ECAE7AE50D4BEF
:2089E00027E000BF2C240020CC130020E07F00208907002078190010A78D002014A2002048
:208A000058240020CCB20020808E0020E92500202C7300204873002098250020348F002066
:208A2000D0110010980D0020990D002006339C420BD01A780A2AF9D19878DA789042FFF411
:208A400031AF5A79002AF1D02CE7284B02E006339C420BD01A780E2AF9D19878DA78904256
:208A6000FFF420AF5A79002AF1D01BE71F4B02E006339C420BD01A78112AF9D19878DA783D
:208A80009042FFF40FAF5A79002AF1D00AE7174B02E006339C420FD01A78292AF9D19878AB
:208AA000DA789042FFF4FEAE5A79002AF1D0F9E60CF1060C644514D09CF800302B2BF7D1D8
:208AC0009CF802209CF803309A4203D39CF80530002BEDD0064B1B6893F86630002B7FF423
:208AE000E1AEBEF1020F7FF4D7ADDBE648730020A42500202DE9F047AC4D2B78002B69D15D
:208B0000FFF7C8FCAA4B1B68D3B9AA4C2378DE0701D5BDE8F087E1F781FCA74BA74A1B6874
:208B2000C31A9342064670D8A54C2368002BF0D1FEF7C6F8002800F0358103232360E8E78E
:208B4000A04C9F4994F8DC200020086042B19E4A92F8E612C90703D5D2F8DC21002AD8D192
:208B600093FAA3F3D4F8E420B3FA83F301339A42CFD0964A964DC4F8E430D8B2A2FB001264
:208B800002F0FC0707EB92074FF00533C71BFFB22B60042803F134534FEA92026B60394602
:208BA00040F27F81284608231926012A1C46067203F1020302F1FF3200F08980402B46726D
:208BC00000F10200F1D1FF22EA540E20BDE8F047F4F7F2BF7B4C94F8DC30002B90D17A482E
:208BE0007C4B90F8E6621B8B816842F2107202FB03F3F707D0F8DC2148BFB3FBF1F2012327
:208C0000C0F8DC2184F8DC307AE7DFF8248298F80030002B40F08F806F4B704F1B78002BD8
:208C200077D0674894F800C06D496E4B0022C1E9942202604CF00102227003F1780102E07F
:208C400006338B420DD01A78202AF9D19878DA78904202D35A79002AF2D04CF0050C84F8FA
:208C600000C00CF0EFFC60496B783A68554C4FF00008C1F818805D49C4F8E48001FB0363BE
:208C80001506C4F8E03040D51CF006FD584B594A1B7882F80080980707D5574A574B92F8AE
:208CA00030205B7C9A4280F0EE801720F4F784FF53485449544A0068D4F8F0500023C4E914
:208CC0003A050B601360C4F8F430BDE8F0872C4432223E2B62703FF676AF002F3FF473AF9E
:208CE00005220129494CEA544FF0190001F1FF3109D002333E2BE0543FF665AF0129EA547A
:208D000001F1FF31F5D101335DE70520F4F754FFCEE7FDF7D5FF002840F0B38028480368AD
:208D2000032B7FF47FAF3A4B1A78002A7FF47AAF01221A7076E7294F3B6813F0006979D1AC
:208D4000344B1B78002B75D033484FF4847249462BF042FF314BDB79002B6BD0304B93F8B6
:208D600000A0F2F78FFE70B12E4B2F4A1B781278013303F00303934205D04B4651460D227F
:208D8000FF20F2F79FFE294B98F800101B68DFF84880DA0F002B88F8002078DA00293FF496
:208DA00040AF50E001232360B3E600BFCCB2002098250020F525002058A000207F4F1200E8
:208DC00060A0002000B5002028130010CDCCCCCC047500200C720020808E00205824002021
:208DE0003C16001048730020F81B001040420F0098770020BC250020CC7600207C2900202B
:208E0000CC1300200C8F0020108F002003750020F88E002004000010EC0D0010CC1500207D
:208E2000D0110010980D0020990D0020148E0020E07F00201D4BDFF888801B68DA0F002B97
:208E400088F8002026DA3B68DA043FF5EAAE4FF0150A174B93F80090F2F714FE70B1154BCE
:208E600015491B780978013303F003038B4205D0524649460023FF20F2F724FE98F800307D
:208E8000CDE60E484FE70620F4F796FE10E700293FF43FAF3B68DB043FF53BAF4FF0140AB0
:208EA000D7E70823002F7FF41BAF8CE6148E0020D0110010980D0020990D002060A000208D
:208EC000808E00203C4A3D4BD2ED037A1A68FDEEE77A17EE903AB3F5FA6FA8BF4FF4FA6365
:208EE000B3F57A7FB8BF4FF47A73D1041AD5344A1268920110B426D4324A107B002839D1E4
:208F0000314CD188628A54189C4246DA981A401A6423C2F5FA6203FB00F0521A90FBF2F0B8
:208F200040B237E0284A928A6421981A01FB00F0C2F5FA6290FBF2F08842A8BF084620EA6E
:208F4000E07040B27047204A1E4C928A6421981A01FB00F0C2F5FA62237B90FBF2F088421D
:208F6000A8BF084620EAE07003B1404240B25DF8044B7047144A928A64219B1A01FB03F3B9
:208F8000C2F5FA6293FBF2F38B42A8BF0B4623EAE37358B25DF8044B7047521A9342F9DAEA
:208FA000D01A6FF0630303FB00F0A2F57A7290FBF2F040B2EEE700BF0C8D00205824002049
:208FC000148E0020348F0020387200202DE9F04F2DED0C8B4C4B8DB01B7803902BB14B48B3
:208FE00090F80431012B00F0F582494D494C94F8E73294F83810002B40F09880002394F85B
:20900000282009930A930B93002900F0C58304F12C0393E807000DF1240888E80700404603
:2090200012F026FA3C4E3D4B0493A6F5137B1F4603F50D7A0DF13009D4F86432B8EC010A10
:2090400030469847D4F8A43206F140009847D4F8E431A6F1800098476B69002B00F3F683C1
:20906000C145ABEC010A06F1140607F18C070AF1040AE1D10022002B84F8282000F3C181AB
:2090800094F8E93243B394F8E632DB0724D5244B94ED3D7A1B78D4ED397A94ED076AD4ED53
:2090A0003E6AD4ED088AD4F80C21142B01F0F180322B27EE270A27EEA68A00F08F87152BED
:2090C0000AD130EE460A2AF0E1FA164E38EE680A30802AF0DBFA7080134B95F8682B9B7C32
:2090E00023B194F8E832002B00F0338795F8703B002B40F0AC84002A00F066830DB0BDECF5
:209100000C8BBDE8F08F00BF04000010EC0D0010F81B00102813001090150010001C001069
:20912000850D0020880D00200C720020D84B9FEDD98A1F780193132FD4F8EC62D4F8E031B4
:209140008DED098A8DED0A8A8DED0B8A00F0A485002900F0DD85002E02F00581E36A0993C2
:20916000012E02F02081236B0A93022E02F01582636B0B930DF12408404612F079F9C64EA5
:20918000C64BD4F8EC220493F0EE008A06F513791F4603F50D7B4FF0000ACDF80880029B46
:2091A000924503EB8A0393ED000A00F0B587D4F8643248469847D4F8A43209F1400098471D
:2091C000D4F8E431A9F180009847D4F8EC229245B0EE408A00F082876B690199002B91F881
:2091E000008040F3E98097ED1F7AD7ED1C5AD7ED1E6A97ED1B5A9BED006A78EE477A38EE78
:20920000066A67EEA57AD7ED1D5A8BED006AE5EE267A012BB0EE476AA5EEA76AD7EEA86AE4
:2092200096EE287A38EE678AC7ED1E6A87ED1F7A00F0BF8097ED247A97ED216AD7ED236AF7
:20924000D7ED225A78EE477A022B67EE867A97ED206AE6EE267AB0EE476AA5EEA76AD7EEEB
:20926000A86A96EE287A38EE678AC7ED236A87ED247A00F09E8097ED297A97ED266AD7ED3F
:20928000286AD7ED275A78EE477A032B67EE867A97ED256AE6EE267AB0EE476AA5EEA76AD3
:2092A000D7EEA86A96EE287A38EE678AC7ED286A87ED297A7DD097ED2E7A97ED2B6AD7EDE7
:2092C0002D6AD7ED2C5A78EE477A042B67EE867A97ED2A6AE6EE267AB0EE476AA5EEA76A83
:2092E000D7EEA86A96EE287A38EE678AC7ED2D6A87ED2E7A5DD097ED337A97ED306AD7EDB3
:20930000326AD7ED315A78EE477A052B67EE867A97ED2F6AE6EE267AB0EE476AA5EEA76A32
:20932000D7EEA86A96EE287A38EE678AC7ED326A87ED337A3DD097ED387A97ED356AD7ED7E
:20934000376AD7ED365A78EE477A062B67EE867A97ED346AE6EE267AB0EE476AA5EEA76AE2
:20936000D7EEA86A96EE287A38EE678AC7ED376A87ED387A1DD097ED3D7A97ED3A6AD7ED4A
:209380003C6AD7ED3B5A78EE477A67EE867A97ED396AE6EE267AB0EE476AA5EEA76AD7EEFF
:2093A000A86A96EE287A38EE678AC7ED3C6A87ED3D7A924500F0C486B8F1030F08D1B0EE96
:2093C000480A05922AF062F9354B059A23F81A000AF1010ABAF1030FA6EC018A09F11409E4
:2093E00007F18C070BF1040B7FF4D9AE41463D2900F05387002384F828306B69002B7FF7BA
:209400003FAED5E992739F4200F01687D5F850B27B1CDFF894E0D5ED9B6ACDF814B00EF52A
:20942000E262CDE901230EF110014FF0000C4FF095094FF41578D1F800B00B69FEEC017AB4
:20944000CA684E6809FB0CB0043005EB800003F1FF3A90ED9D7AB0EE675ABA45A7EE665A4C
:2094600007FB026300F0E0821A4493423ADA019800EBC20B0B4A08FB0CF000EBC30002EBAC
:20948000C303A2F2FC62104404335A460EE000BF850D00200000000044130010001C0010F7
:2094A000880D002064250010581E001090ED4D7AD0ED4E5A13ED016A9B4635EE077ADBED77
:2094C000007A67EE274A65EEE77AE6EE254A08339A42E7EE067A00F10800C0ED4C4AC0ED00
:2094E0004B7AE3D1002E24DD1FBB06F1250208FB0CF303EBC2032B44013E93ED9D7AD3ED12
:209500009E4A05EBC60606F5176235EE077AD2ED007A06F66C16D6ED005A27EE276A67EEC0
:20952000E47AA5EEA46AE5EE877A83ED9E6AC3ED9D7A8B68222B27DCBA4525D14FF4157217
:2095400003F1270002FB0CF202EBC0022A440133D2ED9D7AD2ED9E5A05EBC30303F51760F2
:2095600035EE275AD0ED007A03F66C1393ED006A25EE277A65EEE77AA6EE257AE5EE067AC0
:2095800082ED9E7AC2ED9D7A0CF1010CBCF1030F01F515717FF44FAFDDF814B0029BC5F8D5
:2095A0004832BBF1000F7FF76BADDFF88C82D5F8547298F80090B9F10F0F01F06986002385
:2095C0000193032F00F2F785DFE817F0FF0B190DBE071C07944A117808298B46A8BF4FF062
:2095E000080B002900F05D82DFF858928F4A9FED907AD9ED007A147867EE877A002C40F0B2
:20960000BF838C4A8C4DDFF8408201958B45CDE905B22D780495DE4628BF8E464746CDF87E
:209620001C80054694460291F046AE7FAA89012E40F2DF84D1054FEA222E00F1DA841EF0C0
:209640000F0E00F0D684DFF8F4A10AEB5E0A04EB840E9AF824A04FF0010B0AEB4E0E0BFA62
:209660000AFB00EB4E0E46EA0B06BAF1010F5FFA82FBAEF80EB0AE7741F0A786EE7F5E45D5
:2096800000D2EA770134E2B2424505F114050CF1020C07F1040703F10106C0F04E85DDE9E6
:2096A00005B29B450299DDF81C8040F28986DCB2671CFFB204EB84033F1B08EB840602EBCA
:2096C000440C00EB8303013F40F6FF782DE0D1054FEA222E2DD41EF00F0E2AD0574901EBBE
:2096E0005E0E01219EF8249004EB840E09EB4E0E01FA09FA00EB4E0E45EA0A0589455FFA17
:2097000082FAAEF80EA09D7741F04186DD7F554500D2DA7701343A19934503F1140306F1F2
:2097200004060CF1020C40F2BB819D7F9A89012DCDD8424500F07485C2F3080E520A0EFAF5
:2097400002FE1FFA8EF2002AE4D05208029902F512221FFA8EFE02F5F862B2FBFEF25FFA86
:2097600084FE714506D9019991F800E0BEF12D0F01F056854FF6FF718A42CBD007EE102ACD
:20978000B8EEC77A92B227EE277A45F00105DA819D7786ED007ABDE7002A40F0B983C4E96A
:2097A0000B2262630DF1240839E4FDEEE77A17EE903A002BB8BF5B42934205DD012385F8BE
:2097C000743B039BC5F87C3BD4EDBE6A94EDC07AD4EDC27A94ED075AD4ED085A94ED096A2E
:2097E000D4EDBF3A94EDC14AD4EDC34A144B35EE665A75EEC75A36EE676AE3EE856AA4EE48
:20980000257AE4EE867AC4EDBE6AC3ED006A84EDC07A83ED017AC4EDC27AC3ED027A0DB078
:20982000BDEC0C8BBDE8F08F340A0010181B001000007042880D0020850D0020549E05081B
:209840009C1A0010141B0010A81A001097ED1F7A97ED1C6AD7ED1E6AD7ED1D4ADAED005A72
:2098600070EE477AB0EE475A67EE867A97ED1B6AE6EE267A012BB0EE006AA4EEA75AD7EE2C
:20988000866A95EE067A75EE805AC7ED1E6A30EE670ACAED005A87ED1F7A3FF4E1AB97ED6C
:2098A000247AD7ED215AD7ED236A97ED225A70EE477A022B67EEA57AD7ED205AE5EEA67A89
:2098C000F0EE475AE5EE275AD7EE866A95EE867A30EE670AC7ED236A87ED247A3FF4C0ABFD
:2098E00097ED297AD7ED265AD7ED286A97ED275A70EE477A032B67EEA57AD7ED255AE5EECB
:20990000A67AF0EE475AE5EE275AD7EE866A95EE867A30EE670AC7ED286A87ED297A3FF4FD
:209920009FAB97ED2E7AD7ED2B5AD7ED2D6A97ED2C5A70EE477A042B67EEA57AD7ED2A5AF9
:20994000E5EEA67AF0EE475AE5EE275AD7EE866A95EE867A30EE670AC7ED2D6A87ED2E7A13
:209960003FF47EAB97ED337AD7ED305AD7ED326A97ED315A70EE477A052B67EEA57AD7ED16
:209980002F5AE5EEA67AF0EE475AE5EE275AD7EE866A95EE867A30EE670AC7ED326A87EDED
:2099A000337A3FF45DAB97ED387AD7ED355AD7ED376A97ED365A70EE477A062B67EEA57AF9
:2099C000D7ED345AE5EEA67AF0EE475AE5EE275AD7EE866A95EE867A30EE670AC7ED376A53
:2099E00087ED387A3FF43CAB97ED3D7AD7ED3A5AD7ED3C6A97ED3B5A70EE477A67EEA57A7E
:209A0000D7ED395AE5EEA67AF0EE475AE5EE275AD7EE866A95EE867A30EE670AC7ED3C6A08
:209A200087ED3D7AFFF71CBBCC4AC0ED9D7A0BF1010B82FB0B204FEAEB72C2EB201202EB42
:209A4000C202ABEBC2020A608A6801320DE5002A40F0BC82D4ED097A95F8743BD5F8782BDF
:209A6000002B3FF4A2AE07EE102ADFEDBD6AB8EEC77AF0EEE77A37EE667AB4EEE77AF1EE09
:209A800010FA7FF79EAED5F87C3B039944F62062CB1A93427FF798AE002385F8743B93E6E0
:209AA0000299B04DB04BC5F81832002900F0EF80DFF8C892C289AD4BD9ED006AD3ED007AA6
:209AC00093ED015A9FEDAA6A07EE102AB8EEC77AF0EE675AD6EE875AE5EE257AF4EEC67A1D
:209AE000F1EE10FAC3ED007AC5ED877A88BFF0EE467A012900F0C980428C93ED027A93ED0E
:209B0000035A06EE102AB8EEC66AF0EE475AD6EE865AA5EE257AF4EEC77AF1EE10FA88BF3C
:209B2000F0EE477A022983ED027A85ED887A00F0AC80C28E93ED047A93ED055A06EE102A84
:209B4000B8EEC66AF0EE475AD6EE865AA5EE257AF4EEC77AF1EE10FA88BFF0EE477A0329BC
:209B600083ED047A85ED897A00F08F80B0F84A2093ED067A93ED075A06EE102AB8EEC66A8C
:209B8000F0EE475AD6EE865AA5EE257AF4EEC77AF1EE10FA88BFF0EE477A042983ED067A61
:209BA00085ED8A7A71D0B0F85E2093ED087A93ED095A06EE102AB8EEC66AF0EE475AD6EE9C
:209BC000865AA5EE257AF4EEC77AF1EE10FA88BFF0EE477A052983ED087A85ED8B7A54D0C6
:209BE000B0F8722093ED0A7A93ED0B5A06EE102AB8EEC66AF0EE475AD6EE865AA5EE257AE9
:209C0000F4EEC77AF1EE10FA88BFF0EE477A062983ED0A7A85ED8C7A37D0B0F8862093EDE2
:209C20000C7A93ED0D5A06EE102AB8EEC66AF0EE475AD6EE865AA5EE257AF4EEC77AF1EE5C
:209C400010FA88BFF0EE477A072983ED0C7A85ED8D7A1AD0B0F89A2093ED0E7A93ED0F5A38
:209C600006EE102AB8EEC66AF0EE475AD6EE265AA5EE257AF4EEC77AF1EE10FA83ED0E7AE7
:209C800085ED8E7A88BFF0EE477AC5ED867A022380F80431FFF7AAB9364AB3F8D0001080FC
:209CA000002E01F02A83002940F0908394F82810002901F0778207EE901AD4ED0B6AB3F815
:209CC000D21084ED0B8AF8EEE77A012E86EEA77A51808DED097A01F06D8294F828100029F6
:209CE00041F0C582B3F8D43093800023236394F828304BB107EE903AD4ED0D6AF8EEE77A63
:209D000086EEA77A8DED0B7A00236363FFF732BA002E01F00B8394F82830002B40F0D582A1
:209D2000012E84ED0B8A01F07F829FED138A022E84ED0C8A01F04F8494F82830002BE3D016
:209D400007EE903AD4ED0D6AF8EEE77A002386EEA77A63638DED0B7AFFF70CBA398EE338AA
:209D60000000C842F81B0010FFFF7F7F1C1B0010FFFF7F7F880D002000000000141B001083
:209D8000B74CB84ADFF8E88201948B4524780494DE4628BF8E46CDE90529044646461746EE
:209DA000002540F6FF7A0291F146A289D1054FEA222C00F15F811CF00F0C00F05B81DFF8E2
:209DC000A8E20EEB5C0ED1B29EF824C0079105EB850E0CEB4E0E00EB4E0EBCF1010FAEF881
:209DE0000E1094F81EE04FF0010101FA0CF14EEA010E84F81EE041F0FF8294F81FC0079904
:209E00008C4500D2E2770135EAB24A4504F1140406F1040607F1020703F1010CC0F08B8119
:209E20009B45DDE90529029940F2CA82DCB2661CF6B2361B04EB8403013E08EB840502EB0E
:209E4000440700EB830340F6FF7E4FF6FF7A894602962DE011F00F012FD0834E06EB51013D
:209E600004EB840C91F8241001EB4C0C00EB4C0C5FFA82F8ACF80E809E7F4FF0010C0CFAAB
:209E800001FC4CEA060C012983F81EC041F0A982D97F414500D2DA77029A0134224493458E
:209EA00003F1140305F1040507F1020740F231829A89D6054FEA2221CCD5724500F0A381CC
:209EC000C2F30801520A91408AB2002AE4D0520802F5122289B202F5F862B2FBF1F2E1B249
:209EE000894504D9019909782D2908BF3A805245D2D007EE102AB8EEC77A92B227EE277A7C
:209F0000DA819A7F42F001029A7785ED007AC3E707EE902AF8EEE77AB7EE007A87EE276AD6
:209F20000DF12408D4ED0B6A94ED0C7AD4ED0D7AE36266EE866A27EE067A67EE867A236379
:209F40006363CDED096A8DED0A7ACDED0B7AFFF766B8D4ED077A94ED037AF0EEE77A002A14
:209F600040F0FE819FED416AD4ED086A94F8F72295F8701B27EE067AF0EEE66AB4EEE77A45
:209F8000D4ED097AF1EE10FAB4EEE67AF0EEE76A4CBF01230023F1EE10FAB4EEE67A48BF1F
:209FA00043F00203F1EE10FA48BF43F00403134200F0FF810122002385F8682B039AC5F8CA
:209FC0006C2B85F8743B00293FF498A8002385F8743B0DB0BDEC0C8BBDE8F08F29F056FB48
:209FE000204EB0EE480A308029F050FB7080FFF773B840F6FF718A4200F0FA80C2F3080E37
:20A00000520A0EFA02F21FFA82FEBEF1000F00F052814FEA5E0E02990EF5122E0EF5F86EE2
:20A0200092B2BEFBF2F25FFA84FE714503D904992D2901F0F1804FF6FF718A423FF422ABFC
:20A0400007EE102AB8EEC77A92B227EE277A46F00106EA81AE7787ED007AFFF713BB00BFB2
:20A06000850D0020880D0020549E050800D8F946A81A0010524500F0AE80C2F3080C520AB7
:20A080000CFA02F21FFA82FCBCF1000F00F00B814FEA5C0C02990CF5122C0CF5F86C92B2D3
:20A0A000BCFBF2F25FFA85FC614503D904992D2908BF3A804FF6FF718A423FF4A4AE07EE3A
:20A0C000102AB8EEC77A92B227EE277AE281A27F42F00102A27786ED007A94E6019B93F805
:20A0E00000806B69B8F13D0F46D0002B7FF764A9B8F10E0F36D0B8F1100F33D0B8F12B0FD9
:20A100007FF471A8CDE9053229F0C0FAB549DDE905320880FFF767B8019B1B783D2B7FF451
:20A1200046A88DED050A29F0B1FAAE4B9DED050A9880FFF73CB8634637E63346FFF775BAEC
:20A14000B8F10E0F00F0DB80B8F12B0F7FF434A9B0EE480A059229F099FAA24B059AD880A4
:20A16000FFF736B9CDE9053229F090FA9D49DDE905320880FFF737B8CDE9053229F086FA94
:20A18000059B9849069AC880002B7FF721A9FFF72AB8029F049D5246B9F10F0F01F02D83D0
:20A1A000914B013283FB0213A3EBE27303EB4303D21AC5F858227B1C0BF1FF32C5F85022D0
:20A1C0005A4202F0030203F0030358BF5342C5F85432FEF755BF0299EAB2914240F2AC8093
:20A1E000049A2D2A01F006809FED807A00226DE70299E2B28A42C0F08F809FED7C7A46F085
:20A200000106002225E7E2B2914540F28D80019A12782D2A00F0F2879FED747A00226FE68A
:20A220000299E2B2914200F291809FED707A45F001050022FFF7ABBA0023C5F848326C4BDA
:20A2400095ED978A1B78D4F8EC220E2B01F02D80D5ED8F6A95ED907AD5ED917A66EE886ABD
:20A2600027EE087A67EE887A0023C5ED986AC5F83C3285ED997AC5F84032C5ED9A7AC5F8B7
:20A2800044320C23C5F850329B4600270123FFF7C0B8544B1A60FEF71FBF564A514B12887E
:20A2A0001A81FFF7A7B8049A2D2A7FF4ACAD4FF6FF723A80A7E5049A2D2A7FF4E3A94FF6B8
:20A2C000FF72ACF80020FFF7DDB907EE903AD4ED0B6A84ED0B8AF8EEE77A012E86EEA77AB7
:20A2E0008DED097A00F0A08707EE903AD4ED0C6AF8EEE77A86EEA77A8DED0A7A15E5B0EEE2
:20A30000480A059229F0C2F9364B059A5880FFF75FB84946FFF7C5BB049A2D2A00F0778793
:20A320009FED327A002292E69A7F9FED307A002142F00102D981E7E5A27F9FED2C7A4FF0EE
:20A34000000C42F00102A4F80EC0C3E6019A12782D2A00F057879FED257A0022FFF715BA4D
:20A36000DFED256A27EE267AF4EEC77AF1EE10FA40F13687D4ED087AF0EEE77AF4EEC77A2E
:20A38000F1EE10FA41F1FF80D4ED097AF0EEE76AF4EEC76AF1EE10FA41F1F5800399D5F8A4
:20A3A0006C2B8A1A4CF250318A4241F3EF8085F8683B95F8703B002B3FF406AAFFF74CBBD1
:20A3C0000E4D0F4BC5F81832FFF774BBE16A0991B3F8D210B3F8D43051809380236B0A936C
:20A3E000FEF7C6BE880D00205655555500000000850D0020881900100008ED46F81B001019
:20A40000FFFF7F7F6969D5F8582200297FF7C4AE0498DFF83081D5ED02DAD5ED1C8A029753
:20A42000C2EBC20A434600EB8A0A08F19C080AF1140AD3ED00CA0495B7EE00CA08EBC1019E
:20A440008C2357468CEE2DDA03FB020692460D46DFED36BA9FED36BADFED36AA9FED36AAAE
:20A46000DFED369A9FED369A78EEA88A08E008F10808A84506F1140607F104073FF489AEF0
:20A48000D8F80020002AF2D0D8ED017AF4EEEC7AF1EE10FAEBDDD7ED007A28EEA78AB0EE84
:20A4A000480A28F083FE78EE407ABDEEC07AB0EE4B6A17EE102A27EEA77AF0EE695AA7EEAE
:20A4C0002B6AD107E7EE0A5AF0EE6A6AE7EE066AB0EE496AA7EE256A67EEA67AF0EE4C6A61
:20A4E000E7EE066A05D5B1EE677AF0EE667AF0EE476A920744BFF1EE677AF1EE666A87EEF0
:20A50000A67AF0EE4C6A37EE0D6A67EE0D7AE7EE066A2DEE877A86ED1D7A8CEE267A67EE35
:20A52000877A86ED1B7AC6ED1C7AA0E74AD99E3DA04B25BF8E0FC93F762FA7BC00D8813E31
:20A54000CEE99DBF84260010D5F814A0DA49D5F8902AD5F8943A91ED007ABAF1000FA2EB29
:20A56000030041F37881D5F8282B002A01F08F8001F10C0303EB8206D6ED007A96ED016ABF
:20A5800077EE677A16ED017AF6EE086AE7EE667A0123E6EE667AB0EE677ABAF1010F00F0EA
:20A5A0009780D5F8306B96B1DFF810C30CEB860EDEED016A5EED015ADEED007A76EEA56A0C
:20A5C000B6EE086AE6EE867A013337EE677ABAF1020F7DD0D5F8386B96B1DFF8E0C20CEB27
:20A5E000860EDEED016A5EED015ADEED007A76EEA56AB6EE086AE6EE867A013337EE677A0F
:20A60000BAF1030F64D0D5F840CBBCF1000F11D0AA4E06EB8C0E5EED016ADEED015ADEEDAA
:20A62000007A76EEA56AB6EE086AE6EE867A013337EE677ABAF1040F4AD0D5F848CBBCF1A4
:20A64000000F11D09D4E06EB8C0EDEED016A5EED015ADEED007A76EEA56AB6EE086AE6EE16
:20A66000867A013337EE677ABAF1050F30D0D5F850CBBCF1000F11D0904E06EB8C0EDEED28
:20A68000016A5EED015ADEED007A76EEA56AB6EE086AE6EE867A013337EE677ABAF1060F0D
:20A6A00016D0D5F858CBBCF1000F11D0834E06EB8C0E5EED016ADEED015ADEED007A76EE46
:20A6C000A56AB6EE086AE6EE867A013337EE677AC31A013307EE903AF8EEE77A784B9FEDE1
:20A6E000795AD5ED046AD5F8586287EE276AB6EE007A36EE064AC7EE064A81ED004A19461C
:20A70000F1EC015AD5ED037A91ED006A26EE056A002A5BD013ED0D7AB4EEC74AF1EE10FADF
:20A7200054D5C83B03EB820111ED013AD1ED012AD1ED001A72EE833AB0EE002AE1EEC23AD2
:20A7400005EE102A73EEA33AB8EEC55AF5EE403AF1EE10FA05D033EE623AC3EE232A35EED0
:20A76000225A25EE855AF4EEC57AF1EE10FA01F32081F4EEC56AF1EE10FA98BFB0EE665A1D
:20A7800024EE877AF2EE043AB4EEE37AF1EE10FA88BFB0EE637AF7EE003AB4EEE37AF1EEE1
:20A7A00010FAB8BFB0EE637A27EE067AC6EBC60377EE233A05EB830387EE233A93ED077A83
:20A7C00035EE475AA5EE037A83ED077ABAF1010F01F07880D5F8302B002A5CD03A4B93ED8D
:20A7E000037AB4EEC74AF1EE10FA54D5903B03EB820111ED013AD1ED012AD1ED001A72EE81
:20A80000833AB0EE002AE1EEC23A05EE102A73EEA33AB8EEC55AF5EE403AF1EE10FA05D09D
:20A8200033EE623AC3EE232A35EE225A25EE855AF4EEC57AF1EE10FA01F3C680F4EEC56A77
:20A84000F1EE10FA98BFB0EE665A24EE877AF2EE043AB4EEE37AF1EE10FA88BFB0EE637A7F
:20A86000F7EE003AB4EEE37AF1EE10FAB8BFB0EE637A27EE067AC6EBC60377EE233A05EB1E
:20A88000830387EE233A93ED087A35EE475AA5EE037A83ED087ABAF1020F00F00582D5F898
:20A8A000382B002A67D0084B93ED057AB4EEC74AF1EE10FA5FD509E0842600109026001049
:20A8C00058270010DB0FC94120270010903B03EB820111ED013AD1ED012AD1ED001A72EE08
:20A8E000833AB0EE002AE1EEC23A05EE102A73EEA33AB8EEC55AF5EE403AF1EE10FA05D0BD
:20A9000033EE623AC3EE232A35EE225A25EE855AF4EEC57AF1EE10FA01F36E80F4EEC56AEE
:20A92000F1EE10FA98BFB0EE665A24EE877AF2EE043AB4EEE37AF1EE10FA88BFB0EE637A9E
:20A94000F7EE003AB4EEE37AF1EE10FAB8BFB0EE637A27EE067AC6EBC60377EE233A05EB3D
:20A96000830387EE233A93ED097A35EE475AA5EE037A83ED097ABAF1030F00F09581D5F825
:20A98000402B002A5DD0C74B93ED077AB4EEC74AF1EE10FA55D5903B03EB820111ED013AA7
:20A9A000D1ED012AD1ED001A72EE833AB0EE002AE1EEC23A05EE102A73EEA33AB8EEC55AF6
:20A9C000F5EE403AF1EE10FA05D033EE623AC3EE232A35EE225A25EE855AF4EEC57AF1EE10
:20A9E00010FA01F30580F4EEC56AF1EE10FA98BFB0EE665A24EE877AF2EE043AB4EEE37AF5
:20AA0000F1EE10FA88BFB0EE637AF7EE003AB4EEE37AF1EE10FAB8BFB0EE637A27EE067AFD
:20AA2000731C77EE233AC3EBC30387EE233A05EB830393ED037A35EE475AA5EE037A83EDC8
:20AA4000037ABAF1040F00F02F81D5F8482B002A5CD0944B93ED097AB4EEC74AF1EE10FA07
:20AA600054D5903B03EB820111ED013AD1ED012AD1ED001A72EE833AB0EE002AE1EEC23AC7
:20AA800005EE102A73EEA33AB8EEC55AF5EE403AF1EE10FA05D033EE623AC3EE232A35EE8D
:20AAA000225A25EE855AF4EEC57AF1EE10FA00F3AE87F4EEC56AF1EE10FA98BFB0EE665A47
:20AAC00024EE877AF2EE043AB4EEE37AF1EE10FA88BFB0EE637AF7EE003AB4EEE37AF1EE9E
:20AAE00010FAB8BFB0EE637A27EE067AC6EBC60377EE233A05EB830387EE233A93ED0B7A3C
:20AB000035EE475AA5EE037A83ED0B7ABAF1050F00F0CA80D5F8502B002A5CD0614B93EDA9
:20AB20000B7AB4EEC74AF1EE10FA54D5903B03EB820111ED013AD1ED012AD1ED001A72EE35
:20AB4000833AB0EE002AE1EEC23A05EE102A73EEA33AB8EEC55AF5EE403AF1EE10FA05D05A
:20AB600033EE623AC3EE232A35EE225A25EE855AF4EEC57AF1EE10FA00F34287F4EEC56AB2
:20AB8000F1EE10FA98BFB0EE665A24EE877AF2EE043AB4EEE37AF1EE10FA88BFB0EE637A3C
:20ABA000F7EE003AB4EEE37AF1EE10FAB8BFB0EE637A27EE067AC6EBC60377EE233A05EBDB
:20ABC000830387EE233A93ED0C7A35EE475AA5EE037A83ED0C7ABAF1060F65D0D5F8582B08
:20ABE000002A61D02F4B93ED0D7AB4EEC74AF1EE10FA59D5903B03EB820105EE102A11ED48
:20AC0000014A91ED013A91ED002AF8EEC53A34EE035AF0EE002AA2EE625A35EE055AB5EEAB
:20AC2000405AF1EE10FA05D034EE434A84EE053A73EE833A65EEA35AF4EEE75AF1EE10FAE2
:20AC400008D4F4EEE65AF1EE10FA8CBFF0EE667AF0EE657A27EE247AF2EE046AB4EEE67A44
:20AC6000F1EE10FA88BFB0EE667AF7EE006AB4EEE67AF1EE10FAB8BFB0EE667A27EE067A62
:20AC8000C6EBC60377EE266A05EB830387EE266A93ED0D7A77EEC77AA7EE867A83ED0D7A91
:20ACA00002E000BF20270010FEF70CF980EAE073A3EBE073DBB2142B76D9D5ED067AC6EBF6
:20ACC000C60305EB8303F8EEE77AD3ED076A93ED087AF4EEE67AF1EE10FAB8BFF0EE667A5B
:20ACE000FDEEE77AF8EEE77AF4EEC77AF1EE10FAB8BFF0EE477ABAF1020FFDEEE77A51D076
:20AD0000F8EEE77A93ED097AB4EEE77AF1EE10FAB8BFB0EE677ABAF1030FFDEEC77A41D00D
:20AD2000721CC2EBC20205EB8202F8EEE77A92ED037AB4EEE77AF1EE10FAB8BFB0EE677A7B
:20AD4000BAF1040FFDEEC77A2CD0F8EEE77A93ED0B7AB4EEE77AF1EE10FAB8BFB0EE677ADF
:20AD6000BAF1050FFDEEC77A1CD0F8EEE77A93ED0C7AF4EEC77AF1EE10FAB8BFF0EE477A8D
:20AD8000BAF1060FFDEEE77A0CD0F8EEE77A93ED0D7AB4EEE77AF1EE10FAB8BFB0EE677A9B
:20ADA000FDEEC77AC5ED067AD4F8EC32B34200F0D084B9F10F0F7FF4FEA9DFF72FFB019B94
:20ADC000BB4AC31A5380FFF7F6B9D5F858624FF4157206FB02F2A918D1F874C20CF1010312
:20ADE0000293BCF1000F40F02B8491EDE97AD1EDEA7A91EDEB6AD1EDEC6A37EE467A77EEEF
:20AE0000E67A67EEA77A4FF41572E7EE077ADFF8B4A206FB02F2A9180AEB8C03D1F8781282
:20AE20000493C3ED007A029B994240F397800CF1020302EBCC0007939E4B00F59C7C9C4464
:20AE40009C4BCDF814C000F5A07803EB080C994BCDF818C000F59A7E00F59E7C9E449C4404
:20AE6000079B01F1FF3898454FDD059B9CED006AD3ED004A069BDEED005A93ED005A8D4BE9
:20AE8000DDF810C01844029BF6EE006AB0EE644AD0ED524AF0EE657AD0ED515A34EE844A0C
:20AEA000B0EE457AF0EE453A90ED545A75EEA77AA4EE667A03F1030E0CF1080C73EE853A81
:20AEC000B0EE463AB0EE464A90ED536AA7EEE63AF04500F11000F0EE647AE3EEE67A03F120
:20AEE000020334EE064AF0EE653AE4EE663A27EE077A67EEA77AA3EE037AE3EEA37A0CEDEB
:20AF0000017ACCED007AC1DC0293029B02EBC300684B1844029BF6EE005A0AEB830C90ED19
:20AF20004C7A90ED506AD0ED4E7AD0ED4F6A90ED4B5A36EE076A76EE856A90ED4D7AE6EEF7
:20AF4000657A01339942A6EEE57A00F1080067EEA77AE7EE077AECEC017AE0DC232900F000
:20AF60000C844FF4157306FB03F301F1270003EBC000284490ED9E6A90ED9D7A01F125001C
:20AF800003EBC0002844D0ED9E6AD0ED9D7A01F1260003EBC0032B4436EE266A37EE277A4C
:20AFA000D3ED9D6AD3ED9E7AF6EE005AE6EE657AE7EE656A05EB810303F6982327EEA77AFF
:20AFC000D5F8900ADFED3C7A3C49A6EEA67AC1ED007A83ED007AD5F8943A83423FF7E9AE10
:20AFE00001F110020AEB830302EB8002B3EC017A934277EE877AF9D1C1ED007AD9E6D5F890
:20B0000014E0D5F8943AD5F8901ABEF1000F03F1010640F3ED832A484FF0000C0022BEF140
:20B02000010FC0F804C0C5F8282B00F0E183BEF1020FC5F8302BC0F80CC000F03D84BEF164
:20B04000030FC5F8382BC0F814C000F01984BEF1040FC5F8402BC0F81CC000F0AE84BEF156
:20B06000050FC5F8482BC0F824C000F0BA84BEF1060FC5F8502BC0F82CC000F0AB848E4233
:20B08000C0F834C0C5F8582B80F2BE84DFF834A0CDF814900AEB8303D3ED008A0EF1FF3306
:20B0A00002930693F1465B468846AB4612E000BF880D0020681E0010000000008426001015
:20B0C0002027001090260010F0EE488A1646464580F2A2810AEB860292ED008AB4EEE88A8D
:20B0E000F1EE10FA06F10102EEDD0AEB8201D1ED008AB4EEE88AF1EE10FAE5DDB21CB9F1AB
:20B10000000F04924CDDC24AD2ED017AB4EEE78AF1EE10FA00F37882B9F1010F40D0D2EDA9
:20B12000037AB4EEE78AF1EE10FA00F35184B9F1020F35D0D2ED057AB4EEE78AF1EE10FAD4
:20B1400000F36B84B9F1030F2AD0D2ED077AB4EEE78AF1EE10FA00F35E84B9F1040F1FD09A
:20B16000D2ED097AB4EEE78AF1EE10FA00F35984B9F1050F14D0D2ED0B7AB4EEE78AF1EEE9
:20B1800010FA00F34C84B9F1060F09D0D2ED0D7AB4EEE78AF1EE10FAC8BF062500F33582AC
:20B1A000049E94E7B3F8D21084ED0B8A012E51807EF493AD94F8281000293EF493AD07EED9
:20B1C000901AD4ED0C6AB3F8D4309380F8EEE77A002386EEA77A23638DED0A7AFEF787BD10
:20B1E00095F8703B039AC5F86C2B002B3DF486AFFEF7ECBE00223A80FEF7F6BF00223A8094
:20B20000FFF70AB80022ACF80020FFF7A4B80022ACF80020FFF784B8ACF80020FEF70BBFA3
:20B22000ACF80020FEF7A6BA3D2F40F06A8394ED050A784E28F02AFA94F828303080002B1B
:20B2400000F0B08207EE903A94ED0C7AF8EEE77A002387EE270A3D2F23638DED0A0A7EF404
:20B260006BAD28F013FA6B4B5880FEF765BD07EE901AD4ED0C6AB3F8D4309380F8EEE77A0D
:20B28000002386EEA77A23638DED0A7AFEF72FBDDFF7C4F898F800900190B9F10F0F7EF414
:20B2A00090A95C4B1F80FEF78CB995ED8F0A28EE000A002785ED980AC5F83C72002A00F0DA
:20B2C000B48295ED900AC5F8407228EE000A012A85ED990A00F09B82D5ED917AC5F8447200
:20B2E00028EE270A022A85ED9A0A7EF4CAAF28F0CDF9484B9880FEF7C4BF002940F05F81A0
:20B3000094F82810002900F0008207EE901AD4ED0B6AB3F8D21084ED0B8AF8EEE77A51804E
:20B3200086EEA77A8DED097AFEF7D7BC3D2F40F0C48194ED040ADFF8DC9028F0A7F994F8FC
:20B340002880A9F80000B8F1000F40F0A381B0EE480A84ED0B8A28F099F984ED0C8AA9F850
:20B360000200FEF7E9BC3D2F40F0BE8194ED040A284E28F08BF994ED0B0A30808DED090AE2
:20B3800028F084F9236B70800A93FDF7F1BEB9F1000F7EF4BFA907EE10AAB8EEC77A27EE1C
:20B3A000277AFEF7F6B93D2F7FF418A894ED050A184E28F06BF994ED0C0A30808DED0A0A62
:20B3C00028F064F97080FDF7D3BEBAF1000F7EF459A907EE10BAB8EEC77A27EE277AFEF704
:20B3E0003ABE00297EF458AD07EE108AB8EEC77A27EE277AFEF789BDBCF1000F7EF403AD70
:20B400009DED077AB8EEC77A27EE277AFEF763BE20270010880D00205D469B46029B002B16
:20B42000DDE905987FF7C5ACD5F8282BD5F8301BBE4B8A4203F1080C03F1180A03F1100E85
:20B4400008DD39B19CE803005E68C5F8302B83E80300DE60B8F1010F3FF4ABACD5F8306B61
:20B46000D5F8382BB2423FDBB8F1020F00F05481D5F8386BD5F8402B964242DCB8F1030FB6
:20B4800000F05A81D5F8406BD5F8482BB24245DBB8F1040F00F08F81D5F8486BD5F8502B91
:20B4A000964248DCB8F1060F40F09581D5F8581B91420EDA69B19D4E06F1300103C9C5F8DB
:20B4C000582B06F12802D6F82C80C6F8348082E803004FF00608D5F8282BD5F8301B8A421E
:20B4E00008F1FF38B6DDACE73AB19EE80300DA68C5F8386B8CE803005A61B8F1020FB7D16C
:20B50000E9E73AB19AE803005A69C5F8406B8EE80300DA61B8F1030FB4D1DCE73AB1844951
:20B52000DA6903C98AE80300C5F8486B5A62B8F1040FB1D1CFE76AB17C4A02F1280103C99E
:20B54000C5F8506B02F12006D2ED097A86E80300C2ED0B7AB8F1060F40F03A81D5F8502B82
:20B56000D5F8581B8A4201DD0029A4D1D5F8282BD5F8301B91424FF00508BFF66FAF0029F0
:20B580007FF460AF6AE7039BC5F86C3B95F8703B002B3DF4B3ADFEF719BD3D2F7DF4E8ADA5
:20B5A00094ED060A634E28F071F894ED0D0A30808DED0B0A28F06AF87080FDF7DBBDE16AB0
:20B5C000B3F8D2000991B3F8D430216B50800A919380FDF7CDBD3D2F40F0598194ED060A16
:20B5E00028F054F8534A94F828301080002B40F08180B0EE480A00230292636328F046F8B7
:20B60000029A5080FDF7B6BD0025029A95420DDA0793029B681CC0005A1B444BA0F10801BF
:20B6200019441844D20029F0BDFA079B0BEBC502C2F8286B3D4A02EBC50585ED018AAFE534
:20B640000CF1270102EBC1012944D1ED9D7A91ED9E6A0CF1250102EBC101294491ED9E7A79
:20B66000D1ED9D6A0CF1260102EBC1022A4436EE076A76EEA76A92ED9D7AD2ED9E7AF6EE68
:20B68000005AE6EE657AA6EEE57AFFF7BABB1346FEF783BF07EE908A94ED0B7A84ED0B8A94
:20B6A000F8EEE77A87EE270A8DED090A27F0EEFF4346A9F80200FEF717BE94F828304BB136
:20B6C00007EE903AD4ED0B6AF8EEE77A86EEA77A8DED097A94F828300022E262002B7EF4B5
:20B6E00003AE2263FEF728BBE36A0993236B0A93FDF73EBD07EE903A94ED0D7AF8EEE77A2B
:20B7000087EE270A8DED0B0A75E7B3F8D21084ED0B8A5180FEF7E1BAD5F8282B9642BFF6F7
:20B7200048AB002E3FF445ABB8468BE62027001040270010880D0020D5F8282BD5F8301B9B
:20B740008A424FF002087FF789AE00297FF47AAE84E6B9F1100F00F0DD80B9F12B0F7FF48C
:20B7600028ABC6EBC60605EB860393ED070A27F08DFFAD4B5880FEF71EBD4FF4157303FB63
:20B78000065303F5976003F59663D0ED016AD0ED027A93ED016A93ED027A76EEC66A77EE2F
:20B7A000C77A07E49FEDA10A84ED0C0A27F06EFF7080FEF7C1BAD5F8282BD5F8301B8A42B7
:20B7C0004FF003087FF74AAE00297FF43BAE45E64FF005087FE6D5F8282BD5F8301B914245
:20B7E0004FF00408BFF63AAE00297FF42BAE35E68E42FFF64BACFFF7DCBA0292DEF70EFE14
:20B80000019B8949029AC31A4B80FEF7C9BC27F03DFFD5ED917A844BC5F8447267EE887A43
:20B820009880C5ED9A7AFEF72CBD27F02FFF95ED907AD5ED917A7C4BC5F8407227EE087AE1
:20B8400067EE887A85ED997AC5F84472C5ED9A7A9880FEF716BD431C07EE903AF8EEE77A8E
:20B86000C7EE276A76EEA66AC1ED006AFDF72AFBD5F85862D4F8EC2296427FF49AAA6CE79A
:20B880008E42A8BF4FF00208FFF600ACCCE594F828306BB107EE903AD4ED0D6A84ED0D8AD7
:20B8A000F8EEE77A86EEA77A8DED0B7AFDF762BC84ED0D8AFDF75EBC8E42A8BFB846FFF65B
:20B8C000E5ABB1E5FDF7FEFA80EAE073A3EBE073DBB2142B7FF668AAD5ED067AC6EBC603A9
:20B8E00005EB8303F8EEE77A93ED077AF4EEC77AF1EE10FAB8BFF0EE477AFDEEE77AFFF726
:20B9000051BA94F82830002B7FF49CAC00232363FEF712BAC6EBC60805EB880898ED070A53
:20B92000DFF8049127F0B2FEBAF1010FA9F802003EF441AC98ED080A27F0A8FEBAF1020F47
:20B94000A9F804003EF437AC98ED090A27F09EFEBAF1030FA9F806003EF42DAC0136C6EB8B
:20B96000C60605EB860696ED030A27F08FFEBAF1040FA9F808003EF41EAC98ED0B0A27F037
:20B9800085FEBAF1050FA9F80A003EF414AC98ED0C0A27F07BFEBAF1060FA9F80C003EF4FE
:20B9A0000AAC98ED0D0A27F071FEA9F80E00FEF702BCB0EE675AFEF7E3BE8E42A8BF4FF0E2
:20B9C0000308FFF663AB2FE5B0EE675AFEF73DBF3D461AE68E42A8BF4FF00508FFF656ABF9
:20B9E00022E58E42A8BF4FF00408FFF64FAB1BE5B0EE675AFEF7FEBFB0EE675AFEF795BF16
:20BA0000B0EE675AFFF7C1B80EF1FF380CE5B0EE675AFFF755B80325F7E50225F5E50525A0
:20BA2000F3E50425F1E500BF880D0020000000002DE9F04F284E97B0054609F073F973780E
:20BA40009FED267A07EE903AF8EEE77A244B67EE877A1B78FCEEE77A13F0010F214B0493FB
:20BA600017EE904A40F0EA84DFF894B0DFF894A01D4B02932C44C3F8E0401C4B019359681F
:20BA80000B0740F16282164B1B78DF0700F15D82049B1A68164D174B0593570700F1F48490
:20BAA000029B0DAFD3F8001100230D93CDE90F337B60139308231293149300294FF00063D3
:20BAC000119340F399800C4E0C4C08958B19CDE906BA03931FE000BFCCB20020002474493A
:20BAE000F52500205824002000B50020148E0020808E00205C76002004B600204873002004
:20BB0000FA8E0020448F0020BCF1310F40F2FE82039B9E426BD016F8015B05EB450116ABD1
:20BB200014F811C04FEA5C1E03EB8E0B0CF01F02012303FA02F25BF8143C0846134004EB89
:20BB400041014FEA40094FEA450808464FEA8E0ADAD05BF80C3C1A4205D0019B53F82E30C1
:20BB60001A4240F0488609F1020904EB090314F809C093F801E008EB050304EB4303F445C1
:20BB80005B7880F0F482B44901EB8303D3ED047AFDEEE77A40F6330317EE901A9942A8BF96
:20BBA0001946B1F5617F4FF0190340F28339B8BF4FF4617113FB0C9C614540F3D88213FBD4
:20BBC0000E939942029B9A44C8BF4FF00009DAF81831D8BF4FF001091A4200F0D1824B4674
:20BBE0003A460FA909F0D6F8039B9E4293D1049B089D1A68DDE906BA029BD3F82031002B34
:20BC00002FDD964E964C039203EB06084FF0010916F8010B00EB400304EB430316A95B7968
:20BC20004FEA531C01EB8C0C03F01F035CF8241C09FA03F30B425CF81C1C00EB400001EA47
:20BC4000030114BF01230023002918BF83F001033A4604EB40000FA909F09CF8B045D7D1BE
:20BC6000039A0F982C78DDE90D3143400D9302F4800203F080731343109B81EA03010E9148
:20BC800097E80300019B83E8030014BF012300238BF80030002C40F0A685724B1B78002B49
:20BCA00000F04484019B1B68980700F183826E4BDB78002B40F07E82BAF8002022F00103C9
:20BCC0009BB2D607AAF8003040F19285674B41F202421A800E20FF229A70F1F76DFFBAF8FE
:20BCE00000300124624A1278D50740F17582019A1268500540F16086190540F17C83194687
:20BD0000570702D5002C40F0B68521F002039BB28807AAF800300CD5544B41F202421A8002
:20BD20000E20FF229A70F1F747FFBAF80030019A12685049097801F002004F4913F02B0FA3
:20BD4000496800F06D8329B18C880968002800F0C2850C834949DFED4A6AB1F8441007EE01
:20BD6000101AB8EEC77A4749C6EE877A497907EE101AB8EE477A444967EE877AD1F8B001C8
:20BD8000FDEEE77A17EE901A0A29B8BF0A21016101994968C90706D4354801784F0744BF2D
:20BDA00021F0040101700599096811F00A0F15D0160703F0040140F14785002900F0088635
:20BDC000950603F0400140F1F3821C0500F1F082002900F0CF85910400F10383120640F1A8
:20BDE0007B8243F480729A42AAF8002008D01F4B41F202421A800E20FF229A70F1F7DCFE11
:20BE0000224B1B78082B00F073820E2B00F07082049B1F687D0500F18282019B1E68144BD1
:20BE20001B78DC0700F11582194B1B68002B6CD0029B184993F8AD3291F800E091F801C09B
:20BE40008878002B40F01482134BDFF80CA0029603F13C0822E000BF0C8D002024B60020CC
:20BE600048730020058D0020C025002004750020F5250020D4130020D81300208C19001096
:20BE800000247449D0B20020A0770020B0240020F8250020D87300201026002040F6330984
:20BEA000192540F283341A795E79B24215FB024B22D21A780AEB8202D2ED047AFDEEE77A18
:20BEC00015FB064617EE902A4A45A8BF4A46B2F5617FB8BF4FF461725A450DDDB2420BDC49
:20BEE0005A78002A18BF96469A78002A18BF9446DA78002A18BF104606334345D3D1029EF8
:20BF0000887081F801C081F800E0019BB8495A6891F84C32900500F1838113B1002381F846
:20BF20004C3206F4805307F0805791F8E4203B4314BF012300239A421CBF0022C1F8FC2015
:20BF400081F8E43017B0BDE8F08FAA4AAA4BAB489C8ADB8AD0ED006A07EE104A07EE903ACD
:20BF6000B8EEC77AF8EEE77AB4EEE67AF1EE10FA48BF0123F4EEE67A58BF0023D0ED016AD9
:20BF8000F1EE10FA4FEAC313B4EEE67AC8BF43F040039B08F1EE10FA48BF63F07F03F4EE60
:20BFA000E67AD0ED026A48BFDBB2F1EE10FAC8BF43F04003B4EEE67A9B08F1EE10FA48BFE9
:20BFC00063F07F03F4EEE67AD0ED036A029848BFDBB2F1EE10FAC8BF43F04003B4EEE67A0A
:20BFE0009B08F1EE10FA48BF63F07F03F4EEE67A48BFDBB290F8F900F1EE10FAC8BF43F0DF
:20C000004003984200F07384029C107884F8F9300022A4F8FA2084F8FC20002861D05F2BFE
:20C020003FF436AD6F2B00F0A084754B754D00221A60754B049A1B781268DF073FF52BADC1
:20C04000029B049A93F8FC301268002B7FF423AD029BB3F9FA30322B7FF71DAD6B4B1B68BD
:20C0600013F0600F7FF417AD694B02981B7801218B4280F8FC1000F0B785019B5B6813F431
:20C0800000537FF408AD029991F8F910572901F0CB82540702D55A2900F0E8815D2901F0B5
:20C0A000F6825E2901F0F1825B2901F0E582562901F0DC83972901F03284BAF800309B0787
:20C0C00041F0B283A1F1B703072B01F2AC80DFE813F0440DAA08AA08AA08240CAA081B0C23
:20C0E000300D019B1B6813F0010240F0F7830299C1F8E42042490A60434A46491278012020
:20C10000D507087001F1B9803E4D99E709F1020904EB09054A7895F8018014F80910414518
:20C1200020D2364D05EB8202D2ED047AFDEEE77A40F6330C17EE902A6245A8BF6246B2F5FC
:20C14000617F4FF0190C40F2833EB8BF4FF461721CFB01E18A4205DD1CFB08EC6245CCBF37
:20C16000002301233A460FA908F014FED0E4029B9A444FF00009DAF818311A427FF42FADF9
:20C18000DEF74CF9244B98427FF6C2ACB9F1000F7FF4BEACA844214914F818305809012592
:20C1A00051F8202003F01F0305FA03F31A4341F82020ADE4059B1B689F077FF57DADBAF86C
:20C1C000003013F0010400F03E840F4A1278D5074FF000043FF58BAD23F4006189B21B0534
:20C1E000AAF8001000F10E81019B1A6888E500BF3C16001088060020387200200C8D002030
:20C2000060A00020808E0020F525002098250020C016002014A200203F4B4C0018B6002029
:20C22000059A126892077FF578AE002B7FF479AEC1E99433012372E6A94B02991B7891F855
:20C24000AC12DC0740F18780002900F09680019B1E68A44B02991B68012281F8AD22002B11
:20C260003FF453AEA04991F800E091F801C088789E4BDFF8A4A2CDF808E003F13C0840F6CD
:20C280003309192540F283341A7993F805E0964515FB024B1AD91A780AEB8202D2ED047AC5
:20C2A000FDEEE77A15FB0E4E17EE902A4A45A8BF4A46B2F5617FB8BF4FF46172934505DAB6
:20C2C000964503DBDA78002A18BF104606334345DAD1DDF808E013E623F48072DF05AAF84B
:20C2E00000203FF584AD824B1B78082B7FF48DADBAF8003023F040025E06AAF800207FF5A8
:20C3000087AD7C4B41F202421A800E20FF229A70F1F752FC049B1F687D057FF57EAD764A7B
:20C3200002F17800134602E00633984284D019781329F9D19C78D9788C4202D35979002956
:20C34000F2D0029B93F8AC121378132B06D00632904200F017831378132BF8D19478D37819
:20C360009C4202D35379002BF1D0019B1E68350340F1088300297FF452AD604C94F8DA305F
:20C38000002B40F0D58794F8BA31002B40F0C58794F89A32002B40F0B58719F067FE049BCC
:20C3A000029A1F68012382F8AC32019B1E6836E523F040039BB2AAF8003061B14D4B41F24F
:20C3C00002421A800E20FF229A70F1F7F5FB019ABAF80030126890047FF500AD19053FF550
:20C3E000FDAC09F02FF9002840F04287019B1A68BAF80030F2E443F400619942AAF8001057
:20C400003FF47DAC3B4B41F202421A800E20FF229A70F1F7D1FB019BBAF800101A686FE4E9
:20C4200029B18C880968002840F04C820C833449D1F8B01142F210700861A9E4D3F80080EC
:20C4400018F0100F3FF410AB2E4B0746187809F003FC00287FF408AB18F4805FDFF8C4B0F5
:20C4600000F07087DFF8C0A0FFF702BB26480299047891F8FE10002C01F05D830370234BF1
:20C4800001211970224B0593029B93F8FE10019B1B68A1B1124B1978019BCE071B680ED580
:20C4A0001C49898A07EE901A1B49F8EEE77A91ED037AB4EEE77AF1EE10FA00F32D839C0391
:20C4C00040F1F281154B197829B90F49097811B913493220088001211970FFF7E1BA00BF11
:20C4E000F5250020F8250020D873002010260020B0240020047500204873002058260020FE
:20C50000A0770020B62400202DA000202EA000205C760020387200200C8D00202CA00020AE
:20C5200010A00020FA8E0020448F0020019B5B68190704D5B74B1B78DA077FF5B3ABB64BEF
:20C540001B780893B54B1E68B54B1B680B93731C00F08D82B34B002E1B68099340F3BB80BF
:20C56000B14BCDF828A04FF0000BB04CDFF8D09203930696DA4609E000232360069B0AF136
:20C58000010A9A4504F1080480F2A3802179039E01EB810309EB43004FF0010E19F81320A7
:20C5A000C3780A2010FB01E009EB0005013B6F7819F8000003EB43053544B84295F82C603B
:20C5C00003FA0EF54FEA81080795D5D2984D05EB8202D2ED047AFDEEE77A40F6330C17EEFA
:20C5E000902A6245A8BF6246B2F5617F4FF0190C40F2833BB8BF4FF461721CFB00B08242D8
:20C60000BADD1CFB07BC6245B6DC002EB4D022680998821A002A04DB00F5FA7284F805E02C
:20C620002260089A002AA9D05D001D44039B1D4495F82D30002BA1D1884409EB48087C4A19
:20C6400098F804300433DBB202EB830393ED007A784B5B8A03F1C80207EE902AF8EEE77A89
:20C66000B4EEE77AF1EE10FA40F3D5816379002B84D095F82E70704B002F00F088866F4A1E
:20C680001A600422FF210E209954F1F795FA731E1B2B00F29583DFE813F0C2035204350449
:20C6A0007903E90396035003F3021904EF04D304930379031A0596035003F3021505100509
:20C6C0000B0593041E03B404930393031E03AF047504DDF828A0089B002B3FF4E3AA029B99
:20C6E000D3F838310693002B7FF7DCAA4E4BDFF854B1DFF84C9103934FF00008CDF828A0B3
:20C700009BF80040039904EB840309EB430019F81320C378013B03EB43035E180A23012149
:20C7200013FB041109EB010519F801106F780796A300B942057996F82C60089380F0318143
:20C740003B4B03EB8202D2ED047AFDEEE77A40F6330A17EE902A5245A8BF5246B2F5617F09
:20C760004FF0190C40F2833EB8BF4FF461721CFB01E18A4240F315811CFB07EC624500F3A3
:20C780001081002E00F04481BBF90220043507EE102AEDB203EB8502B8EEC77AD2ED007AB3
:20C7A000F4EE477AAB00F1EE10FA099310D0079B93F82D20012A00F0E181C38813B1002A96
:20C7C00000F0EB85FDEEE77A17EE903AABF80230069B08F1010898450BF1040B90DBDDF83E
:20C7E00028A0FFF75FBA1420F1F7E6F9FFF755BA0124FFF777BA0FAB0FA953F82E3023EAEE
:20C80000020341F82E3057F82E30134347F82E30FFF77EB9F5250020A78D00208406002077
:20C8200030720020CC130020549E05083CB600200C8D0020387200200475002002140214DE
:20C84000048000202CB7002023F004039BB2AAF8003000293FF4B4AAB54B41F202421A802D
:20C860000E20FF229A70F1F7A7F9019ABAF800301268FFF7A5BA059B1B689E077FF545AA60
:20C8800021F001039BB2CD07AAF8003000F138819C073FF54CAA43F002029A42AAF8002044
:20C8A0003FF445AAFFF738BAA24B197800293FF4F7A8A149097811F001017FF4F1A81970F2
:20C8C0009E4B08E64C839E49D1F8B01142F210700861FFF75DBA4C83FFF73CBA029A994DDA
:20C8E000002382F8FD30FCF705F9FFF7A2BB9648964C0068806884FB0054C017A0EBA41031
:20C90000029C00F5FF45B4F9FA407F35AC4240F3A0841278002A3FF4E4AB5F2B00F0CB8421
:20C920006F2B7FF482AB89043FF57FABB4F5FA7FFFF6AEA8029890F8FC30002B7FF4A8A829
:20C940007D4A12780121D20780F8FC1000F15F86FCF7D0F87E4B1B68002B00F02287029ACA
:20C96000002382F8FC30FFF793B888043FF55DABFFF78EB843F040019942AAF800103FF475
:20C980002AAA1BE500293FF448AA19F06FFBF9F7B1FC049B029A1F68002382F8AC32FFF732
:20C9A0003CBA202E08BF029A4FF00003ABF8023008BF82F8A4320BE76649C97800293FF464
:20C9C0000BAC6549C97902297FF406ACFFF794B943F004019942AAF800100CD0544B41F2AA
:20C9E00002421A800E20FF229A70F1F7E5F8019B1A68BAF8003059495948B1F9041080FBBF
:20CA00000140C917C1EBA00156480180FFF7D8B9ABF80260DCE6C83B07EE903AF8EEE77A32
:20CA2000B4EEE77AF1EE10FA40F11A846379002B3FF4A4AD95F82E703D4B41F202421A80EC
:20CA40007F4202221EE643F001029A42AAF800203FF4BBAB364B41F202421A800E20FF229F
:20CA60009A70F1F7A9F8BAF80030FFF73BB93E4B029A3E4C3E4F00261E603E4B13964FF006
:20CA80000108C2F838611496ADF8546083F80080B146354693461AE0013B03EB43033B4408
:20CAA00093F82D30012B1FD00BEBC603013683F84021C3F83C1183F841812B4B1E6009F16E
:20CAC0000109B9F11E0F04F10A043FF443AD0A2213A9204628F004F90028F0D0E188E37840
:20CAE0005FFA89F20029D7D0DBF838310BEB8301013381F82C22A1F82E52CBF83831DEE7D7
:20CB00000B4B41F202421A800E20FF229A70F1F753F8BAF80030BBE613F001017FF4CFACAC
:20CB2000029880F8FE10144932200880C7E400BF047500202DA00020F52500202EA0002086
:20CB4000A0770020808E0020981A0010D34D621060A00020C02500203C730020908F0020E9
:20CB60006766666678B300208406002004800020549E05088419001010A00020FDEEE77ABB
:20CB800093F82E2017EE903A9A45A8BF9A46BAF5617FB8BF4FF4617A0C2EAAF5617334D0F2
:20CBA000A6F10C014FF496650089B5FBF2F5B3FBF5F3DEB2152955D8DFE811F0CE065400F2
:20CBC00054005400540054005400540054005400540054008C0254005400540054005400DB
:20CBE0002B03C702DC02B702AB4B1B68002B3FF444AAAA4B1B78032B3EF44DAFA84BDB78B8
:20CC0000002B7FF43AAAFEF746BFA6490879002800F00185A44AA2FB0323C3F387164B78C3
:20CC2000B3421FD0032E98BF4E704A789F4BA04F03EB42139F4A136007F0E0FD7B79002B9D
:20CC400040F0DE85029B751CD3F838310693EDB2002D40F0C085099B974A1344D3ED007AEF
:20CC6000FDEEE77A089B234409EB43035A781AB99B78302B3FF4A8AD904B01221A70A3E579
:20CC80008F4DDFF82C82286898F80520837C3B44C82BA8BFC82323EAE3738374002A40F077
:20CCA0002185112E0CD0837A98F805203B44C82BA8BFC82323EAE3738372002A40F0F58412
:20CCC0007E4B01221A700BF0A5FF002363717D4B1B68069352E47A4DDFF8D481286898F81B
:20CCE0000520838A3B44B3F5FA6FA8BF4FF4FA6323EAE3738382002A40F022851A2EDFD00B
:20CD0000838998F805203B44B3F5FA6FA8BF4FF4FA6323EAE3738381002AD1D013936A4B2E
:20CD20001B780A3B1B22012BADF85420C8D80D2013A911F087FA2868C2E7614DDFF87081DF
:20CD4000286898F80520437C3B44C82BA8BFC82323EAE3734374002A40F0B384102EAFD0A3
:20CD6000437A98F805203B44C82BA8BFC82323EAE3734372002AA3D01393534B1B780A3BAC
:20CD80001322012BADF854209AD8D0E70B9ADFF82081937A3B4483F30803937298F805200C
:20CDA000002A40F0DE840D2E0AD00B9998F805204B7A3B4483F308034B72002A40F0698480
:20CDC0003F4D28687CE73E4DDFF8E480286898F80520037C3B44C82BA8BFC82323EAE37323
:20CDE0000374002A40F0CC840F2E3FF469AF037A98F805203B44C82BA8BFC82323EAE37331
:20CE00000372002A3FF45CAF13932F4B1B780A3B1222012BADF854203FF652AF87E70B9A7B
:20CE2000DFF88C80D3783B44FF2BA8BFFF23012BB8BF0123D37013793B44FF2BA8BFFF23CA
:20CE4000012BB8BF0123137198F80520002AB7D013931D4B1B7801220A3B9342ADF854202A
:20CE6000AED813A90D2011F0EDF9A9E70B9ADFF84080D37A3B4483F30803D37298F8052049
:20CE8000002A9DD01393104B1B780A3B0522012BADF8542094D8E4E7B8250020A576002047
:20CEA0001C7300202C2400201F85EB51B06D002080150020307200200C8D00204875002029
:20CEC000A4250020840600207CB30020A44DDFF89882286898F80520037E3B44C82BA8BFEF
:20CEE000C82323EAE3730376002A3FF4E9AE13939C4B1B780A3B0922012BADF854203FF66D
:20CF0000DFAE14E70B9BDFF860825D783D44642DA8BF642525EAE5755D7007F06FFC98F82B
:20CF20000530002B3FF44CAF8E4B13951B780A3B0322012BADF854203FF642AF91E70B9A5D
:20CF4000DFF8248293793B44642BA8BF642323EAE3739371D3793B44642BA8BF642323EA90
:20CF6000E373D37198F80520002A3FF429AF13937C4B1B780A3B0222012BADF854203FF64A
:20CF80001FAF6EE7764DDFF8E081286898F80520838B3B44B3F5FA6FA8BF4FF4FA6323EA7C
:20CFA000E3738383002A3FF48BAE13936D4B1B780A3B1C22012BADF854203FF681AEB6E6C6
:20CFC0000B9ADFF8A48153793B44FF2BA8BFFF23012BB8BF0123537198F80520002A3FF415
:20CFE000EFAE13935F4B1B780A3B1522012BADF854203FF6E5AE34E7594DDFF86C81286813
:20D000007EE6574DDFF86081286898F8052090F881303B44642BA8BF6423012BB8BF01230F
:20D0200080F88130002A3FF44BAE13934D4B1B780A3B1722012BADF854203FF641AE76E65D
:20D04000474DDFF82481286898F80520837E3B44C82BA8BFC82323EAE3738376002A3FF4FD
:20D060002FAE13933F4B1B780A3B0B22012BADF854203FF625AE5AE6394DDFF8EC802868B8
:20D0800098F80520437E3B44C82BA8BFC82323EAE3734376002A3FF413AE1393314B1B7867
:20D0A0000A3B0A22012BADF854203FF609AE3EE62B4DDFF8B4802868F5E5294DDFF8A88048
:20D0C00028684DE6264DDFF8A08028688FE6DFF898806AE6224D2968C82E91F822203346A5
:20D0E000A8BFC8239342D8B23FF4BCAD9B1A1E4F81F8220048BF0733DB105D1C7B79EDB2EE
:20D10000002B3FF4A5AD174B13961B780A3B1822012BADF8542003D813A90D2011F092F8AE
:20D12000029BD3F83831069392E510490B7CB3423FF498AD0C4F3046FAF7F4FF7B79002BED
:20D1400040F0C383751CEDB282E5094BDA7AB2423FF488AD642E3FF685ADDE7282E500BF4F
:20D16000A42500207CB30020801500202C240020E0B20020A54D02992F6891F8A42297F89E
:20D180008D30002A00F01D83A14A156AD1F8A822002800F01483FA28A8BFFA209D49B21A17
:20D1A00000FB02F281FB0210D217C2EB60121544C82DA8BFC825142DB8BF14259D423FF445
:20D1C00051AD97F88C3087F88D50002B40F028833846914F0BF01EFD7B79002B3FF43BADF6
:20D1E0008E4B13951B780A3B2022012BADF8542003D813A90D2011F025F8099B884A1344A0
:20D20000D3ED007A029BD3F838310693FDEEE77A28E5844BDA78B2423FF424AD022E3FF693
:20D2200021ADDE701EE59E2900F061839D2900F06883AE2900F06383AD2940F05C83FF21E1
:20D24000002019F08FFE784B0593049B1A68FEF724BC201A04B20298A0F8FA40FFF759BB61
:20D2600001236371099B03F5FA732360FFF786B90A20F0F7A1FCFFF7B9B86C4991F825106D
:20D28000012902D0DC057EF503AC029991F8FD300133DBB2032B81F8FD307EF6F9AB644DE0
:20D2A0002B781BB9634B42F002021A70042004F0EBFBFEF7BEBEB4F5FA7FFEF6E9AB029BD3
:20D2C00093F8FC30002B7EF4E3AB5B4A59485B491360012203780A70029913EA020581F8DF
:20D2E000FC2000F07F81524D2A7812B943F002030370032004F0C8FB4B4B0593049B1A6842
:20D30000FEF7CBBBD4F8C001F6F7BEFCE02200214B4827F061FCFFF740B8D4F8E000F6F7AD
:20D32000B3FCE0220021474827F056FCFFF730B82068F6F7A9FCE0220021204627F04CFC43
:20D34000FFF721B89BF80030DFF80CA1002B7EF48FABBAF800301A053EF58AAB3A4A137868
:20D36000002B00F0AD82002F40F09C82374B029324B1D3F8E030AB42C0F0F1831020F0F7F7
:20D380001BFC029A012382F8F830FEF776BB41F202421A800222FFF775B907EE103A0389CA
:20D3A000DFED2B5A9FED2B6A06EE903AF8EEE66A77EEE57AB8EEC77A66EE866A731EA7EEF2
:20D3C000A67AFDEEC77A17EE90AA1B2B00F20881DFE813F0720453049C04F3003004CC00D7
:20D3E000A7007E0096037D0364030601F3006203CC00A7007E005F035C0359033C03440098
:20D40000F503060106014400D903D402A4250020640A00201F85EB51801500207CB30020B5
:20D420000C8D0020E0B200205C760020C0250020808E0020F525002060A0002014A200202C
:20D4400018280020382700208806002000B500200080BB446F12033B448F0020AA4DAB4F48
:20D460002A68BAF5FA6F5346A8BF4FF4FA6323EAE37393827A79002A40F0C2831A2E0DD033
:20D48000BAF5FA6F53462A687979A8BF4FF4FA6323EAE3739381002940F0C183A300234432
:20D4A00009EB43035A7812B99B78302B02D0984B01221A7028680BF0ADFB099B954A1344B8
:20D4C000D3ED007A029BD3F838310693FFF77AB953468D4D8D4F2A68C82BA8BFC82323EA4C
:20D4E000E37393747A79002A40F03982112ED5D05346C82B2A687979A8BFC82323EAE3731E
:20D5000093720029CAD01393834B1B780A3B1422012BADF85420C1D813A90D2010F092FE6A
:20D52000BCE75346784D794F2A68C82BA8BFC82323EAE37353747A79002A40F08F83102E84
:20D54000ACD05346C82B2A687979A8BFC82323EAE37353720029A1D013936F4B1B780A3BF3
:20D560001322012BADF8542098D8D5E75346664D664F2A68C82BA8BFC82323EAE373137443
:20D580007A79002A40F0DC830F2E87D05346C82B2A687979A8BFC82323EAE37313720029D8
:20D5A0003FF47CAF13935C4B1B780A3B1222012BADF854203FF672AFAEE70B9A534F8AF3C0
:20D5C000080393727A79002A40F0EB820D2E07D00B997A798AF308034B72002A40F0D682E1
:20D5E000494D5BE70F20F0F7E7FA029B4B4983F8FC50FA3CA3F8FA40049B494D1A680B682F
:20D6000023F060030B60474B0593FEF746BAC0F8E430FEF73DBA4FF49660B0FBF2F0B3FBDE
:20D62000F0F3DEB2FFF7FBBA3F49404B91F8E6621B8B8C6842F2107000FB03F3F607D1F8E3
:20D64000DC0148BFB3FBF4F01706C1F8DC0100F12481344B05931B685E077EF51EAA344B52
:20D66000344C35480021196000233449237003800A230B80FEF711BA0120E4F7A5F9294BD7
:20D680000593049B1A68FEF708BA0220F5E70020F3E71393204B1B780A3B0E22012BADF838
:20D6A00054203FF68DABFFF7DCBB13931A4B1B780A3B1422012BADF854203FF601ABFFF7C7
:20D6C00036BB1393144B1B780A3B1022012BADF854203FF643AB0D2013A910F0B3FD2868B9
:20D6E000FFF73CBB13930C4B1B780A3B1122012BADF854203FF6D5AA0D2013A910F0A2FDB4
:20D700002868FFF7CEBA00BFA425002080150020487500200C8D00207CB3002098250020DC
:20D72000808E00205C760020281300100C720020EC250020E9250020F2250020F025002015
:20D740001393B54B1B780A3B1A22012BADF854203FF6D4AA0D2013A910F074FD2868FFF737
:20D76000CDBA1393AC4B1B780A3B0D20012BADF854003FF618AB13A910F064FDFFF713BB82
:20D780001393A54B1B780A3B0F22012BADF854203FF62AAB0D2013A910F054FD2868FFF7DB
:20D7A00023BB9E4B049A1B681268B3F5805F7EF471A93378002B7FF4D2A8FEF76BB97D207B
:20D7C000ECE4974AC1F8A8621362012281F8A4221D463246DCE4934A0023114641F2024097
:20D7E00000E035B10233402B21F8020B05F1FF35F7D1FF210E20D154F0F7DEF9FFF72BBA9F
:20D80000854B13961B780A3B0C22012BADF854203FF618AA13A90D2010F014FDFFF712BA91
:20D820003846E4F727FBD3E4029B93F8FF30002413941BB101F0C003802B7AD1A1F1B703D2
:20D84000072B3FF6F0AC01A252F823F00DDA020827D2020827D2020827D2020805DA0208E2
:20D8600027D20208FBD90208B3D902086E496F4A01230B709373E4F7A9FAE3F76DFF694BA4
:20D8800041F202421A800E20FF229A70F0F794F9029B93F8F910FEF70DBC17F0FDFE049B1A
:20D8A0001A68D6E6624B02932C44C3F8E04093F8F830002B48D15F4B01935968FEF746BBB1
:20D8C0005B4B0293002FF2D158E5534B13961B780A3B2122012BADF8542003D813A90D2073
:20D8E00010F0B0FC029BD3F8383106932AE40021012019F037FB049B1A68FEF7CCB80121CB
:20D900009EE40021FF209CE40320FAF7B1FD4A4B0593049B1A68FEF7C0B80020F5E7474BBA
:20D920004FF4C8729A85049B1A68434B0593FEF7B4B8E4F781FA029B83F8FF40049B1A68D5
:20D940003D4B0593FEF7A9B8F0F70AFF029A002382F8F830FEF791B83449FFF760B9139390
:20D960002D4B1B780A3B1122012BADF854203FF6BDAD13A90D2010F065FCB7E5304D314F5D
:20D980002A687979BAF5FA6F5346A8BF4FF4FA6323EAE373938300293FF480AD13931E4B3A
:20D9A0001B780A3B1C22012BADF854203FF676ADB2E50123ADF84C30234BBDF94E10D889F5
:20D9C0009A89029C0144D981BDF84C100A449A81144B012284F8FF2041F202421A800E2011
:20D9E000FF229A70F0F7E8F8002384F8FC30B4F8FA30FA3BA4F8FA30A0E74FF6FF73ADF8B6
:20DA00004C30D9E70123ADF84E30D5E74FF6FF73ADF84E30D0E700BF7CB30020982500204B
:20DA2000640A002004750020841900102C24002000B50020148E00205C76002048190010A8
:20DA4000A4250020801500202C7300205346FF2BA8BFFF230B9AA94F012BB8BF01235371F5
:20DA60007A79002A3FF4BCAD1393A54B1B780A3B1522012BADF854203FF6B2AD13A90D2086
:20DA800010F0E0FBACE59F4D9C4F31E59D4D9B4F57E59C4D994F79E5984F99E55346994D0A
:20DAA000964F2A687979C82BA8BFC82323EAE373937600293FF4F2AC1393914B1B780A3BF8
:20DAC0000B22012BADF854203FF6E8AC24E553468C4D8A4F2A687979C82BA8BFC82323EAE1
:20DAE000E373537600293FF4D9AC1393844B1B780A3B0A22012BADF854203FF6CFAC0BE5C8
:20DB00005346804D7D4F2A687979C82BA8BFC82323EAE373137600293FF4C0AC1393784BED
:20DB20001B780A3B0922012BADF854203FF6B6ACF2E40220E9E6029B81F0010183F8FE10A6
:20DB4000B1B10B20F0F738F8049B1A686E4B059350073EF59FACFDF7A3BF0120D5E6022086
:20DB6000FAF7D4F9029A002382F8F830FDF785BF0C20F0F721F8049B1A6851073AD4624BEE
:20DB80000593FDF78DBF5F4D5C4F79E413935C4B1B780A3B0E22012BADF854203FF620AD5D
:20DBA0006CE71393564B1B780A3B0D20012BADF854003FF60BAD13A910F044FB06E5534635
:20DBC000642B504D4D4F2A687979A8BF6423012BB8BF012382F8813000293FF45FAC13930C
:20DBE000474B1B780A3B1722012BADF854203FF655AC91E4019B44491B680591FEF75FBC40
:20DC000013933F4B1B780A3B1A22012BADF854203FF634AC13A90D2010F014FB2EE41393B6
:20DC2000374B1B780A3B1B22012BADF854203FF635AC71E40B9A314F8AF30803D3727A79B8
:20DC4000002A3FF4CDAC13932D4B1B780A3B0522012BADF854203FF6C3AC0FE71393284BD9
:20DC60001B780A3B1022012BADF854203FF667AC13A90D2010F0E6FA61E45346642BA8BF70
:20DC8000642323EAE373D9B21C4F4FF0000261F3070261F30F2278790B99CA8000283FF447
:20DCA0009FAC1393164B1B780A3B0222012BADF854203FF695ACE1E65346FF2BA8BFFF2348
:20DCC000012BB8BF0123D9B24FF0000261F3070261F30F220B99094FA1F803207A79002AFA
:20DCE0003FF47EAC1393064B1B7801220A3B9342ADF854203FF674ACC0E600BF8015002078
:20DD00007CB30020A42500205C7600205546642D0B9B134FA8BF642525EAE5755D7006F089
:20DD20006DFD7B79002B3FF45BAC0E4B13951B780A3B0322012BADF854203FF651AC9DE628
:20DD40001393084B1B780A3B0F22012BADF854203FF61AAC13A90D2010F074FA14E400BF73
:20DD6000801500207CB300202D4B1B68184483799BB160EEA07ABFEE007AA7EEA07A9FED36
:20DD8000296A07EE903A27EE067AF8EEE77AF7EE006AE7EE876A20EE260AC378DFED226A6F
:20DDA000DFED207A07EE103AB8EEC77AB4EEE67AF1EE10FA67EE277A07DDB0EE007A37EED5
:20DDC000C77ADFED1A6AE7EE267A437A9FED167A20EE070A20EE270AABB107EE903AF8EE05
:20DDE000E77A9FED137A67EEA00AF4EEC70AF1EE10FA09DCDFED0B7A60EEA70AF5EEC00A2C
:20DE0000F1EE10FA05D57047DFED0A7A20EE270A7047F7EE007A77EEE07A80EE270A7047CE
:20DE2000307200200AD7233C00004843D7A368410000C6420000C842174BDFED184A1B680D
:20DE40001844BFEE007A437A06EE903A8379A0EE007A05EE103AC378F8EE666A07EE903AD3
:20DE600060EEA40AB7EE006AB2EE044AF0EE465AE6EEA05AB8EEC55A67EE246AB8EEE77AAE
:20DE800060EE047AA5EE266A67EE277A25EEA70A20EE060A704700BF307200200AD7233C43
:20DEA000304BDFED316A1B681844B0EE407A437A07EE903AF8EEE77A837967EEA00A06EE97
:20DEC000103AF4EEE60AF1EE10FAB8EEC66A3FDCDFED267A60EEA70AF5EEC00AF1EE10FA4B
:20DEE00033D4F7EE007A77EEE00AC7EEA05AC378FFEE007AE7EE077ADFED1C6A9FED1C5A72
:20DF000067EEA67A00EE103AF7EE006AE6EE276A27EE057AF8EEC07A9FED166A27EE870A3A
:20DF200020EE260A20EE250AB4EEC60AF1EE10FA11D4DFED117AB4EEE70AF1EE10FA0DDC6A
:20DF4000DFED0E7A20EE270A7047F7EE005ACEE7DFED0B5ACBE79FED0B0A70479FED0A0AA8
:20DF6000704700BF307200200000C6420AD7233C6F12833A77BE7FBF77BE7F3F0000FA443F
:20DF80000000C84200C0F9C400C0F9441B4BDFED1C4A1B681844B2EE046A437A07EE903AFC
:20DFA000C378F8EEE77A06EE903A60EE005AF8EEE66A67EE867ABFEE007AA5EEA57A837919
:20DFC000E6EEC67A05EE103ADFED0E5AB8EEC55A27EE257AF4EEE47AF7EE005AE5EE075A90
:20DFE000F1EE10FAB8BFF0EE647A67EEA07A67EEA57AE6EE867A20EE270A70473072002096
:20E00000000000000AD7233C444BDFED455A19680844B7EE005A427AC37802EB82025B0037
:20E0200052009A42B8BF1A4607EE902AB8EE677A07EE903AF8EEE77A837987EE276A06EEA9
:20E04000903AF8EEE66A4B7F66EEA56A76EE455A85EE876A26EE277ABFEE006AC3B1A0EE5E
:20E06000006A27EE207ADFED2F4AB4EEE47AF0EE455AF1EE10FAE6EE865A27EE800A39DC74
:20E08000B5EEC07AF1EE10FA3DD5F0EE457A33E0A0EEA06AF0EE454AE6EE864ADFED215A08
:20E0A00060EEA40A60EE870AF4EEE50AF1EE10FA07DCF5EEC00AF1EE10FA29D5F0EE456AC7
:20E0C00001E0DFED196A9FED197A27EE800A20EE260AB4EEC70ADFED167AF1EE10FA88BF15
:20E0E000B0EE470AB4EEE70AF1EE10FAB8BFB0EE670A7047DFED0C7A9FED0C7A20EE250AD7
:20E1000020EE270AE5E735EE477AC5EE077AF3E775EE600AC5EE206AD5E700BF30720020BB
:20E120000AD7233CA4707D3F0000C84200C0F94400C0F9C403230370002343708370C370B6
:20E1400003714371704700BF38B5074D034600F566741846E622294626F0E6FC0346E63399
:20E16000A342F6D138BD00BF5C9D05082DE9F04FCA4B2DED0C8B1B7889B0002B40F09C81DA
:20E18000DFF830B39BF82130002B00F0E180C44BC44A93ED053A92ED017AD3ED071A93ED2E
:20E1A000014A92ED006AD2ED035AD3ED036AD3ED093A93ED065AD3ED0F2AD2ED027A93ED4B
:20E1C0000B2AB94AB949BA4837EE437A36EE446AA7EE213A93ED0D7A83ED053A75EEC75A25
:20E1E000A6EE264AA5EEA27A77EEE37A73EE455AE7EE823AA5EEA15AD3ED027AD3ED045A31
:20E2000093ED0A6A83ED014A74EE674A35EE651AE4EEA67AE1EE215AD3ED004AC3ED027A28
:20E2200073EEC61A77EEE40AA1EE826AE0EEA64AD3ED086AD3ED0E7A83ED0D7A36EE664ACC
:20E24000C3ED004AE4EE026A37EE674AC2ED4B4AE4EE227A83ED065AC3ED045AC2ED4C5ACB
:20E26000C3ED093A83ED0A6AC3ED086AC2ED4D6AC3ED0E7A93ED0C7A098877EEC77A89073A
:20E28000A7EEA27A83ED0C7A80ED037A68D4D3ED193A93ED1D5AD3ED216A92ED046A92EDF0
:20E2A000057AD2ED067A93ED1B2AD3ED1F2A93ED233A93ED1A4AD3ED1E5A36EE636A37EEC3
:20E2C000457A77EEE67AE2EE063A02F5827102F5A274A7EE225AE7EE836A93ED227AC3ED14
:20E2E000193A73EEC44A35EE656A76EEC77AA2EE244AE2EE865AA7EE837AD3ED184A93EDE3
:20E300001C6AD3ED207A83ED1A4A74EE640A35EEC61A77EE671AE2EE204AA2EE816AE1EE0C
:20E32000837AC2ED4E4A82ED4F6AC2ED507A07C9C3ED184A83ED1D5AC3ED1E5A83ED1C6A11
:20E34000C3ED216A83ED227AC3ED207A84E80700524A0023137009B0BDEC0C8BBDE8F08F5A
:20E36000D3ED197AD3ED112AD3ED1D5A92ED045A92ED416A92ED057AD3ED1B6AD3ED131AE1
:20E3800093ED1F2AD3ED124A93ED173AD3ED1A3A35EE675A36EE626A37EE657AE5EE267A68
:20E3A000E6EE212AE7EE025A92ED425A93ED157A93ED1E6AC3ED197A35EE475A37EEE34A82
:20E3C000A5EE037A32EEE45AE4EE263AE5EE214A93ED105A93ED184AC3ED1A3A74EEC57AEE
:20E3E00033EEC41AA7EEA15A75EEC67AA1EE264AA7EE826AD3ED1C6AD3ED167AC3ED124AC9
:20E4000077EE671A76EE663AE1EE837AE3EE826A83ED105A82ED515AC3ED1D5A83ED1E6A76
:20E42000C3ED1C6AC2ED4F6A83ED157A83ED184A82ED4E4AC3ED112AC3ED167AD3ED215A00
:20E4400092ED067A93ED235AD3ED226A93ED146AD2F80C11C2F84C1137EE657A77EEC67ACF
:20E46000E5EE075A93ED207AC3ED215A75EEE64AA7EE836AE5EE246AF0EE477A76EEC75A89
:20E4800083ED146AE5EE257A82ED526AC3ED226AC3ED207AC2ED507A5AE700BF078D00203E
:20E4A000F819001078270010E8B70020448F0020548D0020387200202C4B1A782C4B1B78FC
:20E4C000002A3AD02B4A1278002A36D02A4A2B4C92ED006AD4ED007A9FED297A049276EEA1
:20E4E000676A27EE877AF0EEE65AF4EEC75AF1EE10FA40F3E583234FF5EEC06A3A68F1EE90
:20E5000010FA4CBF4FF0FF310121002A40F08584BA60272B4FF0010239713A6015D11A49B7
:20E520000023022A8A81CB8102DD84ED006A3B60DFF85CB0DFF85CE036E0124F0022272BFF
:20E54000BA603A6028D00C4A0492DFF844B00021292BDFF840E027D10C4ABEF80030A2FB1B
:20E560000323094ADB081380D1801DE0A78D0020850D0020907600207C8E00208C06002056
:20E58000CDCC4C3EE8B70020880D0020CDCCCCCC38720020788E0020C34BDFF84CB3DA60A5
:20E5A000DFF848E3C14B0493DFF844C3DFEDC09A9FEDC09ADFF83C83DFF824A3C7ED039A47
:20E5C0000CF16C030CF178040293BB4B00930CF10C0926460025CDF804C0CDF814B0CDF8AE
:20E5E0000CE0022D00F07382B44B9AED007AD3ED017A87EE270A009B28464FEA850BD7EDA4
:20E60000037AF0EEC00AC3ED000AAD4BF4EEE07A03EB8503F1EE10FAB8BFF0EE607A83EDE9
:20E62000000AD7F81031C7ED037A9847A54B1B6803EB4503DB8907EE903AF8EEE77AB1EEFE
:20E6400067BAB4EEC0BAF1EE10FA08DCF4EEC07AF1EE10FA8CBFB0EE40BAB0EE67BA9A4B24
:20E660009B449A4B8BED00BA93F800B0BBF1070F06D1BDEEC00A8C4A10EE103A22F81530DE
:20E68000F4EC01AA049BD4ED057AFAEC016A98F8982244ED016A3BEE677AD3ED007A039BF7
:20E6A00084ED05BA1B8876EEEAAA05EE903AF5EE40AAF8EEE55AF1EE10FA65EE895AB0EE23
:20E6C000EACA0CBF01210021002A00F05881804BD4ED0F6A5A19F5EE40AAF1EE10FA92F8CD
:20E6E0003C2000F0D9812AB175EEA66AB7EE006AC6EE267A67EE27AA94ED027AC4ED0F5A86
:20E70000734BF7EE006A3CEE077AB6EE006AF0EE66BA5A19E7EE06BA82F83C1084ED02CA2A
:20E7200096ED138A98ED9F6A98EDA07A6BEE86BA27EE876A96ED147A7AEEC87AF4EEE6BAB0
:20E74000A7EE278AF1EE10FA86ED138A94ED087A84ED088AD6ED197A96ED1A5A37EE277A61
:20E7600088BFF0EE66BA38EE477A022DE5EE077AC6ED197A26EE27AAC4ED0B7A00F0048114
:20E780007AEE088A98F88C226BEEA88A42B36BEE287AF5EEC07AF1EE10FA21DD029B07EE30
:20E7A000902A93ED007AF0EECB6AF8EEE77A37EE667A67EE277AF5EEC07AF1EE10FA40F317
:20E7C0007C82B1EE677AF4EEC78AF1EE10FA00F12183F4EEE78AF1EE10FA88BFF0EE678AB8
:20E7E000D8EDA17AF5EE407AF1EE10FA0DD0009B93ED007AF4EEC77AF1EE10FA05DDD8ED8E
:20E80000A27A27EE277A68EE878A324BB7F82821D3F8EC02A84273D0002A40F01481019BD9
:20E82000BBF13E0FC3ED008A00F0A180BBF1270F00F09D80BBF1290F06D1274A92ED000AF0
:20E8400024F024FF184A9080019B04330193029B04330293009B01350433032D09F12009E4
:20E86000009306F108067FF4BCAE5B46DDF814B09BF81820002A40F06D81184A1278002AC0
:20E880003FF480AC062B00F03381154A154BD268DA60D7F81421D7F818111A60D7F81C218F
:20E8A00059609A606EE400BF880D00207C8E002000000000BD378635008F0020880A0020A5
:20E8C000ECB8002030720020FCB80020850D002070B80020281300108C060020078D002033
:20E8E000548D00207827001038720020788E0020F8B700203C1600100000C8420AD7233CFD
:20E90000BBF13B0F74D0BBF13A0F85D11FED060A06922BEE800A24F0B9FE029B1FED09AAF4
:20E9200093ED000ACC4B188024F0B0FECA4BB0EE4B0A588024F0AAFEC74B28EE8A0A98806C
:20E9400024F0A4FEC44B2AEE8A0AD88024F09EFEC14B28EE0A0A188124F098FEBE4B069A1C
:20E960005881002A6FD1019BC3ED008A6CE7BB4A92ED000A24F08AFEB74A508164E767EE8F
:20E9800027AA94ED027ABBE6D8EDA57A98EDA47AF5EEC07AF1EE10FA88BF75EEA77A6BEE57
:20E9A000888A88BFC5EEA76ABBF13B0FD7ED487AC7ED496A3BEE676AE6EE267A7BEE67CA4F
:20E9C000C7ED487A6CEE87CA0FD19FEDA5DA069128EE8D0A24F05AFE9F4B2CEE8D0A9881C7
:20E9E00024F054FE9C4B0699D88178EEAC8AF7E6B0EE4B0ACDE90612DFED99AA24F046FE31
:20EA0000954B28EE2A0A188024F040FE924B2AEE2A0A588024F03AFE8F4BB2EE040A2CEEF3
:20EA2000000A988024F032FE9FED8E0A8A4B2BEE800AD88024F02AFE874B079A0699188195
:20EA40005981002A8FD0B9F80020D9F80810D9ED017A01EB820191ED007A77EEC77A013218
:20EA6000C9ED017AC1ED008A99ED017AB9F8021092B238EE877A8A42A9F8002089ED017A80
:20EA800060D099F80C00002862D107EE902AF8EEE77AC7EE278AC2E6002A4CD1029B9FEDDA
:20EAA000726A93ED007A27EE067AF0EECB6AF4EEC76AF1EE10FA40D5D4ED08AAD4ED0B6A1E
:20EAC00094ED027A7AEEA6AAB0EE47CA16E6674B1B881A0500F1E680654ADB0492ED027A82
:20EAE00000F10D81634BD3ED007A87EE270A82E5614D97ED450A584C85ED000A24F0C6FD2A
:20EB000097ED460A208085ED010A24F0BFFD97ED470A608085ED020A24F0B8FD544BA08079
:20EB200093ED030A85ED030A24F0B0FDA0F57A70E080FFF727BBC4ED089A94ED027AB0EE63
:20EB40006ACADBE50022A9F80020012289F80C200A469AE7494909684D017FF58EAE4349B0
:20EB600009884C063FF589AE97F82A11914200F08B8107EE902AF8EEE76ADFED417A0093AE
:20EB800026EEA78A87F82A21B0EE480A24F00EFB78EE406A9FED3B7ADFED3B5A9FED3B6A76
:20EBA0009FED3B5A009B66EEA67AE7EE875A9FED397AA7EE865AA7EEA57A9FED376AF7EEF5
:20EBC000005AA7EE856AE7EE875AFDEEC07A66EE866A17EE902A12F0010F05D0F1EE667AD3
:20EBE000F0EE656AF0EE675A900703D5F1EE666AF1EE655A97ED475AD7ED457A9FED276A48
:20EC000026EEC57AA7EEA57A67EEA67AB4EEC67AE5EE257ADFED226AF1EE10FA88BFB0EEFE
:20EC2000467AB4EEE67AF1EE10FAF4EEC67AB8BFB0EE667AF1EE10FA88BFF0EE467AF4EE62
:20EC4000E67AF1EE10FAB8BFF0EE667A87ED457AC7ED477A11E600BF880D00208C06002071
:20EC60000AD7233C0000C8426666663F448F0020548D0020880A002078270010148E0020C2
:20EC8000600B363C762FA7BC00D8813E4AD99E3DA04B25BFCEE99DBF8E0FC93F00C0F94476
:20ECA00000C0F9C4824A0023C7F80C319360814B4FF0080B93ED000AB8E4DFED7F8A8FE56C
:20ECC0009FED7E7A7E4FE6EE877ABA6800210132272BC4ED007A3960BA6000F0C180022A0B
:20ECE0007FF733ACDFF8FCB10023BB601EF048FB9BF821300BBB734B01211B7828E4724BC6
:20ED00001B78002B3FF4EEAE704B9B8B07EE903AF8EE677AF0EEC76AF4EEE76AF1EE10FAD4
:20ED20007FF5E0AE624A0023C7F80C319360684B4FF0080B93ED000A78E4664B93ED007A7D
:20ED4000654B93F89020B8EE477A002A7ED1D3ED267A94ED006A67EE867AF2EE0E6AF4EE0E
:20ED6000E67AF1EE10FAB8BFF0EE667AFCEEE77A17EE902A91B293F89120A3F89210002A25
:20ED80005AD1D3ED277A94ED006A67EE867AF2EE0E6AF4EEE67AF1EE10FAB8BFF0EE667AEF
:20EDA000FCEEE77A17EE902A92B2DFED4C7AA3F8942067EE277A07EE101AF8EE476A07EE83
:20EDC000102AB8EE477A66EEA76A27EE277AF7EE007A76EEA75A37EE276AC6EEA57AC7EE75
:20EDE000066AC3ED037AC3ED1B7AC3ED077AC3ED1F7AC3ED0B7AC3ED237AC3ED0F6AC3ED5C
:20EE0000137AC3ED177A2F4B1B78272B30D00121FFF79EBBF0EE478AE2E497F90400884281
:20EE200037D00022272B39713A60BA607FF48DAB2B49CA60FFF789BB07EE902AF8EEE77A80
:20EE4000FCEEE77A17EE902A92B2AEE707EE902AF8EEE77AFCEEE77A17EE902A91B28AE71B
:20EE60001F4B022A9981DA813FF73CAFFFF760BB94ED000A1A4CA180E28024F007FCDFF8F3
:20EE800068E06080FFF790BBDFED0B6AF7EE005AB0E601320021272B3A60B9603FF43FAB7D
:20EEA000022AC4BF84ED006A3960FFF74EBB00BF008F00201090002000000000CDCCCC3D60
:20EEC000E8B70020850D00201C900020A08F00202090002038160010F819001016C44E37F8
:20EEE000880D002038720020788E00202DE9F04F414B424A1B782DED0E8B074692F8009053
:20EF00008FB0002B75D1A9F10103B3FA83F35B0900933B4C3B4B94F8042193ED037A02923A
:20EF2000002A7DD0384BDFF8F4801878374BC6073748598A006858BFA8F85011850140F114
:20EF4000D0829B8AA3F57A7303EBD373C3F34F03C81A0B4480B29BB207EE900AF8EEE78AE3
:20EF6000A0F57A722B4D2C4995F91060097806EE902AF4EEC78AF1EE10FAF8EEE66A80F232
:20EF80003283002940F02F8307EE903AF8EEE78AC3F5FA6307EE903AF4EEC78AF1EE10FAAB
:20EFA000F8EEE77A02F24482D4ED459AD4ED436AC5ED059A77EE688ABCEEC77A012E36EE5C
:20EFC000E9BA08BFD8F85431C5ED066A17EE102A4FF00100C5ED089A85ED07BA0EBFFB1A68
:20EFE000C8F854710B46F0EE676AA8F85021287422E3012300938CE7FA8E0020F88E002062
:20F00000D0110010548D0020F525002038720020148E002078270010808E0020E8B700209C
:20F02000E84DDFEDE97AD5ED0A6A94ED498A37EE677AF8EEE68ADFEDE57A78EE878AB4EE42
:20F04000E78AF1EE10FAC5ED098A00F35582DFF8A083B0EE679AC8ED567AD4ED506AF5EECB
:20F06000C06AF1EE10FA01F3DE829FEDD88AD84BD4ED437A1978D4ED429A002941F0F4809E
:20F0800039EEE77AB0EE67BAA7EE08BA01232B7477EEE97A85ED06BAE7EE899ADFEDCA6A1D
:20F0A000C5ED059A3BEE69BAC5ED089A85ED07BA88EEA68AB7EE007AB4EEC78AF1EE10FA8B
:20F0C000DFEDC27A88BFB0EE478AB4EEE78AF1EE10FAB8BFB0EE678A85ED098A85ED0B8A64
:20F0E000002900F0B185BB4ABB4B92F82120D3ED016A93ED005AD3ED027A002A01F0C1804E
:20F10000D8ED525A98ED516AF5EEC05AF1EE10FAFFEE004AB5EEC06A54BFF0EE645AF0EEC7
:20F12000475A98ED536AF1EE10FA58BFB0EE647AAA4BB5EEC06A5A78F1EE10FAF7EE004AC4
:20F14000BFEE006A54BFB0EE464AB0EE644AB4EEE65A58BFB0EE646A002A18BFB0EE446A59
:20F16000F1EE10FAB4BFF0EE664AF0EE454AF4EEE74AF1EE10FA01F19E8066EEA64A9FED5C
:20F18000936AE5EE054AF1EEE47AF5EEC07AF1EE10FA41F39A80DFED923A9FED924A75EE5C
:20F1A000264A64EEA34AC4EEA73AF4EEC43AF1EE10FA01F15083DFED8C6AF4EEE67AF1EE9C
:20F1C00010FA42F3B483DA78DFED804A06EE902AF8EEE66AB2EE045A66EE856AF4EEE46A7C
:20F1E000F1EE10FA01F372822278002A00F01D859B7894ED445AD4ED026A002B41F08C8021
:20F2000094ED034AD4ED044A67EE266AE5EE846AE6EE246AF5EEC06AF1EE10FA01F1388366
:20F2200067EEA66AF7EE004AF4EEE46AF1EE10FA9FED704A88BFF0EE646AF4EEC46AF1EEF9
:20F2400010FA01F12583F0EE694AEBEE264A674B012AC3ED004A00F0E884D4ED066A94ED4B
:20F26000074AD4ED084A67EE266AE5EE846AE6EE246AF5EEC06AF1EE10FA01F1DD8667EE82
:20F28000A66AF7EE004AF4EEE46AF1EE10FA9FED594A88BFF0EE646AF4EEC46AF1EE10FAFB
:20F2A00001F1CA86F0EE694AEBEE264A022AC3ED014A00F0BA84D4ED0A6A94ED0B4AD4ED11
:20F2C0000C4A67EE266AE5EE846AE6EE246AF5EEC06AF1EE10FA01F1BB8667EEA66AF7EE5D
:20F2E000004AF4EEE46AF1EE10FA9FED424A88BFF0EE646AF4EEC46AF1EE10FA01F1A88687
:20F30000F0EE694AEBEE264A032AC3ED024A00F08C84D4ED0E6A94ED0F4AD4ED104A67EE67
:20F32000266AE5EE846AE6EE246AF5EEC06AF1EE10FA01F1958667EEA66AF7EE004AF4EEA1
:20F34000E46AF1EE10FA9FED2B4A88BFF0EE646AF4EEC46AF1EE10FA01F18286F0EE694AFE
:20F36000EBEE264A042AC3ED034A00F05E84D4ED126A94ED134AD4ED144A67EE266AE5EE55
:20F38000846AE6EE246AF5EEC06AF1EE10FA01F16F8667EEA66AF7EE004AF4EEE46AF1EE9D
:20F3A00010FA9FED144A88BFF0EE646AF4EEC46AF1EE10FA01F15C86F0EE694AEBEE264ABF
:20F3C0001AE000BF7827001000007A4400000000808E002038720020008F0020B02400206C
:20F3E000F304353FD7B35D3F9A99193ED81B0010E8B700200AD7A33C052AC3ED044A00F053
:20F400001484D4ED166A94ED174AD4ED184A67EE266AE5EE846AE6EE246AF5EEC06AF1EE1A
:20F4200010FA01F1D18767EEA66AF7EE004AF4EEE46AF1EE10FA1FED114A88BFF0EE646A71
:20F44000F4EEC46AF1EE10FA01F1BE87F0EE694AEBEE264A062AC3ED054A00F0E683D4ED59
:20F460001A6A94ED1B4AD4ED1C4A67EE266AE5EE846AE6EE246AF5EEC06AF1EE10FA01F10B
:20F48000B78767EEA66AF7EE004AF4EEE46AF1EE10FA1FED284A88BFF0EE646AF4EEC46A00
:20F4A000F1EE10FA01F1A487F0EE694AEBEE264A072AC3ED064A00F0B883D4ED1E6AD4ED06
:20F4C0001F4A27EE267AD4ED206AA5EEA47AA6EE267AB5EEC07AF1EE10FA41F1878001F0EE
:20F4E0009BB85B48057B002D7FF42BADC388C81A0B4480B29BB22FE5564BD4ED477A1B7859
:20F5000094ED489A002B544B1E78544B18BFB0EE679A392ED3ED009A01F0318238EE698A95
:20F520009FED4F7AD4ED4B7AD4ED4C6A94ED4EAA94ED4F6AB4EEC78AF1EE10FAA8BFB0EEE5
:20F54000487AA7EE26AA79EEE79AD4ED4D6A94ED4A7A69EE869AB5EEC0AA77EEA97AF1EEF4
:20F5600010FA69EEA69A28EE078AC4ED4B7A01F11082B4EEC9AAF1EE10FA88BFB0EE49AA73
:20F5800078EE697A84ED4EAA77EE8A7AF5EEC07AF1EE10FA01F13C87B4EEE79AF1EE10FA89
:20F5A00088BFB0EE679ADFF8D880392E88ED569A7FF453ADDFED2BAA2B4E28EE2A0A24F07F
:20F5C00065F82A4B9842B8BF18462AEE2A0A308024F05CF89FED260A708029EE800A24F0E5
:20F5E00055F8B08039E5234BD4ED429AD4ED467A1B78C5ED059AC5ED067A002B41F096805C
:20F6000039EEE7BAF0EE679A78EEC78ABCEEC77A013608BFD8F8543185ED07BA17EE102ADC
:20F620004FF0FF00C5ED089A0EBFFB1AC8F854710023A8F8502128740F48C5ED098A8342A0
:20F640003FF736AD0D4B00205860D86158632FE5348F0020F98E0020850D0020101E0010DF
:20F66000CDCCCCBD00401C46880D002018FCFFFF00401CC6E07F00208FD00300CC1A001006
:20F68000E8B70020032B41F00781F7EE007AB4EEE7AAF1EE10FA41F3BF86C7EE8AAA68EE91
:20F6A000AA8A29EE2A9A2AEE2AAAD74B1B78980741F19686D54BDFEDD67A5B8D0DEE103A44
:20F6C000B8EECDDA2DEE27DAD4ED537A98ED037AF5EEC07AF1EE10FA41F3A286C7EE27BA39
:20F6E000F7EE007AF4EEE7BAF1EE10FA88BFF0EE67BABBF1590FD4ED55DA01F0D786F5EEC4
:20F70000C0DAF1EE10FA42F3CA80CDEE2DCAF7EE007AF4EEE7CAF1EE10FA88BFF0EE67CA04
:20F72000D4ED547AF4EEEB7AF1EE10FAB8BFF0EE6B7AF4EEEC7AF1EE10FAB4BFF0EE6C5A88
:20F74000F0EE675AB7EE007AF4EEC85AF1EE10FA37EE499AB4BFF0EE486AF0EE656ADFED7A
:20F76000AD7AB4EEE69AB0EEE85A35EE275AF1EE10FA88BFB0EE669AC9EE056AB4EEC59AC7
:20F78000F1EE10FAF4EEC76A8CBFF0EE458AF0EE498AF1EE10FA8CBFB0EE476AB0EE666AD3
:20F7A0006AEE867AEFB39DED067A27EE277A012F8DED067A35D09DED077A27EE277A022F6E
:20F7C0008DED077A2DD09DED087A27EE277A032F8DED087A25D09DED097A27EE277A042F56
:20F7E0008DED097A1DD09DED0A7A27EE277A052F8DED0A7A15D09DED0B7A27EE277A062F4A
:20F800008DED0B7A0DD09DED0C7A27EE277A072F8DED0C7A05D09DED0D7A67EE277ACDED7A
:20F820000D7AF7EE007A87EEA67AB4EECA7AF1EE10FAF4EEC88AB8BFB0EE4A7AF1EE10FA88
:20F8400085ED0D7A08DCB4EEC89AF1EE10FA8CBFF0EE488AF0EE498ABBF1590FC5ED098AD9
:20F8600022D1C5EE856A6C4BDFED6C7AF7EE005A26EE277AF4EEE56A29EE279ABDEEC77AA1
:20F88000F1EE10FA88BFF0EE656A17EE102A66EEA76ABDEEC99AFDEEE66A1A8019EE102AC3
:20F8A0009A8016EE902ADA805D4B1B68D9060DD55C4B1B78DA0709D5029B3BB9009B2BB921
:20F8C00040F628031AEA030F01F04D86002F00F09F819DED067A95F91020534B94ED446A19
:20F8E000DB78D5ED056AD5ED065A07EE902A4F4AF8EEE77A1278002B41F0728096ED006A0E
:20F9000028EE866AB7EE005AA7EE876AB0EE454A35EE467A6BEE064A37EE466A2CEE077A33
:20F92000ACEE064AA4EE075AB0EE697AA4EE857AF4EEC76AF1EE10FA01F38283F4EEC75AE0
:20F94000F1EE10FA98BFB0EE657A394B012F83ED007A00F0548196ED047A9DED075A28EE85
:20F96000877AB7EE006AA7EE857AB0EE464A36EE475A67EE0B4A35EE477A2CEE055AACEE4F
:20F98000074AB0EE697AA5EE046AA4EE867AF4EEC76AF1EE10FA01F35F83F4EEC75AF1EE4E
:20F9A00010FA98BFB0EE657A022F83ED017A00F0268196ED087A9DED085A28EE877AB7EE09
:20F9C000006AA7EE857AB0EE464A36EE475A67EE0B4A35EE477A2CEE055AACEE074AB0EEA6
:20F9E000697AA5EE046AA6EE247AB4EEE67AF1EE10FA01F13983B4EEE57AF1EE10FA88BF27
:20FA0000B0EE657A16E000BF98770020CC7600200AD7233CBD378635880D002000401C46DD
:20FA200058240020F5250020C0250020E07F0020D81B0010032F83ED027A00F0E08096ED78
:20FA40000C7A9DED095A28EE877AB7EE006AA7EE857AB0EE464A36EE475A67EE0B4A35EEB9
:20FA6000477A25EE0C5AA7EE0C4AB0EE697AA5EE046AA6EE247AB4EEE67AF1EE10FA01F1D0
:20FA80009F84B4EEE57AF1EE10FA88BFB0EE657A042F83ED037A00F0B28096ED107A9DEDBC
:20FAA0000A5A28EE877AB7EE006AA5EE277AB0EE464A36EE475A67EE0B4A35EE477A25EEF4
:20FAC0000C5AACEE074AB0EE697AA5EE046AA6EE247AB4EEE67AF1EE10FA01F18584B4EE99
:20FAE000E57AF1EE10FA88BFB0EE657A052F83ED047A00F0848096ED147A9DED0B5A28EECE
:20FB0000877AB7EE006AA7EE857AB0EE464A36EE475A67EE0B4A35EE477A2CEE055AACEEAD
:20FB2000074AB0EE697AA4EE056AA4EE867AF4EEC76AF1EE10FA01F35F84F4EEC75AF1EEAB
:20FB400010FA98BFB0EE657A062F83ED057A56D096ED187A9DED0C5A28EE877AB7EE006A52
:20FB6000A7EE857AB0EE464A36EE475A67EE0B4A35EE477A2CEE055AACEE074AB0EE697A8B
:20FB8000A4EE056AA4EE867AF4EEC76AF1EE10FA01F34A84F4EEC75AF1EE10FA98BFB0EE33
:20FBA000657A072F83ED067A29D096ED1C7A9DED0D5A28EE877AB7EE006AA7EE857AB0EEE5
:20FBC000465A76EE477A2BEE07BA37EEC77A6CEE277AACEE075AA5EE276AEBEE069AF4EEAB
:20FBE000E96AF1EE10FA08DCF4EEE95AF1EE10FA8CBFF0EE696AF0EE656AC3ED076A0D4BB5
:20FC00001B78DB0704D40C490C48BA0024F08CFFBBF1590F09D1DFED0A7A0A4B68EEA78A7B
:20FC2000FDEEE88A18EE902A5A800FB0BDEC0E8BBDE8F08FF5250020E47F0020D81B0010E8
:20FC400000401C46880D0020D34B88F85C11B9F1010F186800F0FC82D04E438ED04907EE9D
:20FC6000903A5B42B8EE677A07EE903AD1ED05BAF8EEE77AF4EEE7BAF1EE10FA00F13483FF
:20FC8000F4EEC7BAF1EE10FA88BFF0EE47BAD1ED0B6A9FEDC46AF4EEE67AF1EE10FA6BEE81
:20FCA00086BA08DCB4EEE67AF1EE10FA8CBFF0EE667AF0EE477A838EBB489FEDBA7A02783F
:20FCC000019227EE87AA002A40F0BD8207EE903A5B420AEE903AB8EE677AF8EEEAAAD1EDD5
:20FCE000117AF4EEEA7AF1EE10FA08D4F4EEC77AF1EE10FA8CBFF0EE47AAF0EE67AAAB4B63
:20FD0000DFEDA87A59786AEEA7AA09B9F1EE6AAAA7490968087B28B1497B632940F22A85D8
:20FD200085ED098A98ED58CAA248DFF8A4A290F800B0DAED017A38EE4C9AF7EE008AB0EE7D
:20FD4000C99ABBF12A0F78EEC88A29EE279A09D19FED990A039329EE000A23F097FC974A84
:20FD6000039B108068EEA87AB4EEC8CAF1EE10FA67EE897A05D5B6EE007A68EE878A67EEB4
:20FD8000A87A9AED3B7ADAED3C6ADAED3A8A88ED588A77EEC77ABBF12A0FA6EEA77A77EE11
:20FDA000687A8AED3B7AE6EEA78ACAED3A8A09D19FED810A039328EE800A23F067FC7F4A4F
:20FDC000039B5080F7EE007AB4EEE78AF1EE10FA98BFF0EE487AF5EEC07ADFED7E6A9AED0B
:20FDE0006C7ACAED3E8AF1EE10FAB8BFF0EE667AF4EEC77AF1EE10FA07DA9FED716AB4EE8A
:20FE0000C67AF1EE10FA00F29F849AF8B8019AED6B7ADAED6A6A002800F02A8277EEE67AC9
:20FE2000DFED6C6AF4EEE67AF1EE10FAB8BFF0EE667A67EE877AF7EE008ABBF15A0F78EE80
:20FE4000E78A09D19FED5F0A039328EE800A23F01DFC5A4A039B1080D8F86801CAED698A4B
:20FE6000381A41F2873C60450EDD9FED530A039328EE000A23F00AFC534A04900146D06842
:20FE8000039B814240F08D8495ED0C7ADFED516AB4EEE67AF1EE10FA1DDDD8ED5B7A98ED2D
:20FEA0005C5A78EE675AB7EE006AE5EE257A78EE675AC8ED5B7AA7EE258AB4EEC68AF1EE1E
:20FEC00010FA88BFB0EE468AB4EEE68AF1EE10FAB8BFB0EE668AD4ED497A3C48F5EEC07A3E
:20FEE000F1EE10FA80ED008A08DDDFED357AB4EEE78AF1EE10FAB8BFB0EE678A9AED9BCAD4
:20FF0000B5EE40CAF1EE10FA07D0F7EE007A38EE677AECEE077A28EE278A277885ED098A48
:20FF2000002F01F06D8296ED029AD6ED017A96ED037A2AEE099AABEEA79ADFED267AAAEEBC
:20FF4000879AB4EEE79AF1EE10FA8CBFF0EE678AF0EE498A8DED069AD8BFB0EE679A012F29
:20FF600000F0EC80D6ED067AD6ED056A96ED077A6AEE277AEBEEA67AEAEE877AB4EEE79ABE
:20FF8000F1EE10FA00F16D81F4EEE78AF1EE10FA88BFF0EE678A1FE0A4250020D41100106A
:20FFA000CC1A00106F12833A6C270010B024002030720020850D00200000C842880D002043
:20FFC0000AD7233C00007A44880A0020F81B00103C16001000000000022FCDED077A00F090
:20FFE000AD80D6ED0A7AD6ED096A96ED0B7A6AEE277AEBEEA67AEAEE877AB4EEE79AF1EE82
:020000040803EF
:2000000010FA00F16E81F4EEE78AF1EE10FA88BFF0EE678A032FCDED087A00F08F80D6ED74
:200020000E7AD6ED0D6A96ED0F7A6AEE277AEBEEA67AEAEE877AB4EEE79AF1EE10FA00F12A
:200040003183F4EEE78AF1EE10FA88BFF0EE678A042FCDED097A71D0D6ED127AD6ED116A5C
:2000600096ED137A6AEE277AEBEEA67AEAEE877AB4EEE79AF1EE10FA00F15C83F4EEE78A76
:20008000F1EE10FA88BFF0EE678A052FCDED0A7A54D0D6ED167AD6ED156A96ED177A6AEECA
:2000A000277AEBEEA67AEAEE877AB4EEE79AF1EE10FA00F13887F4EEE78AF1EE10FA88BF8E
:2000C000F0EE678A062FCDED0B7A37D0D6ED1A7AD6ED196A96ED1B7A6AEE277AEBEEA67A2F
:2000E000EAEE877AB4EEE79AF1EE10FA00F1A087F4EEE78AF1EE10FA88BFF0EE678A072F7B
:20010000CDED0C7A1AD0D6ED1E7AD6ED1D6A96ED1F7A6AEE277AEBEEA67AEAEE877AF4EE47
:20012000C97AF1EE10FA00F38F87F4EEE78AF1EE10FA88BFF0EE678ACDED0D7A39EE68AABE
:20014000019A1AB1009A002A00F0F782B9F1010F05D15FED607AB0EE678AC5ED097A674AE1
:20016000B2F800A01AF4006F40F0C1805B7985ED0DAA022B3FF686AA002B40F0A785009B96
:20018000002B00F0F183F7EE007AB7EE007AB4EEC7AAF1EE10FAC8BFC7EE8A7AEFB3012F44
:2001A0009DED067A27EE277A8DED067A35D09DED077A27EE277A022F8DED077A2DD09DED0C
:2001C000087A27EE277A032F8DED087A25D09DED097A27EE277A042F8DED097A1DD09DED5A
:2001E0000A7A27EE277A052F8DED0A7A15D09DED0B7A27EE277A062F8DED0B7A0DD09DED4E
:200200000C7A27EE277A072F8DED0C7A05D09DED0D7A27EE277A8DED0D7A68EEE78AF4EE26
:20022000C88AF1EE10FA0ADCF7EE008AE7EEC98AF4EEC88AF1EE10FA88BFF0EE488AC5ED40
:20024000098AFFF731BB9FED2E7ADFED2EAA46E52D4B90F86410A3F18006012908BF1E4643
:20026000FBE4B0EE679AB7E6B0EE67BAFEF70EBF98F8640100287FF4D1AD012088F86401CE
:20028000CCE5D8ED425A98ED416AF5EEC05AF1EE10FAFFEE004AB5EEC06A54BFF0EE645A83
:2002A000F0EE475AF1EE10FA98ED436A58BFB0EE647AFEF73DBF9FED157AF5EEC07AF1EE09
:2002C00010FAF0EE475A3EF766AFB4EEE65AF1EE10FA40F3D782DFED0D5AF0EE657AFEF70F
:2002E00072BFB0EE679A95E6F0EE67BACFE4084A92ED008A85ED098A38E700BF448F0020D0
:2003000000007A4400007AC45412001000000000189000200AD723BCD4ED034AD4ED043AD6
:200320001FED044A67EE266AE5EEA46A04EE903AE6EE236ADD4BF8EE644AF5EEC06A64EE65
:20034000844AF1EE10FA48BF66EEA46AB7EE004A67EEA66ADFEDD63AF4EEC46AF1EE10FA54
:2003600088BFF0EE446AF4EEE36AF1EE10FA5ABFB0EE694AABEE264AB0EE454A012A83ED57
:20038000004A3FF452ACD4ED066AD4ED073A94ED084A67EE266AE5EEA36ADFEDC53AE6EE78
:2003A000046AB7EE004AF5EEC06AF1EE10FA48BF66EEA46A67EEA66AF4EEC46AF1EE10FA23
:2003C00088BFF0EE446AF4EEE36AF1EE10FA5ABFB0EE694AABEE264AB0EE454A022A83EDF6
:2003E000014A3FF422ACD4ED0A6AD4ED0B3A94ED0C4A67EE266AE5EEA36ADFEDAD3AE6EE53
:20040000046AB7EE004AF5EEC06AF1EE10FA48BF66EEA46A67EEA66AF4EEC46AF1EE10FAC2
:2004200088BFF0EE446AF4EEE36AF1EE10FA5ABFB0EE694AABEE264AB0EE454A032A83ED94
:20044000024A3FF4F2ABD4ED0E6AD4ED0F3A94ED104A67EE266AE5EEA36ADFED953AE6EE2E
:20046000046AB7EE004AF5EEC06AF1EE10FA48BF66EEA46A67EEA66AF4EEC46AF1EE10FA62
:2004800088BFF0EE446AF4EEE36AF1EE10FA5ABFB0EE694AABEE264AB0EE454A042A83ED33
:2004A000034A3FF4C2ABD4ED126AD4ED133A94ED144A67EE266AE5EEA36ADFED7D3AE6EE09
:2004C000046AB7EE004AF5EEC06AF1EE10FA48BF66EEA46A67EEA66AF4EEC46AF1EE10FA02
:2004E00088BFF0EE446AF4EEE36AF1EE10FA5ABFB0EE694AABEE264AB0EE454A052A83EDD2
:20050000044A3FF492ABD4ED166AD4ED173A94ED184A67EE266AE5EEA36ADFED653AE6EEE3
:20052000046AB7EE004AF5EEC06AF1EE10FA48BF66EEA46A67EEA66AF4EEC46AF1EE10FAA1
:2005400088BFF0EE446AF4EEE36AF1EE10FA5ABFB0EE694AABEE264AB0EE454A062A83ED70
:20056000054A3FF462ABD4ED1A6AD4ED1B3A94ED1C4A67EE266AE5EEA36ADFED4D3AE6EEBE
:20058000046AB7EE004AF5EEC06AF1EE10FA48BF66EEA46A67EEA66AF4EEC46AF1EE10FA41
:2005A00088BFF0EE446AF4EEE36AF1EE10FA5ABFB0EE694AABEE264AB0EE454A072A83ED0F
:2005C000064A3FF432ABD4ED1E6A94ED1F4A27EE267AD4ED206AA5EE847AA6EE267AB5EE20
:2005E000C07AF1EE10FA48BF27EE247A67EE877AB7EE007AF4EEC77AF1EE10FADFED2C6A3B
:2006000088BFF0EE477AF4EEE67AF1EE10FA5CBFB0EE695AA7EE8B5A83ED075A0FB0BDEC9A
:200620000E8BBDE8F08F234B1978002940F021819FED217AD4ED517A94ED526A1F4B37EE84
:20064000C77A86EE278A1B78C7EE067AB7EE000AF4EEC07AF1EE10FA9FED177A88BFF0EE76
:20066000407AF4EEC77AF1EE10FAB8BFF0EE477A28EE268A30EE670A022B28EE008A7EF40A
:20068000F6ACDFED0F7A0F4E20EE270A22F0FEFF9FED0D0AB08028EE000A22F0F7FFF0804D
:2006A000FEF7E5BCB0EE679AD2E400BFD81B00100AD7A33CA476002000000000850D0020E1
:2006C0000000C842880D002000007A44BA4A1268920700F16281B94A92ED075A92ED084AFE
:2006E000B0EEC55AB0EEC44AB4EEC45AF1EE10FAB8BFB0EE445A85EE264AF7EE004AB4EE81
:20070000E44AF1EE10FA88BFB0EE644AF6EE006AB4EEE64AF1EE10FAFEF666AD74EEC44AAF
:2007200074EEA44A67EEA47AFEF75EBD37EEE9BAFEF76ABFB0EE679AA7E4F6EE007AB0EEDA
:20074000678AC5ED097A01E598F86401002800F03F869AED6A6A9AED6B7A77EEC67AF5EE6C
:20076000C07AF1EE10FAB8BFF0EE667A67EE877AFFF761BB07EE901A9FED917AF8EEE77A3C
:20078000012867EE877A00F0B48602287FF4C8AAB4EEE78AF1EE10FA88BFB0EE678AFFF7D9
:2007A000BFBA07EE901A8549B8EEE79A91F8F002DFED837A039029EE279A002800F0DA8308
:2007C00091F8F6E2B1F8F402B1F8F2C2BEF1000F41F0BC8007EE900A69EE495AF8EEE78AB1
:2007E0009FED786AB7EE007AF7EE086AA5EE867A68EEA68A07EE90CA68EE898AF8EE677A7D
:2008000068EE878AF4EEE78AF1EE10FAB8BFF0EE678ABBF12B0F0BD1B0EE680A059322F073
:2008200035FFDFF8B4C1059B6449674AACF8040091ED017A0398DFED657AB8EE477A0138B3
:2008400027EE27CA032800F29583DFE810F0EB067003D806C506DFED5E4AB4EEE65AF1EE54
:2008600010FAD8BFB0EE647A88BFF0EE645AFEF7A2BC584B9B89B3FBF1F307EE103AB8EEE7
:20088000C77AD7E69FED527AF0EE477AFEF79BBCF0EE454AFEF7DBBC009B3BB9F6EE007A31
:2008A000B4EEE78AF1EE10FA00F13686F7EE007AB7EE007AB4EEC7AAF1EE10FAC8BFC7EED9
:2008C0008A7AEFB3012F9DED067A27EE277A8DED067A35D09DED077A27EE277A022F8DED17
:2008E000077A2DD09DED087A27EE277A032F8DED087A25D09DED097A27EE277A042F8DED25
:20090000097A1DD09DED0A7A27EE277A052F8DED0A7A15D09DED0B7A27EE277A062F8DED18
:200920000B7A0DD09DED0C7A27EE277A072F8DED0C7A05D09DED0D7A27EE277A8DED0D7ABC
:2009400068EEE78AF4EEC88AF1EE10FA3FF777ACF7EE008AE9EE678AF4EEC88AF1EE10FA06
:2009600088BFF0EE488A6AE4F6EE007AB4EEE78AF1EE10FA7FF507AC78EE277A05E4B2EE21
:20098000040A29EE800A22F081FE134BD880FEF7C5BD9FED0FAAFEF7F3BD104998F85C219A
:2009A00091ED084A002A40F0BF850749012281ED024A88F85C218EE65C76002028130010EE
:2009C0000AD7233CABAAAA3E880A0020BD3786350000000094760020880D00208490002026
:2009E000002A40F05B83D6ED006A68EEA66AB7EE005AE7EE876AB0EE454A35EE667A66EEE3
:200A00008B4A77EE666A2CEE077AACEE264AA4EE075AB0EE697AA4EE857AB4EEC76AF1EE70
:200A200010FA00F34087F4EEC75AF1EE10FA98BFB0EE657AA14B012F83ED007A3FF4DFA872
:200A400096ED047A9DED075A28EE877AF7EE006AA7EE857AB0EE664A36EEC75A67EE0B4A73
:200A600035EE477A2CEE055AACEE074AB0EE697AE4EE056AA4EEA67AB4EEC76AF1EE10FAFE
:200A800000F34E85F4EEC75AF1EE10FA98BFB0EE657A022F83ED017A3FF4B1A896ED087A23
:200AA0009DED085A28EE877AF7EE006AA7EE857AB0EE664A36EEC75A67EE0B4A35EE477A2F
:200AC0002CEE055AACEE074AB0EE697AE4EE056AA4EEA67AB4EEC76AF1EE10FA00F32087E8
:200AE000F4EEC75AF1EE10FA98BFB0EE657A032F83ED027A3FF483A896ED0C7A9DED095AC4
:200B000028EE877AF7EE006AA7EE857AB0EE664A36EEC75A67EE0B4A35EE477A2CEE055A41
:200B2000ACEE074AB0EE697AE4EE056AA4EEA67AB4EEC76AF1EE10FA00F3FD86F4EEC75A21
:200B4000F1EE10FA98BFB0EE657A042F83ED037A3FF455A896ED107A9DED0A5A28EE877A76
:200B6000F7EE006AA7EE857AB0EE664A36EEC75A67EE0B4A35EE477A2CEE055AACEE074A0D
:200B8000B0EE697AE4EE056AA4EEA67AB4EEC76AF1EE10FA00F3D686F4EEC75AF1EE10FAEA
:200BA00098BFB0EE657A052F83ED047A3FF427A896ED147A9DED0B5A28EE877AF7EE006AD7
:200BC000A7EE857AB0EE664A36EEC75A67EE0B4A35EE477A2CEE055AACEE074AB0EE697A7B
:200BE000E4EE056AA4EEA67AB4EEC76AF1EE10FA00F3EE86F4EEC75AF1EE10FA98BFB0EEFE
:200C0000657A062F83ED057A3EF4F9AF96ED187A9DED0C5A28EE877AF7EE006AA7EE857AF8
:200C2000B0EE664A36EEC75A67EE0B4A35EE477A2CEE055AACEE074AB0EE697AE4EE056A6D
:200C4000A4EEA67AB4EEC76AF1EE10FA00F3C786F4EEC75AF1EE10FA98BFB0EE657A072FF0
:200C600083ED067A3EF4CBAF96ED1C7A9DED0D5A28EE877AF7EE006AA7EE857AB0EE665A76
:200C800076EEC77A2BEE07BA37EEC77A6CEE277AACEE075AE5EE276AEBEE269AB4EEE96A87
:200CA000F1EE10FA00F38883F4EEE95AF1EE10FA8CBFB0EE696AB0EE656A7DE3D81B0010B3
:200CC00000008000FFFF7F7F00EFE748009AB6EE006A2AB9B4EEC68AF1EE10FA00F1168489
:200CE000F7EE006AF7EE007AB4EEE7AAF1EE10FAC8BFC6EE8A6A002F00F07A86012B9DED26
:200D0000067A00F0E184B0EEC76A77EE065A37EE466A5FED157A5FED158A36EE656AE8EE06
:200D2000065A26EEA57AB4EEE77AF1EE10FAB4EEE87AA8BFF0EE477AF1EE10FA98BFF0EE0C
:200D4000478A012F8DED067A00F0E080DDED075AB0EEE55A35EE856A75EEC55A75EEC65A29
:200D6000A8EE256A26EE866AF4EEC67AF1EE10FAF4EEC68AB8BFF0EE467AF1EE10FA88BFC8
:200D8000F0EE468A022F8DED076A00F0BF80DDED085AB0EEE55A35EE856A75EEC55A75EE5A
:200DA000C65AA8EE256A26EE866AF4EEC67AF1EE10FAF4EEC68AB8BFF0EE467AF1EE10FAAF
:200DC00088BFF0EE468A032F8DED086A00F09E80DDED095AB0EEE55A35EE856A75EEC55A54
:200DE00075EEC65AA8EE256A26EE866AF4EEC67AF1EE10FAF4EEC68AB8BFF0EE467AF1EE16
:200E000010FA88BFF0EE468A042F8DED096A7DD0DDED0A5AB0EEE55A35EE856A75EEC55AC7
:200E200075EEC65AA8EE256A26EE866AF4EEC67AF1EE10FAF4EEC68AB8BFF0EE467AF1EED5
:200E400010FA88BFF0EE468A052F8DED0A6A5DD0DDED0B5AB0EEE55A35EE856A75EEC55AA4
:200E600075EEC65AA8EE256A26EE866AF4EEC67AF1EE10FAF4EEC68AB8BFF0EE467AF1EE95
:200E800010FA88BFF0EE468A062F8DED0B6A3DD0DDED0C5AB0EEE55A35EE856A75EEC55A81
:200EA00075EEC65AA8EE256A26EE866AF4EEC67AF1EE10FAF4EEC68AB8BFF0EE467AF1EE55
:200EC00010FA88BFF0EE468A072F8DED0C6A1DD0DDED0D5AB0EEE55A35EE256A75EEC55ABE
:200EE00075EEC65AA8EE256A66EE866AF4EEE67AF1EE10FAF4EEE68AB8BFF0EE667AF1EE75
:200F000010FACDED0D6A88BFF0EE668AF1EE688AF4EEC88AF1EE10FA00F3B382F7EE008AFC
:200F200078EEE78A18E5B0EE679AFFF7CBB85FED9A6A51480393C6EE877AF0EE4C0AF4EE7B
:200F4000E87AF1EE10FA98BFF0EE678AB0EE680ADEF7B6FF4948F0EE4C0AB0EE680ADEF7DC
:200F6000AFFF4748F0EE4C0AB0EE680ADEF7A8FF444A039B9AF85802002853D0BAF85A12F3
:200F80009AF85EE2BAF85CC206EE901ABEF1000F00F0FF8407EE90EAB8EEE77ADFED3A7AEA
:200FA00027EE277AF7EE005A75EEC95A27EE097AACEB0101A7EE259A06EE101AF8EEE67ACD
:200FC000B8EEC66AE9EE067A013803282AD8DFE810F0510304003C0366039AED009A9FED0A
:200FE0002B7A2B480393C7EE098AF0EE490AF4EEE78AF1EE10FA88BFF0EE678AB0EE680A68
:20100000DEF75EFF2348F0EE490AB0EE680ADEF757FF2148F0EE490AB0EE680ADEF750FFF9
:20102000184A039B0499D160C8F86871FEF72CBFB0EE679AFFF763B8F0EE454AFEF736B968
:20104000B0EE667AFEF781BCB0EE679AFFF774B8F0EE454AFEF758B9B0EE667AFEF7A4BCD9
:20106000F0EE454AFEF77EB9B0EE667AFEF7E2BCF0EE454AFEF7C0B910150010241500106D
:2010800038150010880A0020CDCCCC3D3333F33E98160010AC160010C016001096ED005AB5
:2010A00028EE855AF7EE004AA7EE875AF0EE643A34EEC57A25EE0B4A37EE455A2CEE077AF2
:2010C000ECEE053AE3EE874AB0EE697AA4EE247AF4EEC76AF1EE10FA40F30F82B0EE467A86
:2010E000F4EEC75AF1EE10FA98BFB0EE657AE94B012F83ED007A3EF482AD96ED047ADDEDB6
:20110000074A28EE877AB7EE005AA7EEA47AF0EE453A75EE474A27EE0B4A34EEC77A6CEE3D
:20112000244AECEE073AB0EE697AA3EEA45AA4EE057AF4EEC76AF1EE10FA00F3EB83B4EE06
:20114000C76AF1EE10FA00F36884F4EEC75AF1EE10FA98BFB0EE657A022F83ED017A3EF488
:201160004EAD96ED087ADDED084A28EE877AB7EE005AA7EEA47AF0EE453A75EE474A27EE24
:201180000B4A34EEC77A6CEE244AECEE073AB0EE697AA3EEA45AA4EE057AF4EEC76AF1EEA1
:2011A00010FA00F3BA83B4EEC76AF1EE10FA00F33884F4EEC75AF1EE10FA98BFB0EE657ACA
:2011C000032F83ED027A3EF41AAD96ED0C7ADDED094A28EE877AB7EE005AA4EEA77AF0EE2B
:2011E000453A75EE474A27EE0B4A34EEC77A6CEE244AECEE073AB0EE697AA3EEA45AA4EE2A
:20120000057AB4EEE67AF1EE10FA00F18D83B4EEC67AF1EE10FA00F10884B4EEE57AF1EE3B
:2012200010FA88BFB0EE657A042F83ED037A3EF4E6AC96ED107ADDED0A4A28EE877AB7EE15
:20124000005AA4EEA77AF0EE453A75EE474A27EE0B4A34EEC77A64EE8C4AE7EE0C3AB0EE82
:20126000697AA3EEA45AA4EE057AB4EEE67AF1EE10FA00F16483B4EEC67AF1EE10FA00F16C
:20128000E283B4EEE57AF1EE10FA88BFB0EE657A052F83ED047A3EF4B2AC96ED147ADDEDAE
:2012A0000B4A28EE877AB7EE005AA4EEA77AF0EE453A75EE474A27EE0B4A34EEC77A64EEA0
:2012C0008C4AE7EE0C3AB0EE697AA3EEA45AA4EE057AB4EEE67AF1EE10FA00F15783B4EEA4
:2012E000C67AF1EE10FA00F1B183B4EEE57AF1EE10FA88BFB0EE657A062F83ED057A3EF49C
:201300007EAC96ED187ADDED0C4A28EE877AB7EE005AA4EEA77AF0EE453A75EE474A27EE3F
:201320000B4A34EEC77A64EE8C4AE7EE0C3AB0EE697AA3EEA45AA4EE057AB4EEE67AF1EEB0
:2013400010FA00F14983B4EEC67AF1EE10FA00F18083B4EEE57AF1EE10FA88BFB0EE657A59
:20136000072F83ED067A3EF44AAC96ED1C7ADDED0D4A28EE877AB7EE005AA7EEA47AF0EE3E
:20138000454A75EE477A2BEE07BA37EEC77A6CEE277AECEE074AA4EEA75AEBEE059AF4EE47
:2013A000E96AF1EE10FA40F32F83B4EEE56AF1EE10FA88BFB0EE656A83ED076AFEF71FBCCD
:2013C000B0EE667AFEF764BBF0EE454AFEF742B837EE677ADAED6D7A67EE277AFEF72BBD98
:2013E0009FED2DDAFEF770B9B0EE667AFEF77EBBF0EE454AFEF75CB8B0EE667AFEF7A4BB48
:201400009FED25AAF0EE4A8AB0EE4A9AFEF798BE9FED219AFEF7C7B8F0EE67AAFEF745B955
:20142000DFED1DBAFEF765B9B0EE667AFEF7B9BBB8F85031834204D8184B1B7B002B00F029
:201440004D82174B1B78002B40F04882D4ED459A94ED437AC5ED059A37EE69BA012E85ED8B
:20146000067AC5ED089A85ED07BA00F0E2820123DFED098AC8F85471F0EE676A2B74FEF7C6
:20148000E1B8084BC5ED098A1B68DB063EF510AAFEF721BAD81B001000000000348F002014
:2014A000428F00205824002000401C461FED02EADFF824842BEE8E0A22F0E8F8F5EEC0DA66
:2014C000F1EE10FAA8F8080040F38180CDEE2DCAF7EE007AF4EEE7CAF1EE10FA88BFF0EE95
:2014E00067CA2CEE8E0A22F0D1F8A8F80A00FEF717B928EE278AFEF713BCB4EEC76AF1EE82
:2015000010FA7FF7EDADB0EE467AF0E578EE066A26EE866AFFF7E6BB78EE277AFFF7C8B98F
:20152000B0EE467AFFF7B5BAE14A92ED023A34EE434AB7EE005AB0EEC44A35EE445AF6EE03
:20154000003AB5EEC05AF1EE10FAB8BFB0EE645AB4EEE35AF1EE10FA9CBF35EE055A67EEDE
:20156000857AFFF7B8B8D34B9B8A07EE903AD24BF8EEE77A93ED037AB4EEE77AF1EE10FAB7
:201580007EF5A4A9002F3EF450ABCC4BD4F810211A60012F3EF449AB022F5A603EF445AB3E
:2015A000032F9A603EF441AB042FDA603EF43DAB052F1A613EF439AB062F5A613EF435AB93
:2015C000072F9A613EF431ABDA61FEF72EBB9FEDBC0AF0EE40CA86E7DFEDBA7A6CEE277A11
:2015E000B7EE007A67EEA87A77EE876A87EEA67A81ED7D7A81ED827A81ED877ABAE4DFEDC2
:20160000B27A6CEE277AB7EE007A67EEA87A77EE876A87EEA67A81ED7C7A81ED817A81EDE7
:20162000867AA7E4DFEDA97A6CEE277AB7EE007A67EEA87A77EE876A87EEA67A81ED7B7A51
:2016400081ED807A81ED857A94E49AED007A9FED9E6A27EE067AF7EE006A67EE277A77EE69
:20166000A66A87EEA67A8AED197A8AED1E7A8AED237AD7E49AED007A9FED946A27EE067ABD
:20168000F7EE006A67EE277A77EEA66A87EEA67A8AED187A8AED1D7A8AED227AC2E49AEDA4
:2016A000007A9FED886A27EE067AF7EE006A67EE277A77EEA66A87EEA67A8AED1A7A8AEDCC
:2016C0001F7A8AED247AADE426EE0A6ADFED807ADFED808A76EE075A37EE467A37EE657AF9
:2016E000E8EE075A26EEA57AB4EEE77AF1EE10FAB4EEE87AA8BFF0EE477AF1EE10FA98BF4A
:20170000F0EE478A012F8DED067A3FF4FFAB9DED075A76EE055A35EE465A35EE655AE8EEEA
:20172000055A66EEA55AF4EEE57AF1EE10FAF4EEE58AB8BFF0EE657AF1EE10FA88BFF0EE3A
:20174000658A022FCDED075A3FF4E0AB9DED085A76EE055A35EE465A35EE655AE8EE055A07
:2017600066EEA55AF4EEE57AF1EE10FAF4EEE58AB8BFF0EE657AF1EE10FA88BFF0EE658A6A
:20178000032FCDED085A3FF4C1AB9DED095A76EE055A35EE465A35EE655AE8EE055A66EE7E
:2017A000A55AF4EEE57AF1EE10FAF4EEE58AB8BFF0EE657AF1EE10FA88BFF0EE658A042F4B
:2017C000CDED095A3FF4A2AB9DED0A5A76EE055A35EE465A35EE655AE8EE055A66EEA55A8E
:2017E000F4EEE57AF1EE10FAF4EEE58AB8BFF0EE657AF1EE10FA88BFF0EE658A052FCDED4F
:201800000A5A3FF483AB9DED0B5A76EE055A35EE465A35EE655AE8EE055A66EEA55AF4EE42
:20182000E57AF1EE10FAF4EEE58AB8BFF0EE657AF1EE10FA88BFF0EE658A062FCDED0B5A8A
:201840003FF464AB9DED0C5A76EE055A35EE465A35EE655AE8EE055A66EEA55AF4EEE57A25
:20186000F1EE10FAF4EEE58AB8BFF0EE657AF1EE10FA88BFF0EE658A072FCDED0C5A3FF474
:2018800045ABDDED0D5A36EE255A35EEC66A36EE456AA6EE085A66EE856AFFF727BBDFED81
:2018A00008CAFDF73DBFB0EE467AFFF7C3B800BF880A0020387200200C8D0020D81B0010A0
:2018C00000000000F92F4541D1331C41DB0FC94000008000FFFF7F7F880D00205E4BD4ED6B
:2018E000429AD4ED467A1B78C5ED059AC5ED067A002B78D037EEE9BA701C85ED07BAC5EDC9
:20190000089A79D0FF23DFED558AC8F854712B74FDF798BEB0EE467A17E4B0EE467A48E4BE
:20192000B0EE467AFFF7E3B8B0EE467A75E4DFED4B7AFDF748BCB0EE467AFFF706B9B0EEC7
:20194000467A9EE4B0EE467AFFF72DB907EE90EADFED436AF8EEE77A06EE10CA67EEA67A99
:20196000B7EE007A37EE497A67EE897AF8EEC68AA0EB0C00B0EE496AA7EE876A06EE900AD6
:20198000F8EEE66AE6EE268AFEF743BFB0EE467AABE407EE90CA29EE495AF8EEE77ADFED8D
:2019A000315AB7EE007AB7EE086AA5EE257A67EE867AF8EE666A67EE897A67EE877AF4EE99
:2019C000E67AF1EE10FAB8BFF0EE667AFFF7FCBAB0EE467AFFF715B9B0EE467AB9E4B0EE22
:2019E000467AFFF73CB939EEE7BAF0EE679A83E7F7EE008AFEF7B0BFD8F85431DFED178A96
:201A00002E74FB1AFDF718BEB4EEE96AF1EE10FA3FF7D2ACB0EE696AC7E4B0EE467AFFF743
:201A20009BBBB0EE467AFFF7CBBBB0EE467AFFF7FBBBD8F85431DFED098A2E74F0EE676A67
:201A4000FB1AFDF7F9BDB0EE467A21E4B0EE467A52E4B0EE467A83E4E07F0020000000008C
:201A6000CDCCCC3DABAAAA3E064B420900F01F0053F8222001238340134214BF01200020FF
:201A8000704700BF148E002038B5744A744D137823F0010313700446D8F7C0FC2B78714A4A
:201AA0000A3B012B106008D845200BF0DFFF0F200BF0DCFF20460BF0D9FF6B4B5A791AB195
:201AC0009B79022B40F08B80684B1B88002B40F09A80674A674B12781B689AB913B11A68B6
:201AE0009B881383644C2378ABB100232370634B1B78002B58D1624B1B6813F0600F00F0A9
:201B0000918038BD002BEDD01A685B4C9B8853832378002BE9D15B4B93F90C100029E6DBFD
:201B2000594A5A4812680068121A5948A0FB0202B1EB921F4FEA92107DD85649564A0D68E1
:201B400019681268013119605968014453485960521B9968A0FB020201EB5211504A996096
:201B6000012010704F4DD8F759FC2B7BABB94E4A136800F5F42101F59071104623B907E0CD
:201B800003F108009B681BB15A68521A002AF7DBAB60012369602B7305602378002BA4D11A
:201BA000364B1B78002BA6D0404B1C6814F48054A1D13F4B1D78E9F765FF00289BD03D4B95
:201BC0003D4A1B781278013303F00303934292D0234614222946FF20E9F774FF8BE72B7868
:201BE0000B2B24D8092B2CD8012B7FF66DAF264B324A1968C2F878110C232B701B4B1B883A
:201C0000002B3FF466AF2E4B5A69002A3FF46AAF2C4A1288002A3FF465AF196800220A6011
:201C20005A745FE7BDE838400420EBF7C5BF0C2B3FF44AAFDBE71A4B1B78002B3FF457AF68
:201C400090E745200BF012FFFF200BF00FFF1E480CF0D2F900200BF009FFC8E7F52500203B
:201C60007CB300205CA00020801500203E250020F8920020F4920020808E0020E07F0020C4
:201C8000982500203CA00020CC130020E8B50020D34D6210ECB50020F0B500201F85EB51B7
:201CA00054A00020140A00205C8C002058240020D0110010980D0020990D0020E8B70020F3
:201CC000402500205825002064F405082DE9F04F2DED0A8B884B894A93F800B0884B12783B
:201CE00099B009921A880E9140F6030313400290C2F3C02100F08A80824B834C0B931D4671
:201D000094F8A231D5F87C5102F40060002B01F0CA80002801F0C483002D01F0C7800B9BA3
:201D200093F88031002B01F0C18002230D93930741F1C580754B764DB3F90020B3F9020037
:201D40009FED747A0495002AB8BF52420028B8BF404293B282B29342B8BF134607EE903A3D
:201D600095F82130F8EEE77A67EE877A002B01F075870B9BD3ED516A93ED527AF0EEE66A35
:201D8000B0EEC77AB4EEE67AF1EE10FAD4ED549A94ED556AB4F8F432A8BFF0EE476A94ED41
:201DA000567A79EEE69A77EE677AD4ED576A94ED587A69EE869A67EEA67ADFED576AF4EEF6
:201DC000C79AF1EE10FAF4EEE67AB8BFF0EE479A94ED537AF1EE10FAB8BFF0EE667A67EE80
:201DE000877A69EEA79ADBB1D4EDBB7AD4EDBC6A39EEE77AE6EE877AF4EEE79AF1EE10FA38
:201E0000C4EDBB7A88BFF0EE679A09E03D4A0D93C2F87C31DFED409A3D4B3B4C0B92049356
:201E20000B9B83F8801194F8E430002B00F0998794F80031D4ED3E6A9FED387A07EE903AF2
:201E4000F8EEE77A67EEA67A27EE877A344B84ED3F7A93F800A0C4ED3E7ABAF12A0F01F09E
:201E60005282304B0F93304F009715ABB7EC018ADFED2E8A2E4DDFF8BC9001939846BAF12E
:201E80003F0F4FF00006A8EC018A20D02846A369B0EE480A984705F14000A36D984705F13C
:201EA0008000D4F8983098470136032E08ED010A05F1140509F104094CD0194BB7EC018A03
:201EC00093F800A0A8EC018ABAF13F0FDED1022E32D099ED000AD4ED017A89ED008A67EEBD
:201EE000A87A30EE480A20EE270A21F0CFFB0F9B23F81600CAE700BFF88E00206C270010A2
:201F0000448F0020E8B700203C160010908F002038720020CDCCCC3D000000007B14AE3E87
:201F2000850D0020880D0020441300100AD7233D581600106CB90020A369AD48B0EE480ADE
:201F40009847AC48A36D9847AB48D4F8983098478DED170A94F8A031002B40F03B8494F8BB
:201F6000B931A64E002B40F06C840D9B022B00F08B84DFF8B4A2DFF8B482A14B0893AAF108
:201F80007C0208F10C03079208F54271AAF164029FED9CBA9FED9CAA984D0692CDF80CA0CF
:201FA000CDF82880C14644464246002705910C969A46049B93F82130002B40F01481079951
:201FC00091ED008ADAED567AF5EE407AF1EE10FA18D08E4901EB870191ED007A78EE476A9A
:201FE000B0EEE66AB4EEE76AF1EE10FA08DDF5EEC06AF1EE10FAD4BF37EE678A37EE278ABD
:2020000081ED008A05980021C155022F94F8701101F06C810D98012800F0848094F84C023C
:20202000002840F08780BBF1010F00F08980009BD3ED007A029B78EE67AA93F85200F0EEE8
:202040006A8A002940F0018195ED019ABBF1010F41F0E580F0EE68AA029B98ED420A93F859
:202060009930D4ED697A2AEE800A002B00F04082022F85ED000A00F09E80BBF1010FD8ED38
:20208000437A94ED666A94ED3F7A00F0A58037EE277AD4ED007A68EEA78AF0EE497AE8EEE4
:2020A000877AF1EE466AF4EEE76AF1EE10FA08DCF4EEC67AF1EE10FA8CBFF0EE466AF0EECE
:2020C000676A534BC5ED016A1988CE0767D5059BDB5D002B63D0F0EE4BBAAAEC018AD8EDC3
:2020E000447AF5EEC07AF1EE10FA40F3F880BBF1010F40F00682022F85ED02BA01F0228209
:20210000444B1978019B3F2903991B680B6001F0A581099B85ED03BA002B00F07E8185ED9B
:2021200001BAFAE0002F00F0498294F84C02002801F03A8100297BD1BBF1010F40F0CC87BE
:20214000012F01F0358194F85F02012824D0DFED326AB6EE007AFEEE007A002B40F00786CA
:202160002E4B03EB870393ED008AB4EEC78AF1EE10FA88BFB0EE478AB4EEE78AF1EE10FAD6
:20218000B8BFB0EE678A022F28EE268A7FF44FAF099B002B3FF44BAF9FED1A8A47E7049BD8
:2021A00093F82130002B40F0A6811D4B03EB8703D3ED00BA91E7D4F8D8301A481092984738
:2021C0000C9B94ED4D7A94ED666A109A83ED0C0ABBF1010F40F0608694ED3F7AD4ED997AAF
:2021E00037EE277A55E7069991ED008AEAE600BF80160010C016001000170010CC1A0010FE
:20220000880D0020000000000AD7A33C84B90020448F0020850D002000004843ECB80020F8
:20222000F8B700201817001078B900203C160010BBF1010F84D0009BD3ED007A029B78EEF5
:2022400067AA93F85200F0EE6A8A0E9BD4F87411591AD4F87C318B4280F29681022801F067
:202260002A81022FD4F8783140F0EE8594ED657AF1EE478AF4EEEA8AF1EE10FA08DCF4EE55
:20228000C7AAF1EE10FA8CBFF0EE478AF0EE6A8A00208B42686080F26586BD4B1B689E07D6
:2022A00040F1DB85DFF810C3BA49BCF90030B1F90C001B1A002BD4F88001B8BF5B429842AA
:2022C0000ADDBCF90230B1F90E105B1A002BB8BF5B428342C0F2C1859FEDAF9ABAE6022F51
:2022E00085ED02BA06D0AD4B1B783F2B02D1089900238B80019B03991B680B60BBF1010F61
:2023000040F0C586099B85ED03BA002B00F08580022F85ED01BA01F04D8100232B60AB6079
:202320002B610C9BD3ED0D7A94F85F32022B01F0A680F5EEC07AF1EE10FA00F1A9859FED11
:20234000967AF4EEC77AF1EE10FA88BFF0EE477A0C99012BC1ED0D7A12D19FED8F7AD1ED3F
:20236000077A81ED007AF4EEC77AF1EE10FAB8BFF0EE477A81ED017A81ED0C7AC1ED077AC6
:20238000022F67D0B0EEC88A28EE0A8AB7EE000AB4EEC08A94ED3E7AF1EE10FAB8BFB0EE69
:2023A000408AC7EE087A012F94ED417A95ED008AA7EE270A20EE088A85ED008A00F07B8651
:2023C000019BD5ED027AD5ED016A95ED037A85ED04BA04330193039B04330393089B0233B9
:2023E0000893079B04330793069B043377EEA67A0693009B77EE877A043300930A9B77EE04
:20240000887A0833C5ED057A013708F1140818350C3209F110090A93CBE50C9BD3ED0D7A28
:2024200094F85F32022B84D19FED5D7AF4EEC77AF1EE10FA01F1FF849FED5A7A0C9BF4EE30
:20244000C77AF1EE10FA88BFF0EE477A022FC3ED0D7A97D10C9ED6ED0D6A96ED0C7AD6EDEC
:202460000E7A94F8683277EE877A96ED0F7A77EEA67A002277EE877A3264DBB194F86932E6
:2024800094ED007A9FED485ADFED486A96ED116A05EE903A27EE055AF8EEE55A27EE267A8C
:2024A000F7EE006AA5EE276AF0EE667AE5EEC77A66EE277A237AC6ED117A002B40F03687EF
:2024C000002333607360B360F36033617361B361F36133627362B362F36233637363B363E7
:2024E000F3633364736419B0BDEC0A8BBDE8F08F20EE270ABCE52E4B03EB8703D3ED00BAA2
:20250000EBE5019B0E9893ED00CA039B94ED017AD3ED008A0B9BD3F87C3178EECC8AC31AC4
:20252000244868EE878A834228EEA79A00F3CD849AED856AF7EE007AB4EEE76AF1EE10FAB7
:2025400000F31884D4ED697A67EE897A022FC5ED027A00F06784114B1B783F2B00F0838763
:20256000039BD8ED457A83ED00CA67EEABBA099BC5ED03BA002B3FF405AF00236B6000230F
:202580002B60AB60EB60FDE695ED019A62E500BF5C7600202C73002000000000850D0020F1
:2025A000000048C2000048420000C84209D7A33D20B9002040420F00908F002084F808036D
:2025C0007A4E0298D6ED007A90F83700F7EE006A86EEA77A07EE900AF8EE677A002B00F048
:2025E000538496ED2F4AD4ED525A99EDA86A99EDAA5AD9EDA96AD9EDA7BA6D4867EEA55A70
:20260000F0EE464A65EE875A0088D5EE844A0605A4EE856A76EE665A89EDA86AE5EE856A05
:2026200036EEEB6AC9EDA96AE6EE05BAC9EDA7BA00F18C8627EE277A27EE087AB1EE67CA8E
:20264000B4EEC7CAF1EE10FA08DCB4EEE77AF1EE10FA8CBFB0EE67CAB0EE47CADFF86CC1C1
:20266000DFF86CE1BCF900C0BEF90CE0D4EDC17A9FED506ADFED506A94ED517AACEB0E0C59
:2026800067EE868A07EE90CAF8EEE77AB0EE680A67EEA6CACDE912327CEE6CAACDE9100129
:2026A0006AEE87AA20F082FDBDEEC07A78EEC07A17EE10CA1CF0010FDDE91001DDE91232A1
:2026C00067EEA76A0CF0020E00F07A84DFED3B7A9FED3B6A9FED3B7AA6EEA76AF7EE007AA3
:2026E000A6EE267AE7EE267ABEF1000F40F0788440F6080C10EA0C0FF1EE678A00F07A842A
:20270000B7EE005AD4EDBE5A8AEDBDCA99EDB47A99EDB66AD9EDB57A99EDB39A7BEEC76A27
:2027200068EEA55A76EEAA6A40F6210CE5EE856A10EA0C0FA6EE867A77EE676A89EDB47A24
:20274000E6EE867A37EEC97AC9EDB57AA7EE069A89EDB39A07D1F7EE007A77EEE97A29EE4A
:20276000899AA7EE889A18480078512800F06B87522840F06F84B2EE048A2CEE080ACDE99F
:202780001132109120F082FF0F9E28EE880A308020F07CFF70802CEE880A20F077FF00B260
:2027A000DDE91013129AF08000F064BC64B80020448F0020600B363CCDCCCC3D762FA7BC4E
:2027C00000D8813ECEE99DBF850D0020908F00202C730020D44B9FEDD57AD4ED007AD44E48
:2027E000D3ED075A93ED086AD6ED0D4A96ED015A67EE877A93ED097A94F8B93167EEA55AAB
:2028000027EE866A67EE877A96ED077AF0EE646AE5EEC76AA4EEA57AF0EE455AE6EEC65A87
:20282000E5EE066AB0EE656AA7EE876AA7EEE57AC6ED0D6A86ED016A86ED077A002B3FF414
:2028400094ABBC4B1B78002B40F0C986BA4B1B78592B7FF48AAB0B9BDFEDB87A93ED030A00
:2028600020EE270A20F012FFB54BDFEDB67A93ED190A0F9C20EE270AA08120F007FF0D9B90
:20288000E081022B7FF475ABDFF8F0A2DFF8F092AD4B0893AAF164020692AAF17C0209F116
:2028A0000C030392DFEDA9AA9FEDA99AA04D0D9609F54272C846CDF828904C46CDF83090A2
:2028C000002705921E46049B93F82120002A00F06C86069B93ED00AAD6ED567AF5EE407A64
:2028E000F1EE10FA18D09B4B03EB8703D3ED006A3AEE667AB0EEC76AF4EEC67AF1EE10FA9D
:2029000008D5B5EEC07AF1EE10FACCBF37EEA6AA36EEE7AA83ED00AA05980023C355022F3C
:2029200094F87031079301F0D5838B4B0121C15503EB8701D1ED007A029991F83710F7EE7B
:20294000006A86EEA77A07EE901AB900F8EE677A10910B44002A01F0138293ED2F4AD4EDFF
:20296000525A98EDA86A98EDAA5AD8EDA96AD8EDA7BA7A4B67EEA55AF0EE464A65EE875AD2
:202980001B88D4EE254A1905A5EE246A76EE665A88EDA86AE5EE256A36EEEB6AC8EDA96AD6
:2029A000E5EE06BAC8EDA7BA01F1DB8127EE877A27EE0A7AF1EE67CAF4EEC7CAF1EE10FA05
:2029C00008DCF4EEC77AF1EE10FA8CBFF0EE47CAF0EE67CA62496348DFED636A30F917C0CF
:2029E00031F91700DFED617A94ED517A1191CDE91223A0EB0C030BEE103A87F00100C0B24F
:202A000004EB8000B8EECBBAD0EDC08A2BEE26BA68EEA78A3CEECBCAB0EE680A2CEE07CADB
:202A200020F0C4FBBDEEC07A78EEC08A17EE100A10F0010FDDE9122368EEA87A484900F00F
:202A4000020C00F09E859FED4A6ADFED4A6A9FED4A7AE7EE866AF7EE008AA6EEA77AE7EE87
:202A6000278ABCF1000F40F09C850FB9F1EE688A40F60800034208BF94EDBF5AD4EDBE5A42
:202A8000C6EDBDCA98EDB47A98EDB66AD8EDB57A98EDB38A7BEEC76A68EEA55A76EE8C6AA5
:202AA00018BFB7EE005AE5EE856A40F621000342A6EE267A77EE676A88EDB47AE6EE267A61
:202AC00037EEC87AC8EDB57AA6EE078A88EDB38A07D1F7EE007A77EEE97A29EE888AA7EE17
:202AE0008A8A002F40F0EC8513480078512801F0A982522840F0E485B2EE04AA2CEE8A0A7B
:202B0000CDE9112320F0C2FD0F9B28EE8A0A188020F0BCFD0F9B2BEE0A0A588020F0B6FDD5
:202B2000DDE9112301B231E02813001035FA8E3CCC1A0010F98E0020850D00200000C8423A
:202B40008C19001000007A44880D0020000000000AD7A33C84B9002064B80020448F002001
:202B6000908F002038730020CDCCCC3D600B363C762FA7BC00D8813ECEE99DBF78B90020C9
:202B80003C160010FFFFF9436F12033B0F98C18094F84C12002901F0E4830799002941F08D
:202BA0007A84BBF1010F00F0AD8540F62B021A4067D1B5EEC08AF1EE10FAD6F8443294EDA9
:202BC0008F7AB5EEC0BACCBF01204FF0FF30F7EE007AF1EE10FABFEE006AF0EECB6A0790AC
:202BE000D8BFF0EE467ACCBF01214FF0FF31002B01F08E84834201F0BF85F4EEC76AF1EE6A
:202C000010FAC6F8442201F38984009B1FED236AD3ED007AD4ED905AF0EEE76AF4EEC66A2B
:202C2000F1EE10FAD8BF1FED286A67EEA57AD4BF66EE866AF7EE006AF0EE4B8AE6EEA78A24
:202C4000B7EE006AF5EEC08AF0EEE87AF1EE10FAFFEE005AF4EEC77AD8BFB0EE656ACCBF16
:202C600001234FF0FF33F1EE10FA03DD079A9A4201F0AC850023079394F844329F4201F0C6
:202C80008484009B95ED01AAD3ED007A78EE678AB0EE68BA0A9B93ED707A93ED716A78EE43
:202CA000476AA6EE267A83ED707A94F8D831002B00F06485022F04D1022B02D0042B40F0D8
:202CC0005D85CE4ADFEDCE5A12889FEDCE6A38EE470A12F0010FF2EE006A08BFF0EE656A61
:202CE000B0EEC00AC0EE265AF7EE00BA7BEEE5BAF4EEC6BAF1EE10FAB4EEC6AAB8BFF0EEE5
:202D000046BAF1EE10FA41F34883B4EEC6BAF1EE10FA01F14A8394F8D931012B01F02484A6
:202D2000002B01F0D0849FEDB7BA002F40F02685B54B1B78252B40F0218520F0A7FC9FED24
:202D4000B30A0F9B2BEE800A188020F09FFC0F9BB0EE4B0A588020F099FC0F9B988000F05A
:202D60000DBD9FEDA87AF0EE477AFFF76FB8A84BFFF7F7B992ED787AD2ED796A92ED770A73
:202D8000A14B78EEC78AF0EEEBAAA8EEA67A1B7877EE405A82ED787AA5EEA60AD2ED816A87
:202DA00082ED770A94ED8D5A94ED8E7AB0EEC00A20EE050A6AEE87AA76EE675AF4EEC0AAB3
:202DC000F1EE10FA77EEE67AB4BFB0EE407AB0EE6A7AE5EE877AD2ED825A92ED807AE7EE3B
:202DE000A56AF0EE477A36EEC75AC2ED816AE5EE257AF4EEC67AF1EE10FA8CBFF0EE468AD0
:202E0000F0EE678A2F2BC2ED807A00F0688329EE289AD4ED697A67EE897A022FC5ED027AD1
:202E20007FF499ABD4ED4F7A0C9E67EEAB7A0B9A179BC2F89831099BC6ED0F7A002B3FF415
:202E40000AAB00236B6032E172480068800769D400208B42686080F285806F4B1B8800212C
:202E600084F87011002B41F04F816C4B19786C4B1B68002941F0328013B119689B880B83A5
:202E80009FED609AFFF7E2B816ED1B4AFFF7ABBBDFED5C7AFFF75CBA002394ED676AC4F879
:202EA000FC30FFF7F6B8002D40F0008302230D930B9B0E98C3F87C0193073EF53BAF594BBE
:202EC000DFED509A0493FEF7ABBF029B93F8523013B908057FF52CAB5349097800297FF4BF
:202EE00027AB524994F87001097811F0010141F0CB8100283FF41CAB474B84F870111B8813
:202F0000002B41F0F583454B1978454B1B68002901F02E83002B3FF40BAB19689B884B8358
:202F2000FFF706BB4248DFF824C130F9170094ED517ADFED406A4FF0000EC5F804E03CF96F
:202F400017E0A0EB0E0008EE100A27EE267AB8EEC88A8B4228EE078A78EE67AAF0EE6A8A67
:202F6000FFF6A2A9344BD3ED0D6AB7EE007AF4EEC76AF1EE10FA7FF5AFA9304BD4ED616A6D
:202F800093ED077AB0EEC77AF4EEC76AF1EE10FA7FF7A2A993ED087AB0EEC77AB4EEE67AB1
:202FA000F1EE10FA7FF598A993ED097AB0EEC77AB4EEE67AF1EE10FA3FF56FA9FFF78CB91F
:202FC000DFED1F5A9FED1F6A9FED1F7AA6EEA56AA6EE267A67EE277ABEF1000F3FF488AB81
:202FE00040F6080CF1EE677A10EA0C0FF1EE678A7FF486AB94EDBF5AFFF784BB448F00207C
:203000000000204200000000850D00200000C8422CB900205C7600203E250020F89200206E
:20302000F49200203872002060270010F525002038730020CDCCCC3D7827001028130010E8
:203040004AD99E3DA04B25BF8E0FC93F908F00200000000053280DD1B2EE040A2CEE800A14
:20306000CDE91132109120F011FB089B129A1880DDE9101394F84C02002840F0E885BBF17F
:20308000010F3FF460A8B0EE498AFEF7D0BFD8ED457A099B67EEABBAC5ED03BA002B3FF441
:2030A0006FA90023022F6B607FF469AA0C9E5FED186AFFF7D2B9AD4B1B782A2B7FF480A9DE
:2030C000DFEDAB7A109220EE270A20F0DFFA0F9B109AD880FFF774B9A64B1B8840F62B0071
:2030E000184240F09380DFF8B0C2A3483CF9173030F917009FEDA16A94ED8F7A1B1A00EEFF
:20310000103AB8EEC00AB5EEC08A20EE060AF1EE10FADAF84432B5EEC00ACCBF01204FF061
:20312000FF30F7EE007AF1EE10FAFFEE006A1090B0EEC06AD8BFF0EE667ACCBF01204FF019
:20314000FF30002B40F0DA86B4EEC67AF1EE10FA00F1E086009B9FED8A6AD3ED007AF0EE30
:20316000E76AF4EEC66AF1EE10FA41F30081F7EE006AD4ED905A67EEA57AF0EE408AE7EE63
:20318000A68AB7EE006AF5EEC08AF0EEE87AF1EE10FAFFEE005AF4EEC77AD8BFB0EE656A2C
:2031A000CCBF01234FF0FF33F1EE10FA03DD10998B4201F011820023109394F84432BB4267
:2031C00024D16A4B1B78262B20D1B2EE049A20EE090A129220F05AFAB0EE480A119020F068
:2031E00055FA28EE890A064620F050FA119A00210B4662F30F01109A66F30F0362F31F41E5
:203200000F9A60F31F43C2E90013129A009B95ED019AD3ED007A78EE67AAF0EE6A8A0A9B06
:2032200093ED707AD3ED716A38EE476AA6EE267A83ED707A94F8D831002B3EF40DAF022F45
:2032400004D1022B02D0042B7EF406AF4949DFED4D5A09889FED4C6A38EE470A11F0010FE4
:20326000F2EE006A08BFF0EE656AB0EEC00AC0EE265AF7EE00BA7BEEE5BAF4EEC6BAF1EE12
:2032800010FAB4EEC69AB8BFF0EE46BAF1EE10FA40F3D685F5EEC08AF1EE10FA00F1D885F2
:2032A00094F8D931012B00F07087002B00F0B586DFED358A002F7EF4CFAE2C4B1B78252B0C
:2032C0007EF4CAAE109220F0E1F99FED300A0F9E2BEE800A308020F0D9F9B0EE680A7080D0
:2032E00020F0D4F9109AB080FEF7B6BEBBF1010F7EF44EAF94F85F0201287EF428AF9FED98
:20330000228AFEF745BF94ED486A9FED190AC7EE067AF7EE006A77EEA67A27EE800A20F06E
:20332000B5F91B4B0F939880FEF79DBD194B1B78002B7FF4C5A894F8A131002B3FF4D3A837
:2033400000237360F3617363FFF7CDB8DFF84CC0DFED0DBA9CF81360DFF844C007EE906A8B
:203360009CED007AF8EE677AFFF768B9850D002000007A44448F002038730020CDCCCC3D9C
:20338000FFFFF94300002042000000000000C842880D002060270010908F0020A08F0020AD
:2033A0009029002000004843BBF1010F7EF43FAE002B71D10B9B93ED428A1FED067A94F817
:2033C0006032F6EE007AB4EEE78AF1EE10FA88BFB0EE678AFEEE007AB4EEE78AF1EE10FAC9
:2033E000B8BFB0EE678A28EE078A002B3EF41FAEB5EEC08AF1EE10FA7EF719AEDFF8BCC28F
:203400009C48DFED9D6AB0F90E0007EE903ABCF902301B1A07EE103AB8EEC77AF8EEE77AF6
:2034200027EE267AF4EEC77AF1EE10FA7EF6B4AE77EEC77AB2EE047AF4EEC77AF1EE10FA25
:203440003EF6F5ADB1EE047A67EEA67A78EE476AA7EEA67AB0EE478AFEF7E9BD089900236A
:203460008B80FEF74FBFB2EE040A29EE000A109220F00CF9089B109A9880FFF771B89FEDA8
:203480007F7AF4EEC77AF1EE10FA7EF5D5AF0C9B83ED0D7AFEF776BF0B9B93ED528A8CE7F3
:2034A00001230D93002D3FF403AD05E500283EF43CACFEF734BC724B1B88002B40F04D8699
:2034C000704B1878704B1B68002800F00F85002B3EF4C7AE18689B880383FEF7C2BE6B4B91
:2034E000D3F8EC32BB427FF492ACDFED69CA129220EE2C0A20F0CAF82AEEAC0A119020F0FD
:20350000C5F8DFED647A98ED440A109020EE270A20EE280A20F0BAF828EEAC0A064620F068
:20352000B5F8119A00210B4662F30F01109A66F30F0362F31F410F9A60F31F43C2E9001376
:20354000129A64E40B98179B0C99C0F89831099B81ED0FBA002B40F08A8394F85F32D1EDDE
:203560000D7A022B7EF4E5AE9FED447AF4EEC77AF1EE10FA7EF560AF0E4681ED0D7AFEF77C
:203580006ABF9FED456ADFED456A9FED457AE7EE866AA6EEA77A68EE878ABCF1000F3FF431
:2035A00064AAF1EE688AFFF760BA039B93ED00AAFFF792B90C9BD3ED0D7A94F85F32022BDB
:2035C0007EF4B7AE9FED2D7AF4EEC77AF1EE10FA7EF532AF0C9E86ED0D7AFEF73CBF0B9B47
:2035E000DFED307A93ED037AB4EEE77AF1EE10FA7FF52CA92C4B93ED0B7AB4EEE77AF1EEC5
:2036000010FA7FF523A9294BD4ED6F7A93ED197AB4EEE77AF1EE10FA7FF718A92449254A30
:203620000B6843F000530B601378DF077FF50EA92149097811B943F0020313700920FEF7FC
:2036400023FAFFF703B9B2EE048A2CEE080ACDE91132109120F01AF80F9E2AEE880A30807E
:2036600020F014F82BEE880A708020F00FF8B080FFF791B82C730020CDCCCC3D000048C2A2
:203680003E250020F8920020F4920020281300100000C8422FAF93464AD99E3DA04B25BF7E
:2036A0008E0FC93FCDCC4C3D782700108C19001098250020F5250020808E0020908F00205B
:2036C000A748007853280DD1B2EE040A2BEE000ACDE9123111921FF0D9FF089B13991880EF
:2036E000DDE9112394F84C02002800F032820798002840F04181BBF1010F7FF456AA012F12
:2037000000F0428394F85F32012B00F07C82DFED956AB6EE007AFEEE007A002A00F095823D
:20372000914B109A134493ED008AB4EEC78AF1EE10FA88BFB0EE478AB4EEE78AF1EE10FA14
:20374000B8BFB0EE678A022F28EE268A00F05782009BD3ED007A029B78EE678A93F85210ED
:20376000079BB0EE68BA002B40F0148195ED01AABBF1010F7FF48EAAF0EE4B8A029B99ED8D
:20378000420A93F89930D4ED697A28EE800A0BB920EE270A022F85ED000A00F01982BBF15E
:2037A000010FD9ED437A94ED666A94ED3F7A03D1D4ED997A94ED3F7A77EE877A94ED007AA8
:2037C0002BEE077AF0EE4A5AE7EE275AF1EE466AF4EEE65AF1EE10FA08D4F4EEC65AF1EE20
:2037E00010FA8CBFF0EE466AF0EE656A5F4BC5ED016A1A88D10740F1A780059BDB5D002B9D
:2038000000F0A280B0EE6ABAA6EC018AD9ED447AF5EEC07AF1EE10FA40F34581BBF1010F78
:2038200000F0A281019B9AED00AA93ED00CA0B9B0E99D3F87C3194ED017A3AEE4CAACB1A9A
:203840004B492AEE07AA8B4267EE8ABA00F30583D6ED858AF7EE007AF4EEE78AF1EE10FABD
:2038600000F33082D4ED697A67EEAB7A022FC5ED027A00F058843A4B1B783F2B07D1B2EE60
:20388000040A2BEE800A1FF001FF089B9880D9ED457A099B8AED00CA27EE8BBA85ED03BABA
:2038A0002BB100236B6000232B60AB60EB60B0EEC88A28EE098AB7EE000AB4EEC08AD4ED45
:2038C0003E7AF1EE10FAB8BFB0EE408A87EE887A012FD4ED417A95ED008AA7EE270A20EE65
:2038E000088A85ED008A00F0A281019BD5ED017AD5ED026A95ED037AC5ED04AA04330193F6
:20390000089B023308930C9B0C330C93069B04330693039B043377EEA67A03930A9B77EE44
:20392000877A08330A93009B77EE887A0433C5ED057A013709F1140918350AF1040A00930C
:2039400008F11008FEF7BFBF049B93F82130002B00F00481074B03EB870393ED00BA53E78A
:20396000850D0020000048432CB90020448F002040420F0020B90020BBF1010F3FF4BFAE2C
:20398000009BD3ED007A029B78EE678A93F85210B0EE68BA0E9BD4F874219A1AD4F87C317A
:2039A0009A4240F31281022900F05584022FD4F8783147D194ED657AB1EE47BAB4EEE8BA6F
:2039C000F1EE10FA08DCF4EEC78AF1EE10FA8CBFB0EE47BAB0EE68BA00219A42696054DD5D
:2039E000A74B1B68980717D5A649A74AB1F90030B2F90C001B1A002BD4F88001B8BF5B4295
:203A000083424DDAB1F90230B2F90E209B1A002BB8BF5B42984243DD9C4B1B88002284F8EF
:203A20007021002B40F03D85994B1A78994B1B68002A40F0458513B11A689B8813839FED4C
:203A400096AA95E68E490968890740F18982934994ED517A31F917008A49DFED916A4FF055
:203A6000000CC5F804C031F917C0A0EB0C0008EE100A27EE267AB8EEC88A9A4228EE078AE1
:203A800078EE678AB0EE68BAAFDC864BD3ED0D6AB7EE007AF4EEC76AF1EE10FA00F1698285
:203AA0009FED7DAA68E6022FC5ED02AA06D07E4B1B783F2B02D1089A00239380019BBBF1E7
:203AC000010F1B68CAF8003040F0A080099BC5ED03AA002B5DD0022FC5ED01AA00F0E981CE
:203AE00000232B60AB602B610D9BD3ED0D7A94F85F32022B00F04D83F5EEC07AF1EE10FA82
:203B000000F196819FED647AF4EEC77AF1EE10FA88BFF0EE477A0D9A012BC2ED0D7A12D155
:203B20009FED5D7AD2ED077A82ED007AF4EEC77AF1EE10FAB8BFF0EE477A82ED017A82ED7E
:203B40000C7AC2ED077A022F7FF4B1AE0D9EFEF782BCBBF1010F3FF4D2ADF9E5534B03EBF6
:203B6000870393ED00BA4FE6022FC5ED02AA00F0E1824D4B019A1B781268CAF800203F2BDE
:203B800000F0A482099BC5ED03AA13B1C5ED01AAA6E70D9BD3ED0D7A94F85F32022BABD1A9
:203BA0009FED437AF4EEC77AF1EE10FA00F102849FED407A0D9BF4EEC77AF1EE10FA88BFF8
:203BC000F0EE477AC3ED0D7ABDE795ED01AAD3E5D4F8D830384898470D9BD4ED4D7A94EDA2
:203BE000666A83ED0C0ABBF1010F3FF4E1AD002394ED676AC4F8FC30E0E59FED278A099BEF
:203C0000002B3FF4A5AD9FED248AA1E5D9ED457A099B27EE8BBA85ED03BA002B93D00023D1
:203C2000022F6B607FF43FAE0D9EFFF740BA1E4B1B782A2B7FF459AEDFED207A20EE270A1D
:203C40001FF024FD0F9BD8804FE61D4B69E5B0EE498A00293EF470AAFEF7EABA0B9BD3ED62
:203C6000416A93ED427AF0EEE66AFEF789B894F85F32022B00F00383DFED077AFEF75FBBDD
:203C80005C760020908F00202C7300203E250020F8920020F4920020000000003873002096
:203CA000CDCCCC3D78270010850D0020F8B70020000048C2000048421817001000007A44A1
:203CC000ECB800200C9B93ED787AD3ED796A93ED770A3AEE47AAA6EE8A7AB0EECBAA37EE7A
:203CE000406A83ED787AA6EE860AD3ED816A83ED770AD4ED8D5A94ED8E7AB0EEC00A20EE51
:203D0000250A2AEE07AA38EEE76AB4EECA0AF1EE10FA77EEE67AB4BFB0EE4A7AB0EE407AE3
:203D2000E6EE077A93ED826A93ED807AE6EE276AF0EE477A76EEC75AC3ED816AE6EE257AB1
:203D4000C3ED807ACF4BF4EEE78A1B78F1EE10FA88BFF0EE678A2F2B00F02D816BEEA8BA07
:203D600080E5C9491098C97CDFEDC8BA07EE901AC7490144F8EE677A91ED007AFEF71ABE11
:203D800013ED1B4AFEF7EBBD0B9B002A00F0EE8093ED528A9FEDBF7A94F86032F6EE007A56
:203DA000B4EEE78AF1EE10FA88BFB0EE678AFEEE007AB4EEE78AF1EE10FAB8BFB0EE678AC9
:203DC00028EE078A002B3FF4C3ACB5EEC08AF1EE10FA7FF7BDACB04ADFEDB06AB2F90E2001
:203DE00007EE903AB1F902309B1A07EE103AB8EEC77AF8EEE77A27EE267AB4EEE77AF1EE6F
:203E000010FABFF600AF77EEC77AB2EE047AF4EEC77AF1EE10FA3FF69BACB1EE047A67EE76
:203E2000A67A78EE476AA7EEA67AB0EE478A8FE4DFED967A6FE60C9B83ED0D7AFEF7A0BA96
:203E40007FF52EAAF5EEC08AF1EE10FA7FF728AA022B7FF625AAFFF72DBA029B93F85230C0
:203E600013B912057FF5F4AC8D4A1278002A7FF4EFAC8C4A117894F8702111F0010140F003
:203E8000B683002A3FF4E4AC874B84F870111B88002B40F00984854B1A78854B1B68002AC3
:203EA00040F08884002B3FF4D3AC1A689B881383CEE40D9BD3ED0D7A94F85F32022B7FF450
:203EC0001BAE9FED7C7AF4EEC77AF1EE10FA7FF56FAE0D9E86ED0D7AFEF7BDBA002B3EF48C
:203EE000CFAF19689B884B83FEF7CABF002B3EF4B8A918689B884383FEF7B3B9109EB34229
:203F000000F05D82B4EEC67AF1EE10FACAF844127FF520A9109B98427FF41CA9B0EE408A8D
:203F200097EE278AD4ED926A9FED637ADFED637ADFED568ACAF8443228EE268AB4EEC78ADF
:203F4000F1EE10FA88BFB0EE478AB4EEE78AF1EE10FAB8BFB0EE678A00236B60FFF72DB9F6
:203F600000219A4269603FF757AD8EE593ED428A10E7534BD4ED616A93ED077AB0EEC77A81
:203F8000B4EEE67AF1EE10FA7FF58AAD93ED087AB0EEC77AF4EEC76AF1EE10FA7FF780AD0B
:203FA00093ED097AB0EEC77AF4EEC76AF1EE10FA7FF776AD14E5424BD3F8EC329F427FF4C7
:203FC000CDAEDFED40CA20EE2C0A1FF05FFB2AEE2C0A07901FF05AFBDFED3B7A99ED440A45
:203FE000119020EE270A20EE280A1FF04FFB28EEAC0A10901FF04AFB109B0022114663F30E
:204000000F01079B63F30F02119B63F31F420F9B60F31F41C3E90021A0E637EE677AF0EE90
:20402000C77AF4EEC07AF1EE10FA3FF541A9B5EEC07AF1EE10FAB4BF77EE008A77EE408AC5
:20404000FFF738B9F2EE048A2CEEA80ACDE911231FF01CFB0F9B2CEE280A18801FF016FB81
:204060000F9B2BEEA80A58801FF010FB0F9B2BEE280A98801FF00AFBDDE9112301B2FEF716
:2040800085BD00BF850D0020A08F00200000000090290020000048432C730020CDCCCC3D59
:2040A00060270010F52500203E250020F8920020F4920020000048C200007A4400007AC456
:2040C000281300100000C8422FAF9346089A00239380FBE4C94B1B88180567D4D4EDBF6A24
:2040E000F5EE406AF1EE10FA62D1B0EE4A8ABBF1010F7FF484AD94F85F32012B3FF47DAD9F
:2041000008231093FFF703BBBD484369002B3EF4B7AEBC4B1B88002B3EF4B2AE036819605F
:204120004174FEF7ADBED4ED4F7A0D9E67EE8B7AFEF77DBE0D9B0B9AC3ED0FAA179BC2F889
:204140009831099B002B3FF4B4AE94F85F32022B00F01682DFEDAC7AD4E4A9484369002BEE
:204160003EF47FA8A74B1B88002B3EF47AA8A749B1FBF3F1036849101960D4F874110E9B1B
:20418000591A01234374FEF76CB868EEAB8AFFF791B89FED9F7AF4EEC77AF1EE10FA7FF5C9
:2041A00007AD0D9B83ED0D7AFFF781BBF7EE006AD4EDC07A94EDC17A9FED966A1092B0EEA8
:2041C000C77AF0EEE77AF4EEC77AF1EE10FAB8BFF0EE477A67EE867A13F0020F67EEA67A5F
:2041E000B7EE008A0CBFB0EE487AB0EE697A67EE878A84EDBEAAB0EE680A1EF0D7FFFDEEC6
:20420000C06A78EEC07A16EE903A13F0010F27EEA77A109A03F0020100F0AF809FED7E6A8A
:20422000DFED7E6A9FED7E8AE7EE066AA7EE268A27EE888A09B9B1EE488A7A4B1B78522B7D
:2042400028EE0A8A7FF453AFFDEEC87A0F9917EE903A8B804BE7744B1B88002B40F04081E0
:20426000724B1978724B1B68002940F03181002B3FF49CAB19689B884B83FFF797BB0E46F2
:2042800081ED0DBAFEF7E7B86A4991ED0D7AF7EE007AB4EEE77AF1EE10FAC0F2E380002815
:2042A00040F0E58094ED637AF0EEE87AB4EEE77AF1EE10FA7EF53CA994ED627AF0EEEA7AE8
:2042C000B4EEE77AF1EE10FA7EF532A9049991F82110002900F085820699D1ED007A94EDD5
:2042E000647AF0EEE77AB4EEE77AF1EE10FA7EF71FA9032B00F0AC800E9BC4F87431D4F858
:204300007C310121002B84F870117EF711A9049B93F82130002B00F05582069BD3ED007A2F
:2043200094ED647AF0EEE77AB4EEE77AF1EE10FA7EF5FEA83C4B1B88002084F87001002B78
:204340003EF4E1AD2E494B69002B3EF4F1A82D4B1B88002B3EF4ECA80B6818604874FEF7D4
:20436000E7B8BBF1010F3FF4CDA9FFF7F1B99FED326A66EE866AFEF7FCBE9FED306ADFED8C
:20438000306ADFED307AE7EE066AE7EE267AA7EE278A00293FF451AF4DE77EF5BCACB5EEFF
:2043A000C0BAF1EE10FA7EF7B6AC022B3EF6BDACFEF7B1BC0D9B83ED0D7AFFF7C4BBB0EEE5
:2043C000408A97EE278AD4ED926A9FED1F7ADFED1F7ADFED0D8A28EE268AB4EEC78AF1EE9B
:2043E00010FA88BFB0EE478AB4EEE78AF1EE10FAB8BFB0EE678AFEF7E0BE00BF448F0020B6
:2044000040250020582500200000000040420F00000048C2600B363C4AD99E3DA04B25BF35
:204420008E0FC93F850D00203E250020F8920020F4920020782700106F12033B762FA7BCDC
:2044400000D8813ECEE99DBF00007A4400007AC4BF4910920B68052043F040030B60F3F7A9
:2044600055FD109A94F87031002B3EF461A80E99D4F87431CB1AD4F87C1199427EF758A807
:20448000D4ED627AF0EEEAAAF4EEEA7AF1EE10FA3FF750AF3BE7BBF1010F3FF433A9FFF7C6
:2044A0006FBAAC494B69002B3FF4C9AAAA4B1B88002B3FF4C4AA0B681A604A74FFF7BFBADB
:2044C000002B3FF4BCAA1A689B885383FFF7B7BA002B3FF46BAA19689B880B83FFF766BA7B
:2044E0009C494B69002B3FF461AA9B4B188800283FF45CAA0B68994AB2FBF0F252101A6012
:20450000D4F874210E9B9A1A01234B74FFF74EBAF4EEC76AF1EE10FA7EF777AB03468B4253
:204520007EF473ABB0EE4B8A97EE878AD4ED926A9FED8E7ADFED8E7ADFED8E8AC6F84432A5
:2045400028EE268AB4EEC78AF1EE10FA88BFB0EE478AB4EEE78AF1EE10FAB8BFB0EE678A01
:2045600000236B60FEF788BB2BEE2BBAFEF7DDBB002B3DF4DDAF19689B880B83FDF7D8BFE5
:204580000D9EC6ED0DAAFDF766BF754B1B78262B7EF477ABB2EE04AA2BEE0A0A1FF076F8BD
:2045A000B0EE480A11901FF071F828EE8A0A10901FF06CF8109B0022114663F30F01119BFF
:2045C00063F30F02079B63F31F420F9B60F31F41C3E90021FEF755BBB0EE688A96EE078A47
:2045E00000231093D4ED927A28EE278AB4E45D4991ED0D7AF7EE007AB4EEE77AF1EE10FAD3
:20460000C0F28D80002A40F08F80D4ED637AB0EECA7AB4EEE77AF1EE10FA7FF719A9D4ED0D
:20462000627AB0EEE87AB4EEE77AF1EE10FA7FF70FA9049A92F82120002A00F0DA80069A07
:20464000D2ED007A94ED647AF0EEE77AF4EEC77AF1EE10FA7FF5FCA8032B58D00E9BC4F8A4
:204660007431D4F87C310122002B84F870217FF7EFA8049B93F82130002B00F0B680069B47
:20468000D3ED007A94ED647AF0EEE77AF4EEC77AF1EE10FA7FF7DCA8334B1B88002184F87E
:2046A0007011002B3FF4F7AB2A4A5369002B3FF4CFA8294B1B88002B3FF4CAA81368196099
:2046C0005174FFF7C5B837EE677AF0EEC77AB4EEE70AF1EE10FA3EF726ABB5EEC07AF1EE3F
:2046E00010FAACBF37EE40BA30EE07BAFEF71DBB18484369002B3DF41BAF174B1B88002B18
:204700003DF416AF036819604174FDF711BF104A1368052043F040031360F3F7F7FB94F8FB
:204720007031002B3FF494A80E9AD4F87431D31AD4F87C219342BFF68BA8D4ED627AF0EE97
:20474000E88AF4EEE78AF1EE10FAA5D491E700BF98250020402500205825002040420F006B
:20476000850D0020782700103E25002000007A4400007AC400000000B0EE4B8A97EE878A50
:20478000D4ED926A1FED077A5FED077A5FED078A28EE268AB4EEC78AF1EE10FA88BFB0EE9E
:2047A000478AB4EEE78AF1EE10FAB8BFB0EE678AFEF762BA002B3FF44BA81A689B88538349
:2047C000FFF746B8079BD3ED007AA9E5B0EE688A96EE078A00230793D4ED927A28EE278A85
:2047E000BEE60799D1ED007A79E5039BD3ED007A48E7039AD2ED007A24E700BF2DE9F047EB
:20480000CC4BDFEDCD7A1E68DFEDCC4A2DED108B337809EE903AB37F09EE103A7378F8EEA1
:20482000E99A07EE103A69EEA78AB7EE008AB8EEC77AC34BB8EEC99A78EE88BAF0EE48AA89
:20484000E7EE27AA1A785B7829EE279AB6EE005A6BEE857A06EE103AF0EE006A79EE485A90
:2048600007EE102AE7EEE6BAB64B65EEAA5ADFEDB66AB8EEC66AB8EEC77AB0EE48AAA5EE70
:2048800085AA36EEC77A76EEC66A9FEDB06A83ED017AF0EEEB5A77EEE87AF4EEC65AF1EE94
:2048A00010FA84EEA9BA37EEA7DA3AEE0AAA6AEE89AAC3ED006A00F19180C5EE2BEAA44D37
:2048C0000024F1EE007A2DEE0DEA6BEEA7BA9FEDA1CADFEDA1DADFEDA1CAB1EE6EFA07EE1E
:2048E000904AF8EEE77A67EE8C7AF4EEE78AF1EE10FA4DDA77EEE87AB0EE4E7AABEEA77AF2
:20490000B5EEC07AF1EE10FA65DBB1EEC70A70EE4D7A3DEE000A67EEAE7A20EE0F0AF5EE40
:20492000C07AF1EE10FA05DBF4EEC87AF1EE10FA40F28281B5EEC00AF1EE10FA4BD4B4EE1B
:20494000C80AF1EE10FA88BFB0EE480A78EE407AB0EE407AAAEE277A67EEA77A20EE070A1F
:20496000A9EE270A30EE080A20EE2C0A1EF08EFE01340C2C25F8020BB1D1B378013B032BB3
:2049800000F2B081DFE813F0EC004F0155015201F4EEED9AF1EE10FA1ADD6BEE277AF5EE1F
:2049A000C07AF1EE10FA13D4F4EEC87AF1EE10FA88BFF0EE487A78EE676A29EE277AB0EE6C
:2049C000480AA6EEAA7AA7EE270A20EE2C0ACDE7B0EE6C0ACAE7B0EE490AC3E7B0EECDDA6A
:2049E000B4EEC6DAF1EE10FA42DC39EE08AA9FED5BCA574DDFED57BADFED57CA2AEE0CAAA8
:204A000000241EE0F5EEC07AF1EE10FAF4EEC87A2BD4F1EE10FA88BFF0EE487A78EE676A44
:204A200029EE277AB0EE480AAAEEA67AA7EE870A20EE0C0A1EF02AFE01340C2C25F8020BFF
:204A40009BD007EE904AF8EEE77AB0EE4A0A67EEAB7AF4EEE78AF1EE10FAEBDBF4EEEC9AFF
:204A6000F1EE10FA6BEE277ACCDCB0EE4C0AE1E785EE27DA364D0024DFED36BA9FED37CA8B
:204A8000DFED35CA28E0F4EEEC9AF1EE10FA40F307816BEE277AF5EEC07AF1EE10FA00F146
:204AA000FF80F4EEC87AF1EE10FA88BFF0EE487A78EE676A29EE277AAAEEA67AF0EE486A4C
:204AC000E7EE876A26EE8C0A1EF0E0FD01340C2C25F8020B3FF451AF07EE904AF8EEE77A9B
:204AE00067EEAB7AF4EEE78AF1EE10FACBDA77EEE87A67EE8D7AF5EEC07AF1EE10FA00F141
:204B0000EE80F4EEC87AF1EE10FA88BFF0EE487A38EE677AF0EE676AEAEE076A27EE077A9E
:204B200027EEA60AA9EE070A30EE080A20EE0C0ACAE700BF307200200AD7233C0000C84238
:204B4000088D0020880A00200000FA43BD3786351C8F00208C2EBA3D18B7D13800007A44F0
:204B6000DFF8ACA1614A9FED626A92F8253092F82410604C9FED608AC4F810A106EE903A24
:204B800092F8263007EE103AF8EEE66AB8EEC77AF7EE007AF0EE675AE6EE865A574BE7EEB0
:204BA000067A83F8961092F82210A3F89210B7EE087A87EE256A92F82310528CA3F8941056
:204BC000A3F8902004F17C0904F59C7804F1100704F12C050026C7EE276A83ED266AC3EDB5
:204BE000276A18F0CDFB464B84ED488A93F87032A4F8283184ED498AF7EE000AB0EE600A23
:204C00003046D047B4F82821A9EC010AA8EC018AA7EC018A82BB0136032E05F1200518D08D
:204C2000D4F810A1E8E7DFF8ECA09BE7DFF8E8A098E7DFF8E8A095E738EE677AB0EE670A74
:204C4000AAEE070A27EE077A27EE800AA7EE090A88E62C4BD4ED217A5A7D012A3CD0022A53
:204C600021D040F29E730022BDEC108B2648274902700B60BDE8F08701324FF0000A92B203
:204C800025F80E2C45F8085C920005ED038A25F810AC514628461FF09FFF05F804ACBAE732
:204CA000B0EE4C0A10E7FDEEE77A17EE903A002B1A46B8BFDA1C9210C82AACBF9B18C83349
:204CC00040F29E729342A8BF1346B3F5FA7FB8BF4FF4FA730122C7E7B3F91630C4E7B0EEA9
:204CE000490A21E7DFF838A03CE700BF38720020CDCCCC3DE8B7002000000000F81900107C
:204D00003C1600100C720020682700107027001039DE0208A1DE020809E002088DDF02083A
:204D200069DD0208164B174A1B6892ED037ADA040DD4154B9B8A07EE903AF8EEE77AF4EEB6
:204D4000C77AF1EE10FA94BF0120002070470F4B1B689B01EDD40E4B1A7B002AE9D10A497F
:204D6000DA884B8A991A07EE901AF8EEE77AF4EEC77AF1EE10FA01D51344DCE7012070478F
:204D8000582400200C8D002038720020148E0020348F002070B590F800C04FEA5C144FF0FA
:204DA000010E51F824500CF01F0C0EFA0CFC15EA0C0F0FD00079012814D003B970BD25EA79
:204DC0000C0541F8245052F8243043EA0C0342F8243070BD52F824601CEA060FEED100795F
:204DE0000128EAD145EA0C0541F82450002BE5D152F8243043EA0C0342F8243070BD00BFAD
:204E000070B5224D4FF0000CAE466146664607E069B90CF1010CBCF1140F0EF1060E2AD07C
:204E20009EF800308342F3D1012938BF012101EB0C03132B07D921E0013101EB0C02132A5D
:204E400003F1010318D803EB43025C0015F812208242F1D01C4405EB440355F81420CEF839
:204E600000200CF1010C9B88AEF80430BCF1140F0EF1060ED4D170BD142B04D1CEF800601C
:204E8000AEF80460C5E75C00E4E700BF487300202DE9F041314D324C324EDFF8D4E0324FCC
:204EA00082B000230093ADF804302B60236032460AE0216801F1010C7854C4F800C00133BD
:204EC000142B02F1060214D05179D8B20029F0D1B2F800C0BDF800108C4528D029680133B9
:204EE0000EF80100142B01F10101296002F10602EAD11E4D06F178002F1D15F8011BFF29C2
:204F000022D0334602E0063383421DD01A788A42F9D19C78DA78944202D35A79002AF2D061
:204F200001211A2002B0BDE8F041F1F7DDBAB2F802C0BDF802108C45D0D1B2F804C0BDF846
:204F400004108C45CAD1BAE7BD42D6D100211A2002B0BDE8F041F1F7C7BA00BF00B60020A9
:204F600020B600204873002024B60020809F002004B6002008B5FFF78BFF0E4B03F178014A
:204F800002E006338B420DD01A78002AF9D193F802C0D878844502D358790028F1D0064B80
:204FA0001A7008BD054BDA7B034B003A18BF01221A7008BD48730020880600202C24002033
:204FC00010B5424BDFED426A5A7C9FED426A9FED424ADFED423A9FED423ADFED424A4248AF
:204FE00007EE902AF8EEE77AB7EE007A67EEA67ADA7CF4EEE67AF1EE10FAB8BFF0EE667A71
:2050000067EE867A05EE902A37EE877A5A7A87EE875A002406EE102A1A7A06EE902A9A7A96
:20502000DB7A07EE903A314B07EE102A997F304B304AC3F8A841B8EEC77AB8EEC66AA1F1B1
:20504000010127EE047AC3F8AC41C3F8B04183ED6D5AC3F8B841C3F8BC41C3F8C04183ED98
:20506000715AF8EEE66A244B5461F8EEE77AB1FA81F126EE236A490983ED007A916266EE83
:20508000836A67EEA47A1D491D4B80ED006AF8EE655A1C48C3ED007AC1ED006A1A4BC2EDAC
:2050A000045A0021A2F80D109461116291830170342216481C601FF08FFD154A154B1460CF
:2050C000546094601C605C609C6010BDA08F0020CDCCCC3D5C66FC3D0AD7233C6F12033B3C
:2050E0000AD7A33B0F745A3B749000200C720020E8B70020500700207C9000207090002095
:20510000809000201C900020209000202490002058900020649000200A4B0B4ADFED0B7AD8
:2051200093ED057A92E80300094AB4EEE77AF1EE10FA82E803004FF00002C4BF1A620122E4
:205140005A777047500700206C8F00200000C842B0B900201C4B1D4AD3ED186AD3ED047A54
:20516000D37C07EE103A67EEA67AB8EEC77ADFED186A67EE877AF4EEE67AF1EE10FA20D482
:205180009FED147AF4EEC77AF1EE10FA16DC9FED127A67EE877A114B9B780BB1F1EE677A9E
:2051A0000F4B104A1B78C2ED007A492B05D1FDEEE77A0D4B17EE902ADA817047DFED0B7A6F
:2051C000E9E7DFED0B7AE6E7F82800207C2900200000E1C40000E144CDCCCC3D088D0020BB
:2051E000850D002010900020880D002000003443000034C310B5244C94ED057AF3EE047A86
:20520000B4EEE77AF1EE10FA2DED028B34DDD4ED197A94ED1A6A1D4BDFED1D6A1B7867EEEE
:20522000867A242B67EEA67A87EE878A1BD094ED097AD4ED0A7A28EE477A68EE677A84ED71
:205240001C7A144BC4ED1D7ABDEC028B93ED726AD3ED736A36EE077A76EEA77A83ED727A5C
:20526000C3ED737A10BD9FED0C0A28EE000A1EF00DFA0A4B5881DAE79FED097AF0EE477A50
:2052800084ED1C7ADDE700BFF8280020850D00200AD7233CE8B700200000C842880D0020D4
:2052A00000000000024B00221A675A67704700BFF828002010B40E4A0E490F4C136800201E
:2052C00081F85C000870217843F000531360CB070AD50A4B1B7813B941F0020121705DF870
:2052E000044B0120FCF7D0BB5DF8044B704700BF98250020F8280020F5250020808E002021
:205300002B4B93ED157AF3EE047AB4EEE77AF1EE10FA48DD93ED056A264AC6EE077A51892A
:20532000F7EE006AF4EEE67AF1EE10FA9FED226A88BFF0EE667A07EE101AF4EEC67AB8EEEF
:20534000C77AF1EE10FAB8BFF0EE467A67EE876A9FED1A6AD3ED107A9FED197AD289C3ED44
:20536000196AF4EEC67AF1EE10FA88BFF0EE467AF4EEC77AF1EE10FAB8BFF0EE477A77EE33
:20538000C77A9FED106A9FED107AA7EE867A002107EE902AF8EE677A0C4A67EE677A116087
:2053A000C3ED127A7047DFED046A024AD0E700BFF82800207C2900200000000000409C45D8
:2053C00000007A4452491D3A9A99193F10900020384B394AD3ED035AD3ED027A93ED015A98
:2053E00093ED006A354B67EEA72A25EEA53A65EE051A26EE057A66EE276A26EE251A25EEDB
:20540000272A72EE830A25EE255A67EEA57AF7EE005AF0EE004A71EE833A31EEA24A26EEA6
:20542000066AB0EE650AA0EEE40AF0EE650AE3EEE40AE4EE645A72EE413A36EE854A71EEAA
:20544000024A83ED046A83ED057A37EEC76AC3ED066A37EE277A75EE666A73EEA33A34EE64
:20546000044A74EEA44A36EE066A76EEA66A37EE077A83ED071AC3ED081A83ED092A83ED6A
:205480000A5AC3ED0B2AC3ED0C7A83ED0D3A82ED000AC2ED013A82ED024AC2ED034AC2ED0D
:2054A000040A82ED056AC2ED066A82ED077AC2ED085A70472C07002084900020880A0020F0
:2054C00070B5534DDFED535AB5F906309FED526A524C07EE903A2B8806EE903A6B8807EEAC
:2054E000103AF8EEE77AB8EEC77AF8EEE66A2DED028B27EEA58A66EE866A67EE067AB0EE5C
:20550000480A0E46C4ED756AC4ED747A08EE900A1DF04CFE78EE407A9FED416A9FED417A31
:20552000DFED415A9FED415A67EEA76AA6EE867AA6EEA55A9FED3E6ADFED3E5AA6EE876A33
:20554000BDEEC07AE6EE855A17EE103AB7EE007AD907A6EE867A67EEA57A05D5F1EE676AD3
:20556000F0EE477AB0EE667A9A072B79DFED326A00EE103AB8EEC00A58BFF1EE677A20EED4
:20558000268A48BFB1EE477AB0EE480AC4ED777A84ED767A1DF00AFEFDEEC07A38EE400A57
:2055A00017EE903A03F00202DB0760EE007A1CD59FED1D6ADFED1D6A9FED1E7AE7EE866A3B
:2055C000A7EEA67A20EE070AFAB1F8EEE88A9FED1B7A1B4BC4F8E461C7EE287ABDEC028BDF
:2055E00083ED000AC4ED787A70BD9FED0D6ADFED0D6A9FED0F7AE7EE866AB7EE000AA7EEFD
:20560000A67AA7EE870A002ADFD0B1EE400ADCE7D0B20020B3A2913A17B7D138E8B7002067
:20562000762FA7BC00D8813E4AD99E3DA04B25BFCEE99DBF8E0FC93F600B363CC0C9FB489D
:20564000D8B50020684A08B5B2F90030002BB8BF5B429BB2B3F5E17F2DED028B08D2B2F993
:205660000230002BB8BF5B429BB2B3F5E17F03D3BDEC028B002008BD5C4BD3ED0D7A93ED05
:205680000B6AD3ED095A93ED077A36EE276AF7EE007AB0EE005AF0EE676AE6EE456A37EE0E
:2056A000257AF0EEE66A37EE077AF0EEC75AF4EEE56AF1EE10FAB4BFB0EE655AB0EE665A30
:2056C000B5EE405AF1EE10FA62D1DFED497AF4EEE56AF1EE10FA44BFDFED466A76EEE77A84
:2056E000F6EE006AB4EEE66AF1EE10FAC8BFDFED426AB5EEC07AC8BF76EEE77A9FED3F7A14
:20570000F1EE10FA48BFF1EE677A27EE878AB0EE480A1DF04BFD78EE407A9FED396ADFED53
:20572000396ADFED395A9FED395A27EEA77AE7EE066AA7EE255A9FED366ADFED365AA7EE9C
:20574000266AFDEEC06AE7EE055A16EE903AF7EE006ADA07E7EE066A67EEA57A05D5B1EE40
:20576000677AF0EE667AF0EE476ABDEC028B9B07294B4FF0000244BFF1EE677AF1EE666AFC
:205780000120C3ED006A5A609A60C3ED037A08BDF4EEE56AF1EE10FA8CBFB0EE654AB0EED8
:2057A000664AC4EE054A9FED1D2ADFED1D2ADFED1D1A9FED1D5A9FED1D3ADFED1D3A9FEDBA
:2057C0000C4AE4EE822AA4EEE15AE4EEA27AA4EE853AB0EE675AF0EE637AE4EE837AA4EE6E
:2057E000A74AC4EE057A72E7908F0020880A0020A7DFA834DB0FC93FDB0F494083F9A2BE9A
:20580000762FA7BC00D8813E4AD99E3DA04B25BFCEE99DBF8E0FC93F1C07002099FB243F2A
:2058200069A2163E39094E3DE3B59E3E88FA163E45FE7F3F08B51C4BD3ED447A1B783BB3CE
:20584000FDEEE77A012B17EE902A12B207EE902A164AF8EEE77AC2ED007A19D0022BC2ED09
:20586000017A15D0032BC2ED027A11D0042BC2ED037A0DD0052BC2ED047A09D0062BC2ED40
:20588000057A05D0072BC2ED067A01D0C2ED077A074B9B7923B9BDE808403220D5F73EB90E
:2058A00016F032FDF7E700BFD0110010D81B00107819001010B5614B1B6893F87130632BD3
:2058C00011D807EE903A9FED5E7AF8EEE77A67EE877A5C4A9378042B08D9591F032912D8D0
:2058E0000121084604E0F7EE007AF2E700210120554C21705549087020B1042B05D9053B74
:20590000032B5CD910BD0021EBE7514B1B6813F4805FB7EE006A4F4B2FD04F4842890189CB
:20592000541A07EE104A848836EE676A07EE904AF8EE677ABAEEEF7AC3ED447A07EE901AF5
:20594000F8EEE77AE6EE077AC3ED427A07EE902AF8EEE77A4288E6EE477AC3ED437A07EE88
:20596000902A0288F8EE677AC3ED457A07EE902AF8EE677AC3ED467AC4E7118CDFED375A22
:2059800007EE101A918BD28BF8EE476AB8EEC77AC3ED446A06EE901AF8EEE66A77EEC67A1A
:2059A000A6EEA57A06EE902AF8EEE66A83ED427A36EEC77AE7EE276AC3ED436AA2E7938B55
:2059C000DFED276ADFED275A9FED276AB7EE007A77EE677A07EE103A1E4B0022C3F81021E5
:2059E0001B4A1268B8EEC77A12F4805F27EE267A67EEA57ADFED1D6A18D0DFED1D5AA7EEC0
:205A0000256A83ED426AB6EE006AE7EEC66AC3ED436ADFED186AE7EE256A9FED177AC3EDEC
:205A2000456AA7EEC67A83ED467A6BE7A7EE256A76EEE76A83ED426ABEE700BFA42500201E
:205A40000AD7233CCC150020E07F00208E93002058240020D0110010348F0020CDCCCC3D33
:205A600017B7D13800E0F9440000404200E0FF4400C079440000834400E082445B4BDFED31
:205A80005C5A1A685B4B1B78002B00F0948092F87C309FED597A07EE903AF8EEE77A67EE76
:205AA000877A564BDFED566AC3ED497A92F87D109FED546ADFED544A07EE101AB8EEC77A74
:205AC000524927EE267AD1ED006A83ED4A7A92F87E0007EE100A26EE865AB8EEC77A27EE13
:205AE000057A91ED015A83ED4C7A92F87F0007EE100A25EE245AB8EEC77A27EE057A9FED68
:205B0000445A83ED4D7A92F8801007EE101A4149B8EEC77A898B27EE057A9FED3F5A83EDC9
:205B2000477A07EE101AB8EEC77A93F8041127EE057A83ED487A9FED397A66EE876AC3ED04
:205B40004F6A39B9F5EE407AF1EE10FA1CBF3449C3F80811C3ED505A92F88B1041B13148FE
:205B60009FED317A006883ED517A38BBC3ED525A92F8A7109FED2D7A07EE901AF8EEE77AA2
:205B800067EE877A9FED2A7AC3ED537A92F8A81007EE901AF8EEE77A67EE867AC3ED547A07
:205BA00092F8A92007EE902AF8EEE77A67EE877AC3ED557A7047F0EE657A72E7808807EEFD
:205BC000900AF8EEE77A77EE676AF4EEC77AF1EE10FAC3ED526ACBD507EE901AF8EE677A30
:205BE00067EE867AC3ED507AC2E700BFA425002000000000040000105655D53FD0110010C1
:205C000052491D390AD7233CB00FA1343C1600106F12833ACC15002017B7D13800002042E5
:205C200000004042347200200000D2430AD7A33CCDCC4C3E064BD3F81021064B1A605A6052
:205C40009A60DA601A615A619A61DA61704700BFD0110010E47F002018289DBF034B23FAB3
:205C600000F000F001000020704700BF004100012DE9F04F2DED028BAC4C2378052B91B06B
:205C8000054600F00C82AA4B1B7873B1A94AAA4B928A93ED037A07EE902AF8EEE77AB4EEF6
:205CA000E77AF1EE10FA40F29580F8F75FFA2378052B00F000820027A04E29463068FCF7BF
:205CC00005F82378052B00F0F0819D4F3B78DB0700F17E8123789B4900221F2B0A6000F0E5
:205CE0007481012B00F08580052B00F035824FF000082846F9F7FAF8934B9B79002B40F0D3
:205D00008F802378332B00F09180052B00F0B9814FF000088D4B196811F0280F00F0408197
:205D20008B488C4BD0ED027AB3F904308A4AB2EE0E7AF0EEE76A82FB03C2F4EEC76ADB172E
:205D4000C3EBA203F1EE10FA1BB240F12781834A1288520740F12281814A12889B1A1AB2E7
:205D600012F1B30F9BB203DA03F5B47293B212B2B32A7C4A9278C4BFA3F5B4739BB20AB90E
:205D80005B429BB2890710D5774A1278002A00F00781764AD2ED086A754A92ED007AF4EE2C
:205DA000C76AF1EE10FA40F3FB80326892F8282012FB03F36F4A82FB03121A44DB17C3EB63
:205DC000221307EE103AB8EEC77A77EEC77AC0ED027AE5E0684B1B780E2B3FF466AF082BDA
:205DE0003FF463AF5A49654A00238B60C2F834315BE7D4F713FB6149614B1A68D1F8E8310A
:205E0000C1F8E801C31A5F499A1A804628468B80CA80F9F76BF84C4B9B79002B3FF471AFA2
:205E200016F072FA2378332B7FF46FAF564B1B78002B3FF46DAF554B1B78042B9946A8BF10
:205E40004FF00409002B3FF463AFDFF84C8198F81E30DA0740F15B844D4B1868002840F0A3
:205E60007F81DFF820A1B9F1010FAAF800003FF44FAF98F83230DB0740F18481444BD86D1F
:205E800080B193ED180A9FED437A07EE900AB8EE400AF8EE677A20EE070A80EE270A1DF0D5
:205EA000F5FB00B2B9F1020FAAF802003FF430AF98F84630D80740F1A284354BD3F8B80090
:205EC00080B193ED2F0A9FED337A07EE900AB8EE400AF8EE677A20EE070A80EE270A1DF08E
:205EE000D5FB00B2B9F1040FAAF804007FF410AF98F85A30D90740F18684254AD2F81431D8
:205F000083B192ED460A9FED237A07EE903AB8EE400AF8EE677A20EE070A80EE270A1DF014
:205F2000B5FB03B2AAF80630F2E600BF850D002088060020387200200C8D0020A4250020C1
:205F4000F5250020F4B50020781900105C760020548D0020908F002067666666448F0020DF
:205F600078B30020088D0020D6B5002084900020D8B5002089888888B0240020E8B70020C1
:205F800038160010880D002004000010D01100100C0B001000401C46EC0D00109D4A13809D
:205FA0009D4B1B7833B9DFF8B49299F80530002B40F09A802378052B00F08E80012B7ED0DF
:205FC00011B0BDEC028BBDE8F08F944B1A608EE6934B1878FFF740FE00287FF47BAE914B97
:205FE0005B78002B3FF476AE8F4B1B78002B7FF471AE8E4B1B78002B7FF46CAE8C4B1B7894
:20600000002B7FF467AE8B4B1B8818053FF562AE894B1B68D90600F11985884B9FED887ACD
:20602000D3ED0B7AF0EEE77AF4EEC77AF1EE10FA80F25284D3ED057AF0EEE77AF4EEC77AE7
:20604000F1EE10FA80F24884D3ED117AF0EEE77AF4EEC77AF1EE10FA80F23E84DFF80082F6
:206060000023C8F8003023781F2B7FF43AAED8F800306A4A003B18BF012353800123138059
:2060800035E6D4F7CBF9654BA0EB080098802378052B7FF43DAED4F7C1F980463AE6D4F79C
:2060A000BDF95E4B401B1880EDE5D4F7B7F95B4BC01B588009E6D4F7B1F90746FCE5614BAA
:2060C000614A19681288554B896819805A8011B0BDEC028BBDE8F08FD4F7A0F94F4A237843
:2060E000A0EB0800D08069E7DFF878A19AF80020013A0E2A1DD8DFE812F04800B9020F0088
:206100005A0137011101F700E1018501AB017400B70068005E00560009F08AF94B4D4C4BDD
:206120001A68D5F8783164339342C0F0AB8399F80530012B00F0D28299F80630012B00F004
:20614000EA82022B7FF436AF9AF80030012B7FF431AF07F095FB2DE7D4F760F98046C8E5DB
:2061600093ED010A9FED3B7A07EE900AB8EE400AF8EE677A20EE070A80EE270A1DF086FAC2
:2061800000B26EE642F210708CE63B78DA0700F14B83314B1B681B01C9D50D238AF80030E5
:2061A00099F80530C5E72C4A126812015CBF01228AF80020BDE7012B00F0E7830F231320FB
:2061C0008AF80030E7F7F8FCB1E7012B00F0F5830E2313208AF80030E7F7EEFC99F805306B
:2061E000A7E71A4B93F81422002A00F010831A4A1268110200F10B8393F81532002B40F0A1
:2062000006830A238AF8003007F0A4FB99F805308FE700BF78B30020058D0020880D0020D3
:20622000B62400209C250020FC8E0020808E0020FD8E0020448F002058240020CC1A00107B
:2062400000001644981A001088190010E8B70020CC13002000401C46148E0020801500209A
:20626000F4B500207CB300208B4A8C4D1168D5F87821C8328A4206D309F0A0F899F8053083
:2062800000283FF456AF012B00F0F183032B27D1D5F81822E2B1824B19688A4200F0FC83C5
:2062A000D9688A4200F0F78399698A4200F03D84596A8A4200F03784196B8A4200F03984B1
:2062C000D96B8A4200F033849B6C9A4200F0158495F81C320022022BC5F8182200F00984FD
:2062E00001238AF8003022E709F0A2F86D4B052200210092CDE90111A3F10802532007F0CA
:206300009BFE00287FF413AF644B082283F8F02109238AF8003099F805300AE709F088F814
:20632000614A0292A2F10C0301930B2300930021A2F108034720143A07F07EFE00287FF4A5
:20634000F6AED9F8003013F480537FF4F0AE534AC2F874314FF0FF33C2F8783107238AF831
:20636000003099F80530E4E609F062F84F4B042200210092CDE90111A3F10802482007F0D2
:206380005BFE00287FF4D3AED9F8003013F480537FF4CDAE414AC2F874314FF0FF33C2F8AA
:2063A000783106238AF8003099F80530C1E609F03FF83F4A0292A2F10C0301933F23009374
:2063C0005021A2F10A034920163A07F035FE00287FF4ADAE374B1B68180640F1A182D9F88B
:2063E000003013F4805340F09B822C4AC2F874314FF0FF33C2F8783105238AF8003099F832
:20640000053096E608F0DAFF00283FF490AE234D95F8F0319A1E0A2A3FF663AF01A151F825
:2064200022F000BFB16603089D66030889660308896603088966030889660308956603086D
:20644000E3620308E3620308C3660308B9660308194B1B6818027FF5D7AE104EB6F80C32FA
:20646000002B7FF4D1AED6F810B2452007F0FEFA0E2007F0FBFA584607F094FB284607F078
:2064800091FBD6F80832C6F8043228460B238AF8003007F089FFB7E6CC130020E8B700204C
:2064A0005C24002084A205080CA20508E0A10508FA9E050858240020148E002008F0B8FF0E
:2064C000824B4020D3ED428A93ED438A07F002FA00287FF42CAE7E4D7E4BD5F874215B7885
:2064E000C02A01F27F83DFE812F0A70A9B0A930A850A7D0A6F0A680A4B0B420B330B2B0BE9
:20650000650B540B6D0B600A560A4A0A420A320A2A0A230A1B0A120A080AFE09F509EC09E0
:20652000E309DA09D109C809BD09B409AB09A20999098C097F09720965095A094F09EE08A6
:20654000E008D708C908C008B708AE08A6089B089208890880087808700868085F08560835
:206560004D0844083B0832082908200817080C080308FA07F107E807DF07D607CE07C5071A
:20658000BC07B307AA07A10798078F07870712070A070307FC06F506EE06E706E006D8068C
:2065A000D006C906C206BA06B206AA06A3069C0695068E06870680067806710667066006F1
:2065C000590652064B06380631062A0623061C0615060E0607060006F905F205EB057B051C
:2065E00074056D0566055F05580551054A0543053C0535052E0527052005190512050B0553
:206600000405FE04F704EF04E704DF04D704CF04C704BD04B204A904A2049B0493048B04AB
:2066200083047B0473046B0463045B0453044B044304EB03E303DB03D303CB03C303BB03E1
:20664000B303AB03A20399039103890381037A0373036C0365035E03570350034903420388
:206660003B0334032D03260317030A031A4A1168174AC2F878110021C2F8EC11C2F874118D
:2066800003228AF8002054E500264FF0FF32C5E95D6226E60022C5F8742122E60E4A12689D
:2066A000C5F878210022C5F8EC21C5F8742118E6002285F8022214E6074A1268C5F878216A
:2066C0000FE6D5F80822C5F804220AE6D0110010E8B700202C240020CC130020BD4A11685C
:2066E000BD4A12689142FFF427AD9AF800200D3A022A7FF65FACB94A8AF8003092F8153254
:20670000002B3FF457AC002382F8153252E442F21070FFF7A6BB3B78DB074CD4B04A1378B9
:20672000002B48D0D2ED447AAE4A92ED007AB4EE677AF1EE10FA6ED1012B3CD092ED017ACB
:20674000B4EE677AF1EE10FA65D1022B33D092ED027AB4EE677AF1EE10FA5CD1032B2AD0AB
:2067600092ED037AB4EE677AF1EE10FA53D1042B21D092ED047AB4EE677AF1EE10FA4AD1E9
:20678000052B18D092ED057AF4EE477AF1EE10FA41D1062B0FD092ED067AB4EE677AF1EED4
:2067A00010FA38D1072B06D092ED077AB4EE677AF1EE10FA2FD18C4E884D3368D5F82022F9
:2067C0009AF800109A423FF6BFAC01293FF4F2AB95F81532002B3FF4EDAB0B2900F25781D9
:2067E000092900F2478129B13368C5F878310C238AF80030002385F81532FFF7DBBB42F24A
:206800001070FFF76FBB42F21073FFF78BBB284607F0CAFDF8E4744B704A1B6803F59C53FA
:206820000833C2F820328FE4704D2B6803F08103812B00F08280EB6803F08103812B00F0D3
:206840009D80AB6903F08103812B00F0AF806B6A03F08103812B00F0B5802B6B03F081039B
:20686000812B00F0D180EB6B03F08103812B00F0D280AB6C03F08103812B00F0D38006F0FD
:2068800007FE86E4402007F025F800287FF44FACD5F87431564E4FF0400B0FE007F0E6F81B
:2068A000D5F8EC21D5F87431013A0133BBF1010BC5F8EC21C5F8743100F0D480F05C002881
:2068C000ECD14FF0FF330026C5E95D6304238AF8003099F805302CE4464AD2ED087A92EDF7
:2068E000077AF0EEE77AB0EEC77AFCEEE77ABCEEC77A17EE903A17EE101A0B439BB20F2BF0
:2069000040F2CF80DFF8FC80D8F80030002B40F0908005F59233F833C8F80030FFF7A3BB0A
:206920002E4B00214FF0FF32C3E95D1207238AF8003099F80530FFF7FCBB95F90400E9F771
:206940002DFD00283FF477AF0568002D97D02A4E33689D4200F0BB80D6F8E0309D4200F0C1
:20696000AD80D6F8C0319D4289D12846EDF78CF9E022002121481EF02FF980E795F9100054
:20698000E9F70CFD0028DFD15BE7134B1B68002B3FF410AB1A4A1278002A00F0A1800D4A7A
:2069A000126893427FF606ABFFF7C6BB95F91C00E9F7F4FC0028C7D149E707F009F8D7F7BB
:2069C000C9FE05E495F92800E9F7E8FC0028BBD143E700BF7013002078130020E8B70020E3
:2069E000D0110010E47F0020CC1300206C72002014F90508281300105826002018280020C3
:206A0000D51E0020F4B5002095F93400E9F7C6FC002899D127E795F94000E9F7BFFC002805
:206A200092D126E795F94C00E9F7B8FC00288BD125E79D427FF617ABA54A1368062043F00F
:206A400020031360F1F762FAFFF70DBBA14B1B78002B7FF4E2AAFEF765F900283FF43AA964
:206A6000FFF7DBBAF35C002B7FF461AB29E7D7F761FF35E4452006F0F9FFFF2006F0F6FFDE
:206A8000954807F0B9FA002006F0F0FFACE60C293FF4B0AEA8E60C330021D162C3E9001134
:206AA00016E4D2ED097AF0EEE77AFCEEE77A17EE903A9BB2322B7FF6D1AA23E72846EDF74B
:206AC000E3F8E022002185481EF086F849E72846EDF7DAF8E022002130461EF07DF83BE7CD
:206AE0007F4803685B68984700287FF467ABFFF71EBBEFF7FFFBFFF7F3BB7A4BCCE77A4B85
:206B00007A49DA7C7A4808F02DFCD5F874310133C5F87431FFF70BBB734B74499A7C754867
:206B200008F020FCF1E72433B6E71833B4E73C33B2E73033B0E76C4B6C495A7C6E4808F09D
:206B400011FCE2E7684B69491A7C6C4808F00AFCDBE7654B6549DA89694808F003FCD4E7CC
:206B6000614B62499A89674808F0FCFBCDE75E4B5E495A89644808F0F5FBC6E75A4B5B498C
:206B80001A89624808F0EEFBBFE7574B5749DA885F4808F0E7FBB8E7534B54499A885D485B
:206BA00008F0E0FBB1E7504B50499A785A4808F0D9FBAAE74C4B4D491A88584808F0D2FBF1
:206BC000A3E7574B49495A7A564808F0CBFB9CE7534B46491A7A544808F0C4FB95E7504B19
:206BE00042491A78514808F0BDFB8EE733683F4993F86B204E4808F0B5FB86E733683B49B7
:206C000093F854204B4808F0ADFB7EE73368374993F85320484808F0A5FB76E7474A334932
:206C2000474802EB43135A7B08F09CFB6DE7434A2E49444802EB43131A7B08F093FB64E791
:206C400033682A4993F871203F4808F08BFB5CE73E4B264993F822203D4808F083FB54E7C7
:206C60003A4B224993F821203A4808F07BFB4CE733681E4993F89520374808F073FB44E7E3
:206C800033681A4993F89420344808F06BFB3CE73368164993F89620314808F063FB34E795
:206CA0003368124993F88E202E4808F05BFB2CE733680E4993F893202B4808F053FB24E7DA
:206CC00033680A4993F89220284808F04BFB1CE798250020FA8E002064F40508382700206F
:206CE0007C130020A42400207C29002098F9050810CC0508ECCB0508D8CB0508BCCB0508A9
:206D0000A4CB05088CCB050874CB05085CCB050844CB050828CB050814CB0508F8CA05083C
:206D2000CC720020B4CA05089CCA0508D0C905080CD205084CCF05083CCF0508B06D0020E9
:206D4000E0C80508CCC8050868D105080C72002088D4050870D405084CD4050834D40508FD
:206D600018D4050800D40508E4D30508CCD3050833689F4993F891209E4808F0F3FAC4E695
:206D800033689B4993F890209B4808F0EBFABCE63368974993F88F20984808F0E3FAB4E6D3
:206DA0003368934993F88D20954808F0DBFAACE633688F4993F88C20924808F0D3FAA4E615
:206DC00033688B4993F880208F4808F0CBFA9CE63368874993F87F208C4808F0C3FA94E66B
:206DE0003368834993F87E20894808F0BBFA8CE633687F4993F87D20864808F0B3FA84E6AB
:206E000033687B4993F87C20834808F0ABFA7CE63368774993F88B20804808F0A3FA74E6DA
:206E200099F8072072497E4808F09CFA6DE6D9F800206F497B4808F095FA66E67A4A6C4980
:206E40007A4802EB43139A7808F08CFA5DE6784B93ED000A1CF01AFC65490246754808F040
:206E600081FA52E6744A7549B2F894307448B2F8922008F077FA48E66F4B5D4993F8962025
:206E8000704808F06FFA40E66B4B594993F891206D4808F067FA38E6674B554993F8902068
:206EA0006A4808F05FFA30E6694B514993F82620684808F057FA28E6654B4D4993F825207D
:206EC000654808F04FFA20E6614B494993F82120624808F047FA18E6614B45491A6861486E
:206EE00008F040FA11E6227841495F4808F03AFA0BE65E4B3E499A8B5D4808F033FA04E678
:206F00005A4B3B491A885B4808F02CFAFDE5574B37499A78584808F025FAF6E5534B344922
:206F20001A79564808F01EFAEFE5494B30491A7A534808F017FAE8E5454B2D495A7E5148B3
:206F400008F010FAE1E5504B29491A784F4808F009FADAE54E4B2649DA7C4E4808F002FA91
:206F6000D3E54B4B22499A7C4B4808F0FBF9CCE5474B1F495A7C494808F0F4F9C5E5444B93
:206F80001B491A7C464808F0EDF9BEE5404B1849DA7B444808F0E6F9B7E53D4B14499A7BAE
:206FA000414808F0DFF9B0E5394B11495A7B3F4808F0D8F9A9E5364B0D491A7B3C4808F06A
:206FC000D1F9A2E5324B0A49DA7A3A4808F0CAF99BE52F4B06499A7A374808F0C3F994E5F6
:206FE0002B4B03495A7A354808F0BCF98DE500BF98F90508B8D30508A4D3050890D3050876
:2070000070D3050858D3050830D3050820D3050810D3050800D30508ECD2050884CD0508DF
:20702000ACC2050868F70508B06D002038C805088C0600204CF70508F8190010A4F5050856
:2070400024F70508D4BF0508B4BF050894BF05083872002070BF050854BF050844BF050852
:20706000C872002018F705084CD90508CC150020F0C205086CC3050858C3050844C3050830
:2070800010C00508FCF60508CCB20020A4C90508A08F002018E0050804E00508F0DF0508DB
:2070A000E0DF0508D0DF0508C0DF0508B0DF0508A0DF050890DF050880DF050870DF050830
:2070C000974B98491A7A984808F04CF91DE5944B9449DA88954808F045F916E5904B914959
:2070E0009A88934808F03EF90FE58D4B8D495A88904808F037F908E5894B8A491A788E48E4
:2071000008F030F901E58D4B86499A888C4808F029F9FAE4894B83495A888A4808F022F96C
:20712000F3E4864B7F495A78874808F01BF9ECE4824B7C491A78854808F014F9E5E4844BD4
:2071400078495A79834808F00DF9DEE4824B75499A78824808F006F9D7E47F4B9FED807AA7
:207160001B8870497F4807EE903AF8EEE77A67EE877AFDEEE77A17EE902A08F0F3F8C4E4FA
:20718000794B68495A89794808F0ECF8BDE4764B6449DA88764808F0E5F8B6E4724B6149F5
:2071A0001A79744808F0DEF8AFE46F4B5D491A89714808F0D7F8A8E46B4A7049D3780093C4
:2071C00093786F48527808F0CDF89EE4664B55491A786C4808F0C6F897E46B4B514993F843
:2071E00024206A4808F0BEF88FE4694B4D491A78684808F0B7F888E4674B4A491A88674843
:2072000008F0B0F881E4644B46499A88644808F0A9F87AE4604B43499A79624808F0A2F8E0
:2072200073E45D4B3F495A885F4808F09BF86CE45E4B3C499A7F5E4808F094F865E45B4B03
:20724000384993F823205B4808F08CF85DE4574A5949D3895948528908F084F855E4534A1A
:20726000554993895648128908F07CF84DE44F4B2C49DA88534808F075F846E44B4B2949DB
:207280001A7D514808F06EF83FE4484B254993F820204E4808F066F837E4444A4649938B2F
:2072A0004B48528B08F05EF82FE4404B1D499A88484808F057F828E43C4B1A49DA7C464839
:2072C00008F050F821E4394B16495A78434808F049F81AE4424B13495A78424808F042F87B
:2072E00013E43F4B0F491A783F4808F03BF80CE433680C499A8E3D4808F034F805E433683C
:2073000008495A8E3A4808F02DF8FFF7FEBB33680449DA8F374808F025F8FFF7F6BB00BF9B
:20732000A08F002098F9050860DF050850DF050840DF05082CDF050814DF05085C92002086
:2073400004DF0508D8DE0508C0DE0508B0DE0508702500209CBE05082C7300200CBE050882
:207360000000C8421CBE0508DC92002024DE050808DE0508F4DD0508E4DD050810F60508CD
:20738000D0DD0508B8DD0508CC15002090C305080400001008C30508F8B2002088BD050828
:2073A0007CBD05086CBD05089CBD05080C720020ECF60508D4F60508A4F50508C0F605081E
:2073C000B0F6050894BC050884BC0508E0BD05089CF6050870BC050860BC05084CBC050890
:2073E000088D002024CC050828CC050818CF050808CF050800CE05083368B8499A8FB84862
:2074000007F0B0FFFFF781BB3368B449B3F8A020B44807F0A7FFFFF778BB3368AF4993F8B1
:207420003820B14807F09EFFFFF76FBB3368AB4993F89F20AD4807F095FFFFF766BB33683C
:20744000A64993F83720AA4807F08CFFFFF75DBB3368A24993F88820A64807F083FFFFF7C3
:2074600054BB33689D4993F88720A34807F07AFFFFF74BBB3368994993F89E209F4807F04F
:2074800071FFFFF742BB336894499A8C9C4807F069FFFFF73ABB3368904993F88620994837
:2074A00007F060FFFFF731BB33688C4993F88520954807F057FFFFF728BB3368874993F8FB
:2074C0008420924807F04EFFFFF71FBB3368834993F883208E4807F045FFFFF716BB336812
:2074E0007E4993F882208B4807F03CFFFFF70DBB33687A4993F88120874807F033FFFFF75D
:2075000004BB30688549838A8289808B0090844807F028FFFFF7F9BA3368704993F8692098
:20752000804807F01FFFFFF7F0BA33686B4993F898207D4807F016FFFFF7E7BA3368674989
:2075400093F89720794807F00DFFFFF7DEBA3368624993F83A20764807F004FFFFF7D5BA2F
:2075600033685E4993F83620724807F0FBFEFFF7CCBA3368594993F857206F4807F0F2FEE5
:20758000FFF7C3BA3368554993F856206B4807F0E9FEFFF7BABA3368504993F8582068485C
:2075A00007F0E0FEFFF7B1BA33684C4993F83120644807F0D7FEFFF7A8BA33684749DA882C
:2075C000614807F0CFFEFFF7A0BA336843499A885E4807F0C7FEFFF798BA33683F491A8836
:2075E0005B4807F0BFFEFFF790BA33683B49B3F85020584807F0B6FEFFF787BA336837491D
:2076000093F85E20544807F0ADFEFFF77EBA3368324993F88920514807F0A4FEFFF775BA54
:2076200032684F49B2F862304E48B2F8602007F099FEFFF76ABA336828495A884A4807F0FD
:2076400091FEFFF762BA3368244993F83020474807F088FEFFF759BA3368204993F8702072
:20766000434807F07FFEFFF750BA33681B4993F86F20404807F076FEFFF747BA3068274900
:2076800090F86D3090F86C2090F86E0000903A4807F068FEFFF739BA3368104993F828209C
:2076A000364807F05FFEFFF730BA30681B4990F8213090F8202090F822000090304807F0D2
:2076C00051FEFFF722BA30681449437E027E807E00902C4807F046FEFFF717BA98F90508B1
:2076E000F0CD0508E8D00508B8D0050878D005086CD00508D0D20508B4D205084CD005085D
:2077000038D0050898D2050884D2050868D205084CD2050834D205081CD2050810F60508E7
:2077200090F60508FCD00508DCCD0508C4CD0508B0CD05089CCD0508E4CE0508D0CE05081F
:20774000C4CE0508F8CE050870CD050860CD05082CCF050848CD050838CD0508FCCC050822
:20776000A4F505087CF6050820CD050810CD050858D105084CD1050874F605086CF60508BA
:2077800060F6050858F605083068AF49437C027C807C0090AD4807F0E5FDFFF7B6B9306807
:2077A000A949437A027A807A0090A94807F0DAFDFFF7ABB9A74AA449A74802EB4312538A0F
:2077C0000093138AD28907F0CDFDFFF79EB9A14A9D49A24802EB4312D37A0093937A527A5A
:2077E00007F0C0FDFFF791B99A4A97499C4802EB4312137A0093D379927907F0B3FDFFF797
:2078000084B9944A9049974802EB4312537900931379D27807F0A6FDFFF777B933689249E8
:2078200093F8AA20914807F09DFDFFF76EB933688D4993F8A9208E4807F094FDFFF765B935
:207840003368894993F8A8208A4807F08BFDFFF75CB93368844993F8A720874807F082FD0D
:20786000FFF753B9854B86495A79864B864853F8222007F077FDFFF748B933687A4993F81D
:20788000A620824807F06EFDFFF73FB933687649B3F8A4207E4807F065FDFFF736B93368A0
:2078A000714993F9A2207B4807F05CFDFFF72DB933686D49B3F89C20774807F053FDFFF71D
:2078C00024B93368684993F89A20744807F04AFDFFF71BB93368644993F89920704807F03B
:2078E00041FDFFF712B95B4A5F496E4802EB43139A7F07F037FDFFF708B9564A5A496A4853
:2079000002EB43135A7807F02DFDFFF7FEB85B01504A5549D25C654807F024FDFFF7F5B85B
:20792000634B51491A78634807F01CFDFFF7EDB84D496148012207F015FDFFF7E6B85F4B6E
:2079400049499A685E4807F00DFDFFF7DEB85D4B1B79012B7FF4D9A85B4A5C49B2F90030DF
:207960005B48B2F9022007F0FDFCFFF7CEB8B5F800225849584807F0F5FCFFF7C6B8574B1D
:20798000574918688388428800880090554807F0E9FCFFF7BAB8D5F8F831DB0200F11A819A
:2079A0001123C5F87431FFF7B0B84F4B49499A894E4807F0D7FCFFF7A8B84D4A30494D4829
:2079C00007F0D0FCFFF7A1B805A8D9F789F905A908A81AF027FA2A49474808AA07F0C2FCA4
:2079E000FFF793B8454B464A4649474807F0BAFCFFF78BB8454A4649D2F8183A0093D2F88B
:207A0000143A4448D2F8102A07F0ACFCFFF77DB8414B424A3B49424807F0A4FCFFF775B8DE
:207A2000404B0193404B0093404A414B4149424807F098FCFFF769B83C4A11493F4807F0DF
:207A400091FCFFF762B800BF10F605084CF6050844F60508B06D002038F6050830F6050876
:207A600028F605081CF6050898F9050848D5050834D5050820D5050808D50508B0240020FE
:207A80007CF40508AC7305083CC70508F8D40508E4D40508D4D40508C4D40508B8D405089C
:207AA000ACD405082CC8050820C8050818C80508000000104CCC050800F6050828130010D3
:207AC000F4F505081C73002070B30020A4F50508E4F5050848FB0508DCF50508347200203E
:207AE000C0F50508CCF505088C190010B8F5050898A1002058F5050844F5050818F5050874
:207B000028F50508E4F4050830F505080070FF1FFCF405080CF50508CCF40508D8F40508E5
:207B2000ECF40508B4F40508C0F4050870F4050814F2050890F40508A0F4050880F40508AB
:207B40002D4B2E49DA8B2E4807F00CFCFEF7DDBF2C4B2A49B3F900202B4B2C4893F900306F
:207B600092FBF3F292B207F0FDFBFEF7CEBF264B224993F90020264807F0F4FBFEF7C5BF89
:207B8000204B1E49B3F90020224807F0EBFBFEF7BCBFB0EE680A1BF079FDB0EE480A0646C3
:207BA0001BF074FD1C4983B2B2B21C4807F0DAFBFEF7ABBF1A491B484FF07E5207F0D2FB23
:207BC000FEF7A3BF0C4B0D495A8C174807F0CAFBFEF79BBF154B16491A78164807F0C2FBEE
:207BE000FEF793BF0B2385F8F03109238AF8003099F80530FEF79DBACC15002098F90508E3
:207C000084F50508F2B20020F0B200207CF5050870F5050864F50508A4F50508ACF50508AE
:207C200090F5050898F50508E4C205086CB3002048FB050874C605082DE9F84FB04BB14C3A
:207C40001B689A072DED088B02D594F868208AB9BDEC088BAC48AD4900230122A364E3646B
:207C600023656365A365E3652366636602700A70BDE8F88FA64E9FEDA77AD6F82422C6F887
:207C80002402821A07EE902AF8EEE77AB6EE009A27EE878A9B0628EE099A054640F154811D
:207CA0009D4B1B789F0740F14F819C4A92F83030042B40F2498196F82832918D002B40F046
:207CC000C885642940F24081DFF878829FED947AB8F90030B8F90270B2F92E90D18DB3F5F9
:207CE000E16FC4BFA3F561631BB207EE903AF8EEE77AB7F5E16F67EE878AC4BFA7F5616739
:207D00003FB2B9F5E16FC8BFA1F56161B0EE680AC8BF0FFA81F91BF049FA78EEC07A9FED01
:207D2000816A9FED815ADFED816ADFED815A27EEA77AF7EE004AA7EE065AE7EE265A9FED58
:207D40007D6ADFED7D6AA7EE056AE7EE256A27EE86AAFDEEC07AE7EE264A17EE903ADA07C2
:207D6000F0EE64AA05D5F1EE4A7AF0EE67AAB0EE64AA07EE907AF8EEE78ADFED697A68EEA4
:207D8000A78A9B07B0EE680A44BFB1EE4AAAF1EE6AAA1BF00BFA78EEC08A9FED647A9FEDC1
:207DA000646ADFED606ADFED605A68EEA87AB7EE00BAA7EE876A9FED607AE7EEA65AA7EEAC
:207DC000867ADFED5C6AA7EE87BAE7EEA56AFDEEC07A68EEA68A17EE903AD80705D5F1EE45
:207DE000687AF0EE4B8AB0EE67BA07EE909A9FED4C7AF8EEE77A990767EE879A48BFF1EE7B
:207E0000688AB0EE690A48BFB1EE4BBA1BF0CEF979EEC07ADFED456ADFED455A9FED416A24
:207E20009FED415A27EEA77AE7EE265AA7EE065ADFED416A9FED3F6AE7EE256AFDEEC05A86
:207E4000A7EE056A15EE903AF7EE005ADA07E7EE265A67EE867A05D5B1EE677AF0EE657A70
:207E6000F0EE475A2AEE287A9F0744BFF1EE677AF1EE655A2AEE0BAA6AEEA88A6AEE8B4A3E
:207E800027EE275A25EEC77A27EEE86A6AEE276AA4EEA77A29492A48F0EE457AAAEE256A4D
:207EA000E4EEA57AE8EEA56A26EE063A66EE264A66EEA63A26EE075A66EE875A27EE866AF1
:207EC00067EEA66A27EE074A67EE877A81ED083AC1ED0B3A81ED0D4AC1ED094A81ED0A5A46
:207EE000C1ED0C5A81ED056AC1ED066AC1ED077AFDF76EFA0123037086F8283228E000BFB2
:207F00005C7600208C190010C81A001084190010E8B70020BD37863598770020CC7600201C
:207F2000B3A2113A4AD99E3DA04B25BF762FA7BC00D8813E8E0FC93FCEE99DBF880A0020CB
:207F4000D6B50020908F0020DFF83C84F449F548DFEDF58AF54F94ED187ADFEDF56AF54B19
:207F6000B4EEE67AF1EE10FAD3ED007A93ED014AD3ED023A00F33B820022DFF810949FED3C
:207F8000EE5A99F8003094ED127A94ED136A94ED141AD6ED756ADC0767EE854A64EE055AC4
:207FA00023EE855A00F15B83F0EEE77AB2EE0E3AF4EEC37AF1EE10FA40F3538305F5743527
:207FC0009035C6F83452022397ED063AD7ED073A97ED084A81F8383028EE832A68EEA32A0D
:207FE00068EE848A002A40F00C83D6ED747AF5EEC07AF1EE10FA4FF0000340F3298325EE49
:20800000A57A9FEDCE3AD6ED8E3A96ED8F4A96ED906AA5EE057AA4EEA47AB4EEC37AF1EEC9
:2080200010FA00F1568374EEA34A35EE065A75EE845AE2EE264AC24CE2EEA65AA8EEA65AA5
:2080400094ED034AD4ED007AD4ED023A94ED013A64EE894A65EE895A25EE095A64EE846A4D
:2080600025EE236AE5EEA76AA4EEA76A25EE837A73EEA66AA5EE277AE5EE436A33EE066A13
:2080800065EEA32AA5EEC46AE4EE832A34EE077A66EEA65AA4EEE37AE6EE065A77EEE27AA5
:2080A000E7EE075AE5EE447AB7EE008AE7EEA75AB1EEE55AC8EE055A67EEA57A26EE256AEA
:2080C00066EEA56A27EE257AC4ED007A84ED016AC4ED026A84ED037AFDF77AF9994BB3F881
:2080E00000A001231AF0400F037000F08A81964CD4ED025AD4ED016A94ED037A94ED009AB1
:2081000065EEA5AA25EE876AB0EE6A5AA6EEA65AA9EE266AF0EE004AF0EE487AE5EE647A23
:2081200036EE066A69EE258AF0EEE77A26EEA5BAF0EEC65AF4EEE57AF1EE10FAB4BFF0EE7A
:20814000654AF0EE674AF5EE404AF1EE10FA29EE079A26EE87AA67EE079A00F0D282F4EE72
:20816000E57AF1EE10FA8CBFF0EE656AF0EE676A86EEA47A9FED754ADFED756ADFED753A0D
:20818000DFED754A9FED753AE7EE446A9FED744AE7EE263AA7EE034AE7EE234ADFED716A4C
:2081A000A7EE048AE7EE246A86EE887AF4EEE57AF1EE10FA48BFDFED6C7A9FED6C0A48BFD7
:2081C00037EEC77AF6EE007AB4EEE75AF1EE10FAC8BFDFED677AB5EEC06AC8BF37EEC77A21
:2081E000F1EE10FA48BFB1EE477A27EE000A1BF04DFA78EECA7AB7EE006A77EEA77ADFEDB3
:208200005D5A9FED5D5A9FED590AA8F80000B0EEE77A36EE476AA7EE255AF1EEC66ADFED12
:20822000575A9FED576AE7EE055AF5EEC07AA7EE256AF1EE10FA26EE867A44BFDFED4C7A39
:2082400037EEC77ADFED487A77EEC77A27EE800A1BF01CFA7AEEA96AF7EE005AF0EE007AB2
:20826000B0EE657AA6EEE77AA8F8020079EE0B7AB0EEC77A77EEA77AB0EEE76AB4EEC67AC8
:20828000F1EE10FAB4BFB0EE465AB0EE475AB5EE405AF1EE10FA00F03182B4EEC67AF1EE7B
:2082A00010FA8CBFB0EE464AB0EE474AC4EE054A9FED2A2ADFED2A2ADFED241A9FED245AF7
:2082C0009FED243ADFED243A9FED264AE4EE822AA4EEE15AE4EEA25AA4EE853AB0EE655AC7
:2082E000F0EE635AE4EE835AA4EEA54AC4EE055AB4EEC67AF1EE10FA48BF9FED1B7A9FED23
:20830000210A48BF77EE655AB6EE007AF4EEC76AF1EE10FAC8BF9FED167AF5EEC07A37E016
:20832000880A0020D6B5002000000000849000206666663F9C1A001035FA8E3CE58AF93DD7
:208340002C070020448F00203C07002039094E3DE3B59E3E88FA163E45FE7F3F99FB243F65
:2083600069A2163EA7DFA834DB0FC93F4C3D0F44DB0F4940306E99BC2716983D843459BE27
:20838000A40DC93F4C3D0FC4908F0020F5250020C8BF77EE655AF1EE10FA48BFF1EE655A16
:2083A00025EE800A1BF072F905B294E80F00002DDFF898C3D6F8E441A8F80450B8BF05F5B1
:2083C00061658CE80F00B8BFA8F804504CB11AF0030A05D099F8003013F0010340F0CC81BB
:2083E0000024BDEC088BCB4B9C62BDE8F88FDFEDCA6AB4EEE67AF1EE10FA4CBF01220022A2
:20840000BBE597ED076AD7ED085AF0EEC67AB0EEE57AB4EEE77AF1EE10FAB4BFB0EE675AC8
:20842000B0EE475AB5EE405AF1EE10FA00F06F81B4EEE77AF1EE10FA8CBFF0EE674AF0EE53
:20844000474AC4EE856A9FEDB52A9FEDB53A9FEDB54ADFEDB54ADFEDB52ADFEDB53A9FEDBC
:20846000B55AA6EEC23AE6EEA23AA6EE834AA6EEA38AE6EE844AA6EEA45AC5EE086AB4EE90
:20848000E77AF1EE10FA48BFDFEDAB7A9FEDAB0AF5EEC05A48BF77EEE66AF1EE10FA48BFB0
:2084A000DFEDA77AB5EEC06A48BF77EEE66AF1EE10FA48BFF1EE666A26EE800A1BF0E6F820
:2084C00097ED065ADFEDA34ADFEDA35A9FEDA36A9FED9A0AA8F80000F0EEC57AF7EE006A61
:2084E00076EEE76AE7EEA45AB1EEE67AA7EEA56ADFED9B6AE7EE866AB5EEC05AF1EE10FA15
:2085000067EE267AC4BF9FED8E7A77EE677A9FED8A7A77EE677A27EE800A1BF0B7F897ED56
:20852000036AD7ED005AA8F80200F0EEC67AB0EEE57AB4EEE77AF1EE10FAB4BFB0EE675A35
:20854000B0EE475AB5EE405AF1EE10FA00F0DC80B4EEE77AF1EE10FA8CBFF0EE674AF0EEC6
:20856000474AC4EE856ADFED6D1ADFED6D2ADFED6D3A9FED6D4A9FED6D2A9FED6D3ADFED3B
:208580006D4AE6EEE12AA6EE823AE6EEA23AB7EE005AA6EEA34AA6EE835AE6EE844AC4EE00
:2085A000856AB4EEE77AF1EE10FA48BFDFED627A9FED640AF5EEC05A48BF77EEE66AF1EE9F
:2085C00010FA48BFDFED5E7AB5EEC06A48BF77EEE66AF1EE10FA48BFF1EE666A26EE800A20
:2085E000E0E6F2EE047A66EEA76A97ED063AD7ED073A97ED084A28EE832A68EEA32A68EE17
:20860000848A66EE067ADFED501AE1EE017AE7EE077AF4EEE17AF1EE10FA7FF7E6ACF1EE95
:20862000E71AF7EE000AC0EEA17A27EE277A26EE276A61EE277AA6EE042AE3EE272AE7EE7D
:20864000238AA7EEE32AE7EE442AE3EE468ACCE4C6F83832C6F83C32C6F84032E9E40023C3
:20866000B2E4B0EEC44AB4EEC34AF1EE10FA3FF7A5ACF0EEE33AF4EEC33AF1EE10FA3FF7A0
:208680009DAC002A3FF49AAC91F83830032B00F0D280042BA5D0022B7FF490ACD6F83432D9
:2086A00097ED063AD7ED073A97ED084AEB1A002BA1DB05F5F42505F59075032328EE832A74
:2086C00068EEA32AC6F8345268EE848A81F8383097E768EE277AE7EE823AA7EEA24AA7EED2
:2086E000A86A74EEA34A75EE845A35EE065AC6ED8E3A86ED8F4A86ED906A9AE4DFED0D5A70
:20870000F6E59FED0C7A51E5DFED0A6A49E7DFED096AB4E678270010CDCC8C3F39094E3D0D
:20872000E3B59E3E88FA163E45FE7F3F99FB243F69A2163EA7DFA834DB0FC93F4C3D0F4468
:20874000DB0F49404C3D0FC40AD7233C240A00208FC2753C306E99BC2716983D843459BEE6
:20876000A40DC93F7118EC39762FA7BC00D8813ECEE99DBF0000C842D7ED087A1FED0C7AFE
:20878000F4EEC77AF1EE10FA7FF62AAEF0EEE77AB7EE009A79EE676A1FED127A1FED126AAA
:2087A000D6ED785AB1EEE60AA7EE876A5FED156A1FED157AE7EE866AA7EEA67A27EE257A7B
:2087C00027EE000A1AF062FFB0F5617FA8BF4FF4617007EE900A1FED1D7AF8EEE77A06EEA2
:2087E000904A67EE878AB8EEE68AB0EE680A1AF0DDFCFDEEC07A17EE903A78EEC07A03F0A9
:208800000202DB0727EEA77A40F15E811FED2A6A5FED2A6A5FED2A7AE7EE066AE7EE267A02
:20882000A7EE279A0AB1B1EE499A28EE090A1AF02DFF0446D5E5D6F834325FED327AEB1A11
:20884000002BA8BF042366EEA76AA8BF81F83830CBE607EE901AD84BDFEDD86A18789FED15
:20886000D87AF8EEE77AFDF7F7F9F4EEE67AF1EE10FA27EE877A40F32481F2EE047AB4EE62
:20888000E77AF1EE10FA8CBFB0EE676AB0EE476ACC4BDFEDCD5A93ED097AD6ED8B6ADFF8E9
:2088A000688327EE257AF7EE007AB0EEC77AB4EEE77AF1EE10FA88BFB0EE677AE7EE477A93
:2088C000B8F90030B0EE667A37EEE65AA8EE057AF4EEC77AF1EE10FA88BFF0EE477AC6ED1A
:2088E0008B7A07EE903AF8EEE77A27EE067A67EEA57AF0EEE77A002800F0B180F3EE096A88
:20890000F4EEE67AF1EE10FA40F1198136EEE7AADFEDAE7A2AEE27AA2AEE07AAD38D9FED1A
:20892000AC7A07EE903AF8EEE77A67EE878AB0EE680A1AF03BFC78EEC07A9FEDA66ADFED4C
:20894000A66ADFEDA65A9FEDA65A27EEA77AE7EE066AA7EE255A9FEDA36ADFEDA35AA6EE2A
:20896000876AFDEEC06AE5EE075A16EE903AF7EE006AD807E6EE076A67EEA57A05D5B1EE8F
:20898000677AF0EE667AF0EE476A984F97ED037A97ED006A67EE075A9907E6EE065A48BF42
:2089A000F1EE677AF5EEC05A48BFF1EE666AF1EE10FA40F39980F1EEE54AB7EE005AC5EE4F
:2089C000245A27EE257A26EE256A67EE275A66EEC79AB0EE657AA6EE267AE6EE279AB5EE4E
:2089E000C07AF1EE10FA40F2D88069EE8A8A804BDFF818A21B789AF800904C2B79D0B9F1E4
:208A0000000F40F09580B1EE007AF0EEE99AF7EE007AE9EEC77A774977489FED786A96EDA1
:208A20008C7AF4EEC67AF1EE10FAB8BFF0EE467AB0EE476A97EE8A6AF0EE477AE6EE097A52
:208A4000F7EE086AF4EEE67AF1EE10FACCBF01230023C6ED8C7A8AF80030FFF77CBAF2EE4B
:208A6000046AF4EEE67AB8F902309FED655AF1EE10FA48BF76EEE76A07EE903AF8EEE77A6D
:208A8000B1EE046A67EE857A48BF66EEA56AF4EEC67A58BFDFED596ADFED585AF1EE10FADC
:208AA00088BFF0EE467AF4EEE57AF1EE10FAB4BFB0EE65AAB0EE67AA2AEE07AA2AEE26AA27
:208AC0002CE727EE076AE3E69FED446ADFED446A9FED450AE7EE066AA7EE260A27EE809A6C
:208AE000002A3FF4A2AE9EE6F0EE4A8AF7EE009A7DE7DFED44AADFF818B129EEAA0A1AF081
:208B0000C5FDABF80600B9F1000F1BD0DFED3B7AB0EE670AC6ED8C7A1AF0B8FD89F00109BB
:208B2000ABF8020033493448ABF80890FFF713BA002330493048C6F83032FFF70CBA9FED1E
:208B40002FAAEBE6F1EE007AF0EEE99AB7EE007AA9EEE77A9FED296AD6ED8C7AB4EEC67AD0
:208B6000F1EE10FAB8BFB0EE467AB0EE676A97EE0A6AF7EE086AE6EE097AF4EEE67AF1EE00
:208B800010FACCBF4FF001094FF0000927EEAA0AC6ED8C7A8AF80090BEE7F5EEC09AF1EE5A
:208BA00010FA04D5F1EE4A8AFFEE009A1FE7F0EE4A8AF0EE459A1AE7B6240020000048439D
:208BC0000AD7A33B28130010CDCCCC3D0AD7233DB3A291BA762FA7BC00D8813E4AD99E3D6B
:208BE000A04B25BFCEE99DBF8E0FC93F84900020850D0020880A0020D6B5002000000000AB
:208C00000BD7233C0000C842908F0020BC250020880D0020C449DFEDC55A9FEDC56ADFED95
:208C2000C56A9FEDC57AF0B5024600F118040B46157A07EE905AF8EEE77A083267EEA57A8C
:208C40001431C1ED3D7A557807EE905AF8EEE77A67EE867AC1ED3E7A957807EE905AF8EEEA
:208C6000E77A958867EEA67A9442C1ED3F7A07EE905AF8EEE77A67EE877AC1ED407AD7D138
:208C800090F8691039B9D3ED4D7AB0EE047A67EE877AC3ED4D7A90F820209FEDA85ADFED4F
:208CA000A86A07EE902AF8EEE77A828C67EE857AC3ED517A07EE902AF8EEE77A67EEA67A64
:208CC000C3ED527A90F89F2007EE902AF8EEE77A67EEA67AC3EDBF7A90F8212007EE102A85
:208CE000B8EEC77AF7EE007A27EE267AB4EEE77AF1EE10FA88BFB0EE677A83ED537A90F802
:208D000039209FED907A002A18BFB0EE677A83ED587A90F8222007EE102AF8EEC75A25EE8F
:208D2000A67A83ED547A002A00F0F780DFED864A84EEA57A83ED557A90F8382007EE102AC9
:208D4000F8EE475AC3ED565A002A00F0E98087EEA57AB0F8A020A3F8F422C28F642462437E
:208D60004FF47A7583ED577A07EE102AD3ED005A828FB8EEC77A624327EE257A83ED5A7AA2
:208D800083ED597A07EE102AB8EEC77A27EE257ADFED6E5A83ED5B7A90F83A2083F800216F
:208DA000B0F846406C43C3F87841B0F848406C43C3F87C4190F84A4004EB84046400C3F863
:208DC000804190F84B4007EE104AB0F84240B8EE477A83ED617A07EE104AB0F84040B8EE77
:208DE000477A83ED627A07EE104AB8EEC77AB0F8444027EE257A83ED637A07EE104AB0F80C
:208E00004C40B8EE477A83ED647A07EE104AB8EE477A83ED657A90F8314005EE904A448E74
:208E200007EE104AF8EEE55AB8EEC77A848E27EE257A27EE267A83ED667A07EE104AB8EE17
:208E4000C77A27EE257ADFED425A27EE267A83ED677A90F8534007EE104AB8EEC77A3D4CD5
:208E600027EE057A84ED0C7A07EE102A90F85540B8EEC77A003C27EE257A18BF012483F8CD
:208E8000A04183ED3D7A90F89820DFED335A07EE102AB8EE477A27EE257ADFED305A83ED21
:208EA000417A90F8582083F8D82190F8562083F8D92190F8572083F8DA2190F8592007EEA5
:208EC000102AB0F85C20B8EE477A83ED8F7A07EE102AB8EE477A27EE257A83ED907A90F808
:208EE0005A2083F8442290F85B20B0F8604007EE102AB8EE477A27EE057A83ED927A002CFA
:208F000000F07D8190F83020032A00F27881DFE812F07C01270078017A01B0EE677A09E7A3
:208F2000B7EE007A15E700BF3C160010D730033D033F7A3E97AC0A3A9D381039CDCCCC3D6D
:208F40000AD7233C000000000000C84200007A44CDCCCC3C78270010399B0E386F12833A61
:208F6000022283F85822B0F86220A3F85A42A3F85C2290F8892083F85E2290F8642083F8AB
:208F80005F22AA4AAA4E126812F0020218BF90F8662083F8602290F8672007EE102AB8EE1E
:208FA000C77A003927EE067A18BF012183ED997A83F8681290F86A2083F869220246A0EB46
:208FC000C00512F86B1F07EE101AB8EEC77A00F16E0727EE267AA5F2563583ED9B7A12F866
:208FE000014F15F83210002900F01181A14280F00E8107EE104AB8EE476A07EE101AB8EEDA
:20900000C77A86EE075A9742A6EC015AE7D190F86F209FED886A07EE102AB8EEC77A27EEFC
:20902000067A83ED8D7A90F8702007EE102AB8EEC77A27EE067A83ED8E7A90F8812007EEE0
:20904000102AB8EEC76A26EE267A83EDA17A002A00F0E0809FED785A85EE067A83EDA27A69
:2090600090F8822083F8702290F883209FED736A07EE102AB8EEC77A27EE267A27EE066AD5
:2090800037EEC77A86EE075A83ED9D5A90F8842083F8782207EE102AB8EEC77A37EE277A11
:2090A00087EE876A83ED9F6A90F8852007EE102AB8EEC77A27EE257A83EDA07A90F8862022
:2090C00083F88C225E4A5278093A18BF012283F8982290F8882007EE102AB8EEC77A632AB0
:2090E00027EE257A83EDA57A90F8871006EE101AB8EE466A0AD8323207EE102ADFED514ABE
:20910000B8EEC77A84EE875A26EE056A83EDA46A90F88A20003A18BF012283F8A221B0F8C8
:209120009C20A2F57A7207EE102AB8EEC76A26EE257AB5EEC07AF1EE10FA6ED49FED425A07
:20914000B4EE456A9FED416AF1EE10FAC8BFB0EE467A83ED6A7A90F89A2006EE102AB8EE4F
:20916000C66A77EEC77A26EE266AB0F8A42086EE275AA2F57A7207EE902A9FED356A83ED47
:209180006B5AF8EEE77AF4EEC67AF1EE10FA47D49FED306AF4EEC67AF1EE10FA43DC67EEF8
:2091A000A57AB4EEE77AF1EE10FA88BFB0EE677A83ED6C7A90F9A22007EE902AF8EEE77A47
:2091C00067EEA67AC7EE876AB2EE047AC3ED6D6A90F8A620003A18BF012283F8B82190F871
:2091E000AA2007EE902AF8EEE77A111E67EE877A18BF012183F8B911C3ED6F7AF0BD002284
:20920000AFE60322ADE60422ABE60122A9E6B7EE005AF8E69FED107A20E79FED0F7A98E70A
:20922000DFED0E7ABDE7F7EE007ABAE75C76002060180010466419360000C8426F12833B7A
:20924000688D002000001643FF7F7744A4707D3FFFFF1F41FFFF7944000000000AD7233C3E
:209260002DE9F041724C9FED737AD4ED017A828867EE877A2DED028BFCEEE77A054617EE92
:20928000906A96423ED2C3889E423DD9B2B2EB88002B39D007EE902AB8EE678A07EE903A9B
:2092A000F8EE677A6449DFF8B081A16128EE277A67EEE77A0027E8EE087AC7EE278A08EBEB
:2092C00007001437D4ED000AB0EE681AB0EE480AD6F75AFE3C2FF2D16B8800EE103AB5F836
:2092E0006030A3B910EE103A002B00F09D8095F83030D4ED007A032B00F29680DFE803F0EA
:209300000A395070002AC2D14C4BA361E4E700EE103AECE79FED527A494BA36567EE877AD2
:20932000B8EE400AB7EE007A20EE270A002330EE077AE365C0EE077A2367C4F88430C4EDFB
:20934000187AC4ED1D7AC4ED227AB5F85030D4ED007A00EE103A002B00F0BC8195F85E30D3
:20936000032B00F2B781DFE813F07D004F0165018A0110EE103A9E4256D9324BDFF8DC8006
:20938000A365B8EE408A002708EB0700D4ED000AB0EE480A1437D6F72DFD3C2FF4D1D4E74C
:2093A0009FED297A294BA36567EE877AB8EE400AB7EE007A20EE270A002330EE077AE36554
:2093C000C0EE077A236623676367C4F88430C4F88830C4ED197AC4ED1E7AC4ED237AB4E727
:2093E0009FED1B7A1B4BA36567EE877AB8EE400AB7EE007A20EE270A002330EE077AE36530
:20940000C0EE077A2366636623676367A367C4F88430C4F88830C4F88C30C4ED1A7AC4ED1B
:209420001F7AC4ED247A90E7044BA3658DE700BF3C1600103333F33EEDF300082DF300083A
:2094400031F30008ADF30008D1331C414DF30008F92F454175F30008581600109816001035
:20946000DB0FC9401FED027AB24BC4F8983067EE877AB8EE400AB7EE007A20EE270A002329
:2094800030EE077AC4F89C30C0EE077AC4F8B030C4F8C430C4ED287AC4ED2D7AC4ED327A22
:2094A00094ED007ADFEDA46A2A8867EE266AF7EE007A0023002A40F01181A04AC4F8D82034
:2094C00095F8542006EE102AB8EE466A9C4A26EE266AC2F86C3136EE275AC6EE055AC2EDBF
:2094E0005C5A94F8D821002A40F00A819FED956A954A27EE066A002176EE275A86EE255A64
:209500009FED926A27EE066A76EE274AC6EE245A01310329C2F8DC31C2F8E031C2F800325B
:20952000C2F8043202F10C0282ED765AC2ED7F5AEED19FED876A95F89E209FED865A27EE6B
:20954000066A76EE275AC6EE254A05EE902AF8EEE55AB5F8A020A4F8F42285EE256A26EE8C
:20956000266A76EE275A86EE255A8AB1C4F8EC3206EE102A9FED784AB8EEC66AC4EE065A0A
:2095800065EEA66A76EEA75A86EEA56A84EDBC6AC4F8CC32C4F8D032C4F8D432C4EDB64AFE
:2095A000C4F89C32C4F8A032C4F8A43284EDAA5AC4F8DC32C4F8E032C4F8E432C4EDBA4A6D
:2095C000C4F8AC32C4F8B032C4F8B43284EDAE5AC4F8F83295F897209FED606AC4F8E830E4
:2095E00006EE902A27EE067AF8EE666ABDEC028B26EE877AC4F8EC3077EE277AC7EE276A03
:20960000C4ED3C6ABDE8F08110EE103A9E4261D9534B544FC4F89830B8EE408A0026B8194F
:20962000D4ED000AB0EE480A1436D6F7E3FB3C2EF5D135E79FED497A4B4BC4F8983067EE70
:20964000877AB8EE400AB7EE007A20EE270A002330EE077AC4F89C30C0EE077AC4F8A030B6
:20966000C4F8B030C4F8B430C4F8C430C4F8C830C4ED297AC4ED2E7AC4ED337A10E79FEDBC
:209680003B7A3B4BC4F8983067EE877AB8EE400AF7EE006A67EE807A002377EEA66AC4F8D3
:2096A0009C3087EEA67AC4F8A030C4F8A430C4F8B030C4F8B430C4F8B830C4F8C430C4F8E1
:2096C000C830C4F8CC3084ED2A7A84ED2F7A84ED347AE5E6194BC4F89830E1E606EE102AE4
:2096E000B8EE466A1349C4F8D81026EE266AC4F8DC3036EE275AC6EE055AC4ED385ADFE6E8
:2097000094F8DA21C4F8C03106EE102AB8EE466AC4F8C83126EE266AC4F8D03136EE275AD6
:20972000C6EE055AC4ED715AC4ED735AC4ED755ADCE600BF31F30008DB0FC9402DF30008D4
:20974000E8B70020D1744F443C160010ADD8AA437A0D1A4484169C43AA271F43D1331C41AC
:20976000ADF30008D81600104DF30008F92F454175F30008064B1B6843B9064B064A9A6171
:209780009A65C3F89820C3F8D820704768E500BF381600103C1600102DF30008184BDFEDCA
:2097A000196A5A889B881848184907EE102A07EE903AB8EEC77AF8EEE77A27EE267A67EE3A
:2097C000A67AF7EE006A77EE265A77EEA66A87EE256A10B40E4C0F4A0023236003600E4CE2
:2097E0000E48236087EEA67A5DF8044B0B604B6013605360036081ED026A82ED027A70473C
:209800005C92002008EC7F3A8492002078920020988F002088920020688F0020789000206D
:2098200030B42748274C284A2849A160616181604161916051612649916100232549136031
:209840005360D360136100220B604B608B60CB600B614B618B61CB610A841F49DFF8A8C0FB
:209860000A701E4923606360E360236103604360C36003610A60C4F818C0194C1949228006
:20988000194CC0F818C02270184C19482360194C194D2270194C03602270194C0B602360EF
:2098A000184CCB608B614FF480732A6022700A6130BC8A82CA610A8448600B81704700BF15
:2098C00040920020249200209091002000401C4600409C466C8F00202092002074920020A8
:2098E00064920020C891002066920020B0910020B8910020B4910020AC910020BC910020C8
:20990000C0910020C491002000504347F0B403461A4C08B1217811B12370F0BC70471848CA
:20992000184D194E0768194886F82010002202604260C26002612A606A60EA602A61326077
:209940007260F2603261124A82604261AA606A61104A8261AA61104A1160104AB8061170EE
:20996000DAD50F4909788907D6D50E490E4D0120107007C985E80700CEE700BF2092002047
:209980005C760020249200206C8F00204092002000401C4600504347749200206692002038
:2099A00098770020CC76002068920020D0ED027A9FED1C7A77EEA00AF4EEC70AF1EE10FAF6
:2099C0002FD4B7EE007AC7EE206A90ED046AD0ED005A90ED055AD0ED033AD0ED014A26EE32
:2099E000264A30EE650A67EEA66AA7EEC46A37EE667AE6EE805AF0EE456AE4EE004AE4EE14
:209A0000636A67EE877A27EE237AC0ED005AC0ED014AC0ED027A80ED037A80ED046AC0EDD7
:209A2000056A70475F708930D0ED057A9FED1C7A77EEA00AF4EEC70AF1EE10FA2FD4B7EEC7
:209A4000007AC7EE206AD0ED035A90ED015AD0ED024A90ED046A90ED004A65EEA63A30EE4F
:209A6000450A67EEA66AE7EEE35A37EE667AA6EE805AF0EE646AE3EEC66AA3EE804A26EE91
:209A8000076A67EE877A80ED004A80ED015AC0ED026AC0ED035A80ED046AC0ED057A70479F
:209AA0005F70893000000000034B33F8113000EE103AB8EE400A7047F08D0020024B036038
:209AC00043608360C3607047E803D00710B50023411C05244FF0010E4FF01E0C04E0013327
:209AE000122B01F812C011D0032BCCBF0122002200F813201A46F2D104231A460133122B39
:209B00008C7180F808E001F812C0EDD110BD00BF9FED010A704700BF0000000000207047EF
:209B20000120704703699FED060A33F8113007EE903AF8EE677AB6EE047AA7EE870A704754
:209B400000005C44054B1B781BB9054B187810B1704701207047034B18787047068D002036
:209B6000A48D0020648D002030B5EFF31183102282F312884FF0E022DBB29569116911F49C
:209B8000803F55491EBF01240C609569534A1268096883F31188524B11440024514A1C7028
:209BA00093F801E014684FF47A7C0CFB04F2BEF1010FA2EB0502B2FBF4F20CFB012205D999
:209BC000596840F6AC54511AA14222DCC0B27E282CD05A78E2B15A781B2A59D893F878205E
:209BE000002A72D0002280F0200083F878205A78022A03D1012808BF83F86C00997A5C78A4
:209C00005A7803EB411121440132D2B2C8725A7030BD354C19892478013189B2192C19811A
:209C200046D000215970C0B27E28D2D15978012926D9997A2D480131A0FB014000F4FF7472
:209C400004EB5000091ADC7AC9B28C4207D05C78987A997203EB4010013C80F8274093F856
:209C60006C1029B101200021187083F86C101A671D490978192923D000215A6783F878104B
:209C800001215970997A5A6003EB41139A6230BD00225A7014491A890978013292B21929BB
:209CA0001A81B5D1124A198951800223938030BD0F491C894C8001248C8000215970B2E712
:209CC000596F0B48511A0180D6E77D288FD1012283F8782030BD00BF24140020CC13002082
:209CE0002CBA002020140020850D0020ABAAAAAA880D002038B50D4D01460446E86FE2F7F2
:209D0000CFF9B5F88030082283EA042041F2210103B2002BB5BF81EA4303400098B280B24D
:209D2000013AF5D1A5F8800038BD00BF2CBA002010B51022044600211AF04EFF19232380B3
:209D400010BD00BF0E4A0F494FF0300C10B400230D4CA0F800C0426040F29E7C0B4A81618F
:209D60004FF4FA71C0F8124083705DF8044BA0F816C08360C3600382818383770262704782
:209D8000FA00F4017D00FA00020000020501640110B4054C8C460FCCACE80F002368CCF83A
:209DA00000305DF8044B704710B4002010B4054C8C460FCCACE80F002368CCF800305DF8FB
:209DC000044B7047B0BA0020024B6FF0020218681A607047C40A0020034B002283F8982001
:209DE00083F89920704700BF2CBA0020014BD3F89C0070472CBA0020064B074900226FF021
:209E0000020083F8A02083F8A120486083F8A220704700BF2CBA0020C40A0020064B93F89E
:209E2000A2202AB105490022486883F8A22070476FF00200704700BF2CBA0020C40A0020A6
:209E40000A4A13787BB10A4B5B6800218B42117006DB084AD81782FB0323C0EBA3007047A6
:209E60004FF0FF3070476FF0020070470CB40020580A002067666666054B00224FF0FF31C9
:209E800083F8A32083F8A420C3F8A810704700BF2CBA0020064B93F8AC202AB10022D3F8E6
:209EA000A80083F8AC2070476FF00200704700BF2CBA002010B5D0F787FA0D4BD3F8B0201F
:209EC0003AB1146891882269114202D0C3F8B40010BDD3F8B4208242FAD20649821AA1FB60
:209EE00000108009C3F8B800C3F8BC2010BD00BF2CBA0020D34D6210704700BF704700BFAF
:209F0000704700BF704700BF704700BF704700BF2DE9F041534C544BD4F8C0001D680028AB
:209F20005FD0D4F8C430002B68D002264FF05708012704E00BB9572855D0D4F8C00003689E
:209F40005B689847002846D0D4F8C0000368DB68984794F8A030012B35D0022BEAD194F807
:209F6000A120531CDBB22244102B84F8A13082F8C800E2D13D4A002302F10F0012F8011F6B
:209F80000B449042DBB2F9D194F8D7209A4214D194F8D23094F8D1201B0443EA022394F8FD
:209FA000D0201A431B0244D54FF0FF32304BC4F8DC505A60012384F8A230002384F8A030B0
:209FC00084F8A130B9E798B984F8C90084F8A16084F8A060B1E7D4F8DC3093B1EB1AC82B59
:209FE00014DCBDE8F08184F8C88084F8A070A4E75728F8D0002384F8A0309EE7C4F8C45075
:20A0000093E7D4F8C430EB1AC82BEADDD4F8E030EB1AC82BE5DD164B5A68023205D06FF026
:20A0200001010122596084F8A220C4F8E050BDE8F081D4F8D81094F8D30059B14B8803EB24
:20A040008303B2EB430FAFDB8B8803EB8303B2EB430FA9DCFF28A7D0064BA3FB0232D2086B
:20A06000A4E700BF2CBA0020CC130020F3BA0020C40A0020CDCCCCCC704700BF90F8603017
:20A0800043B942690121072082F84430A2F8460082F84810704700BF10B4084C084B2268C5
:20A0A000D968187722F020022260002283F82020C3E905215DF8044B996070475C76002025
:20A0C000607600202DE9F0471E4D1F4E2C68DFF87C900746023496F8E48059F82800D0F739
:20A0E000FFFEF0B9D0F79AF900F12705D0F796F9A842FBD3002634464FF0010A59F82800D2
:20A10000D0F7EEFE18B10AFA06F31C43A4B2092E05F134050BD0D0F781F9A842FBD30136A0
:20A12000ECE72B689C42D6D80020BDE8F08740F201232340B3F5007FF6D164083C70012011
:20A14000F3E700BFCC1300202CBA002044B3002013B5FF2304468DF807300DF10700FFF75F
:20A16000B1FF00B91CB99DF8070002B010BD013CF3E700BF074A13780BB91846704710B536
:20A18000002304461370D0F749F90346A361012010BD00BF7AB3002073B5204C002384F84C
:20A1A000E53084F8E63084F8E73084F8E8300144FF238DF807300546CEB22846FFF782FFFE
:20A1C000F8B115F8010B16F051FEEBB29E42F4D194F8E930EBB11248FFF774FF88B1114890
:20A1E000FFF770FF68B10DF10700FFF76BFF40B1B4F8E520B4F8E7309A4202D0C2238DF8FF
:20A2000007309DF80700A0F130035842584102B070BD0DF10700FFF755FFF2E72CBA002067
:20A2200013BB002014BB002038B50C4C0546D4F8F000036800221B68627008219847D4F83F
:20A24000F000036881211B689847D4F8F01028468922BDE838400BF01FBD00BF2CBA002001
:20A260002DE9F843774CE27AA37A9A4250D0E37AE27A04EB431304EB421293F82730167BA1
:20A280009A1E96424ED0704A23891278D4F8F46001339BB2192A23813ED00025E37A6B4A53
:20A2A0000133A2FB031202F4FF7101EB52029B1ADBB2E372D4F8FC307BB1D0F7AFF8236F57
:20A2C000C01AB0F5FA7F04DB002384F8FA3045F0040546B92846BDE8F88394F8FA30002B32
:20A2E000EBD1002EF6D05A4B1B689B1BB3F5FA7FF0D9584B1B78032B04D15749574A002349
:20A300000B8013800023C4F8F4302846BDE8F883D4F8F4600025CDE7514B21895980032251
:20A320009A80BAE7E27A04F10C0C0CEB4212D118002312F8015B2B448A429BB2F9D1FF2BC0
:20A3400006D9DAB202EB1323FF2B84BFDBB20133FF2B0FD03C4A23891278D4F8F460013328
:20A360009BB2192A238198D13D4B2189598004229A8092E7E27A012303EB42130CEB0302BD
:20A380001CF8035095B1012D23D02F4A23891278D4F8F46001339BB2192A23817FF47DAF19
:20A3A0002F4B2189598005229A8076E7192E59D0254A23891278D4F8F46001339BB2192A09
:20A3C00023817FF46BAF264B22895A8006229A8064E7082E10D01C4A23891278D4F8F460F7
:20A3E00001339BB2192A23817FF457AF1C4B2189598006229A8050E794F8F830D4F8F46045
:20A40000002B3FF44AAF5378102B00F0E68000F2D080002B7FF441AF94F8F930002B7FF466
:20A420003CAF94F80031D4F8FC20012B40F2F58022B11278303A012A40F2EF80002384F887
:20A4400000312AE72CBA0020850D0020ABAAAAAACC130020818E0020828E0020848E0020C9
:20A46000880D0020D17892F8058096780369B2F80150B2F8039092F807E092F809C0577B87
:20A4800001F03F01490108F0010841EAD6014FEA8828598048EA9918C5F30A01D67AB2F8DC
:20A4A0000F501980517CA3F80480B2F80580C8F34A08A3F806800EF07F0E92F806804FEA87
:20A4C0000E1E4EEA181EA3F808E00CF0030CB2F807E04FEA4C2C4CEADE1CA3F80AC0B2F8D3
:20A4E00009C0CCF38A0CA3F80CC092F80AC0F60046EA5C16DE81167B07F0070746EA072699
:20A500001E82B2F80D60C6F3CA065E82C5F30805967BAD0045EA96159D8201F00F01157C0D
:20A52000C90141EA5501D982B2F81110957CC1F30A111983B2F81310C1F30901490041EA2F
:20A54000D5115983517D157D01F01F01890141EA95019983B2F81510C1F34A11D983D57DD5
:20A5600040F2147115F0010F14BF0E46AD2615F0020F08BFAD211E8459842B4B2E071978AF
:20A5800034D46B0747D4032924D1137E274A2849C3EB8323A2FB0323264A5B0916680B809E
:20A5A000E37AC4F8F46004EB431301259B6A836174E6303B012B3FF670AE1F4BD2F8010061
:20A5C000B2F80510D279C4F80401C4F8FC3099809A7162E6174B1E68E2E794F8F9300BB932
:20A5E00084F8F950012384F8FA3056E603250329137E04D00F4B1E68C4F8F4604EE664222D
:20A60000C3EB8323B3FBF2F30A4A094916680B80C4F8F46042E60925E9E70122134484F878
:20A62000FA2084F8003138E6818E00201F85EB51848E0020CC13002030BB002070B5204C59
:20A64000CFF7ECFE236FC31AB3F5FA6FC4BF002323702378054623B90023C4F8FC300120A3
:20A6600070BD1749D4F8FC0000220BF015FE237883B9144B1B78192B06D00023C4F80C5136
:20A68000C4F8FC30012070BDD4F80C310E4AEB1AD380F2E7D4F8F000036800261B6866704C
:20A6A00008219847D4F8F000036881211B689847D4F8F010054889220BF0EEFA2670D8E76B
:20A6C0002CBA0020850D0020880D0020A4A2050838B5012814BF5048504800EE102A041F56
:20A6E0004F4A2DED028B226010EE102A002A00F0918007EE903AF8EE678ADFED4A7A68EEB9
:20A70000A78A032900F28680DFE801F002204563DFED457A454B2360B8EE400AB7EE007AB5
:20A7200020EE270A002320EE280A036030EE077A4361C0EE077A8362C0ED017AC0ED067A68
:20A74000C0ED0B7A0120BDEC028B38BD384AB2FBF3F307EE903A9FED377AF8EEE77A10EE25
:20A76000103A67EE877AFCEEE77A17EE902A934250D8314B2360B8EE408A044600F13C0547
:20A780002046F0EE680AB0EE480A1434D5F732FBAC42F5D1D6E7DFED297A294B2360B8EE55
:20A7A000400AB7EE007A20EE270A002320EE280A036030EE077A4360C0EE077A4361836132
:20A7C0008362C362C0ED027AC0ED077AC0ED0C7AB8E7DFED1C7A1C4B2360B8EE400AB7EE65
:20A7E000007A20EE270A002320EE280A036030EE077A4360C0EE077A836043618361C361DA
:20A800008362C3620363C0ED037AC0ED087AC0ED0D7A97E7002096E7101500105015001076
:20A820002DF30008BD378635DB0FC94031F3000820A107003333733FADF30008D1331C4139
:20A840004DF30008F92F454175F30008074B93F8E63243B15842184040F00100B0FA80F06C
:20A86000C0F11F0070474FF0FF307047281300102DE9F84FB04EB37C012B3AD0022B0CBF29
:20A8800007230023AD4C84F8F732002384F8E732AB4B1B780122152BA4F8E8222BD8022B53
:20A8A00008D9D91EC9B28A40A649114049BB12F4C02F29D1F57FDFF8C882A34F00239D42BF
:20A8C00088F8003096F8233008BFFF251D437B7813B145F00105EDB2B37FC4F8EC3215F0FA
:20A8E0000103DFF8A0924FF0000A11D189F8003025E00423C6E7322B06D03D2B01D02B2BD4
:20A90000D8D184F8E732D5E7012384F8E932D1E78E4BE364232089F800A0D0F7FFF87B7895
:20A920006BB1E36C02221A7014F004F838B194F81C31102B15D80B2B17D884F867A198F8DB
:20A940000000002833D14FF47A732380A4F8E4324FF07E53E3607E4BC4F8E0011870BDE860
:20A96000F88F112BE9D17B4A00E07B4AC4F8E4207A4AC4F814217A4AC4F81821794AE263BA
:20A98000794A2264794A7A490C3B52FA83F30A68DB7984F8673142F001020A60002BCED09D
:20A9A00098F8002042F0010288F800209EE7F37F96F82320DFF8D091DFF8D0B1AB421ABFF4
:20A9C0000125F077002510EA020304BF434203409A4284F8E6321CBF86F8233001250022D7
:20A9E00009F1100A98F8003003F001032AB325B1604B01229A73D7F7E9F9FFF727FF031E11
:20AA0000534AC0F291804FF4D2714B43E1183C3391F867011070D1F8E4202344E260C4F8B7
:20AA2000E031002B00F08580B3F85021B3F852312280A4F8E432012091E7002BD7D0B378B1
:20AA4000B7F90A20B7F908104B48003B18BF012384F86131FB7984F81E31B7F90C30C4E9A5
:20AA6000369A17F095FABB7984F8653194F81C31727884F86221132B43D032D80A2B48D0C0
:20AA8000122B15BF052202224FF47A704FF4487014BF4FF4FA514FF44861002384F81F2106
:20AAA00084F86431E26BA4F88E01A4F88C113348904794F867211A2A98BF2BFA02F24FF07B
:20AAC000000398BF02F0010394F8E82284F86631002A08BF002303F0010384F8E8320122B9
:20AAE00080E7183BDBB2022B35BF032205224FF4C8604FF47A7034BF4FF4C8514FF4FA512D
:20AB0000CBE7032A0BD002224FF448704FF44861C3E7062240F2654042F22831BDE74FF453
:20AB200048704FF4C851B8E7002313704FF07E5274E723807DE700BF0C72002028130010A3
:20AB4000850D002001280100602500203CBB00203C0600200000FA3D00007A3DCF57F73BB5
:20AB60000000C84129730408EDB10008A4A205085C7600202C24002090140010641300108E
:20AB8000F4B200205C25002064BB00207FF0DF07244A254938B50868D2F85831D2F8B8109C
:20ABA000994212D9D2F8B810C91A3C290DD8D2F8BC1045F66A44A14222DD1C494FF0FF34D8
:20ABC0000C603C3383420CD338BDD2F8B810C91A3C29F6D915493C336FF0010483420C60F6
:20ABE000F2D2D2F85C41C2F85801ACB12368A2881A830B20CFF73EFF2368A2885A8338BDB3
:20AC00000B4C0A4D84FB01C43C33C917C1EBE40183422960D8D2E4E7BDE838400B20CFF791
:20AC200029BF00BF2CBA0020CC130020C40A0020BF3CB6222DE9F04FBF4C2DED028BD4F8D4
:20AC4000600183B0002830D00368BC4D5B68BC4E0127984748B3D4F860010368DB6898473B
:20AC6000D4F86431297894F8A32001331D29C4F8643108BFF281052A10D8DFE802F0211B72
:20AC80003C2D4203552854D0B4F872310133A4F87231002384F8A37084F8A430D4F8600174
:20ACA00003685B6898470028D5D103B0BDEC028BBDE8F08FFE28F1D1022384F8A330EDE77C
:20ACC000152BD4F86001E9D99E491622E1F728FA012384F8A330E1E794F8A420531CDBB2A5
:20ACE00022440A2B82F8680184F8A430D6D1042384F8A330D2E70A2859D0012384F8A330E2
:20AD0000CCE7914B002203F10A0C13F8011B634582EA0102F9D1824245D0B4F87231013314
:20AD2000A4F87231012384F8A330002384F8A430B4E7B4F86C21B4F86E81DFED847AD4F8E9
:20AD400068C1B4F96891B4F96AA194F871B107EE102AB8EE478AA8F119031D2998B228EEBD
:20AD6000278A94F8703176D0F52B27D04FF0FF33C4F8A830012384F8AC30CFF74FFBB5EE64
:20AD8000C08AF1EE10FA79DD0023A4F89430012384F8963094F874310133DBB2052B4ED8F9
:20ADA00084F8743175E7052384F8A33076E7032384F8A330002384F8A4306FE742F6C763A2
:20ADC000984263D94FF0FF33C4F8A8304FF00008012384F8AC30CFF721FB4346B5EEC08A3D
:20ADE000F1EE10FA66DD012284F8952084F896200022019384F8948084F87421CFF70EFB7B
:20AE000007EE909AB8EEE77A07EE90AADFED506A019BF8EEE77A27EE267A67EEA67AC7EE95
:20AE2000086A87EE887A0BB10FFA8BF3C4F88400A4F88830C4ED236A84ED247A29E70523CD
:20AE400084F874310023C4F88C30C4F890300023A4F888301DE73A49F52BC1F804C04A8154
:20AE6000A1F80080A1F802B00B8125D04FF0FF33C4F8A8304FF69D738B817BE70023984624
:20AE800084F8953084F89480002381E7314BA3FB0823DB08C4F8A830012384F8AC30CFF758
:20AEA000BDFAB8F14F0F94BF4FF000084FF00108434693E70123E3E742F6C763984231D9BB
:20AEC0004FF0FF33C4F8A8304FF001084FF69D738B8184F8AC80CFF7A1FAB5EEC08AF1EEEF
:20AEE00010FA25DD4FF4807384F896804FF00008A4F8943084F87481CFF790FA07EE909AF7
:20AF0000B8EEE77A07EE90AADFED116AF8EEE77A27EE267A67EEA67A4346C7EE086A87EE1E
:20AF2000887A83E70B4BA3FB0823DB088B81B1E743464FF00008A3E72CBA0020850D0020ED
:20AF4000880D002064F9050894BB0020BD37863517B7D138CDCCCCCCF8B55C4C5C4BD4F8E4
:20AF600078011E68002864D0D4F87C31002B60D00368584F5B6800259847002846D0D4F8BF
:20AF800078010368DB68984794F89830032B36D8DFE803F0502E1F024F4AB22302F1060C4F
:20AFA00012F8011B0B449445DBB2F9D183423A7846D0D4F88C311D2A08BF484A03F101033E
:20AFC000C4F88C3108BF138184F8985084F8995015E094F89920531CDBB22244062B82F88D
:20AFE000800184F899300AD1032384F8983006E0592806BF022384F8983084F89850D4F881
:20B00000780103685B6898470028B8D1D4F88831F31AC82B0DDDD4F89031F31AB3F5FA7FCF
:20B0200007DDD4F87C311B78023B012B49D9C4F89061F8BD5928E2D1012384F89830DEE7D2
:20B040001D2AB4F8803115D0D4F87C215188994234D89188994231D31278032A1ED0082A6F
:20B0600028D0022A23D194F88421072A1AD10D3B9BB217E094F884010022114660F30F01F2
:20B08000B4F8820163F30F0260F31F4294F8850160F31F411148C0E90021D5E794F8842191
:20B0A000062A0BD9C4F89C30C4F888618CE76FF00103F7E794F88521592AF3D84FF0FF33AA
:20B0C000F0E7D4F8780112F017FAB0E72CBA0020CC130020850D0020ACBB0020880D0020B7
:20B0E0002DE9F84F734B744CD3F89461DFF81882DFF8189237462DED028B93ED688A47F8EE
:20B100004E0B04F1480A354694ED000A18F0BEFA94ED010A45F8040F18F0B8FA94ED020AA6
:20B12000E86018F0B3FA94ED030AA86118F0AEFA98ED030A686228EE000A18F0A7FA98ED21
:20B14000000A27F8020F28EE000A18F09FFAB9EC010AF88018F09AFA1834544508F1040846
:20B16000B881D1D1554FDFED568AB7EC017ADFED557AB5EEC07AF1EE10FA58BFF0EE678A3F
:20B1800006F1600506F16604B7EC010A20EE280A18F07CFA25F8020FA542F5D14A4F06F11B
:20B1A0003E0506F14608B7EC010A28EE000A18F06DFA25F8020F4545F5D1444F06F14C086E
:20B1C000B7EC010A28EE000A18F060FA25F8020FA845F5D13E4BDFED3F7A93ED000A20EEB8
:20B1E000270A18F053FA3C4AA6F84E00234606F1760432F9021F23F8021F9C42F9D1374BCB
:20B200001F78BFB1364D4FEA470804EB4707B5EC010A18F03BFA24F8020FA742F7D106F121
:20B220009603304A9844D18923F8021F984502F11402F8D12C4B2D49D3ED307A2C4B2D4A95
:20B2400049895B682C48A6F8A810FDEEE77AC6F8AC30517C294B006A1B88C6ED2C7AC6F844
:20B26000B40019B1C3F57F7303339BB2117C92F920209FED237A9FED236A06EE901A07EEF6
:20B28000902AF8EEE66AF8EEE77A66EE876A07EE103A67EE867AB8EEC77ABDEC028BE6EEAD
:20B2A000877AFCEEE77A17EE903AA6F8B830BDE8F88F00BF2CBA0020CC1A0010240A0020B8
:20B2C00000FEFFC600FEFF46548D002048160010F81B001000007A44860D0020D011001074
:20B2E000D81B0010EC0D0010A890002094760020F49F002038720020EC910020828E002076
:20B300000AD7233C0AD7234138130010D41900100FB400B583B004AB054953F8042B01939A
:20B320000020D4F753FF03B05DF804EB04B07047BDDD030810B590F860305BB90278032A31
:20B3400014D0042A19D0022A1C4C08D0002384F8A63110BD194C002384F8A63110BD012377
:20B3600084F8A431002384F8A63110BD134C84F8A431002384F8A63110BD4268017E0F4CC2
:20B3800052780120814284F8A40102F00F0209D00229DBD1002AD9D0162084F8A531E2F7F7
:20B3A0000BFCD3E72AB1152084F8A511E2F704FCCCE71620E2F700FCC8E700BF2CBA00207F
:20B3C00030B590F8603044699BB005467BB94368597884F844105B88A4F84630012284F819
:20B3E00048201BB030BD20680368DB689847206803685B6898470028F5D1014662220DF1CC
:20B40000060019F0E9FB174C174BD4F8EC211B6894F8E81117911344CDE9032304F5D4717A
:20B42000124B94F8FA210291059340F2FF516B690693ADF8041072B994F8F901642202FB01
:20B44000004001A900F5FE7019F06EFB4FF480726B69A4F8F9211868FF211BB0BDE83040EE
:20B4600015F032BC2CBA0020CC1300207DA003082DE9F04FC04BC14D1B782F682DED108B5F
:20B48000044683B04BB1002F40F08D8003B0BDEC108BBDE8F08FC5E9FAB6002FF6DDB84B49
:20B4A000B8491E78C6EB061301EB8707F0EE006A05EBC302D800F1EC017AF5EEC07AF1EE88
:20B4C00010FA67D9002E65D0131A93ED107AD4ED007A93ED0B4AD3ED0A4A93ED0D6A93EDED
:20B4E000095AD3ED0C5A77EEC77AF0EE473A67EE847A7833E6EE247A9A42E7EE853A97EE59
:20B50000A66A93EEA67A03ED116A03ED0E7A94ED006A94ED017AA7EEE56A84ED006A53EDB1
:20B520000D7A13ED106A37EE677AF0EE673A27EE047AA4EE867AE5EE073A97EE266AD3EE76
:20B54000A67A03ED106A43ED0D7A94ED016AD4ED027AA5EEC76A84ED016A13ED0C7A13ED5B
:20B560000F6A77EEC77A67EE847AE4EE867AF0EE474AE5EE274A97EEA66A94EEA67A03EDAD
:20B580000F6A03ED0C7A94ED027AA5EEE77A84ED027A9AD18F4202F128028CD103B0BDECCC
:20B5A000108BBDE8F08F784B784AD3F8903012681B69D5F8E48395ED087A02FB03F3744AD5
:20B5C00007EE903AD2ED006AF8EE677AF8EEE66AB8F1000FC7EEA68A37EE077A7FF75DAFC1
:20B5E000674BD5ED069AD5ED077A1B78D5F8EC63D5ED04FA95ED059ADFED66CA9FED66CAAC
:20B60000DFED66BA9FED66BADFED66AA9FED66AAD5F8E8B30193B7EE00FA8FEE29DA4FF0C0
:20B620000009CFEE27DA68EE878A0BE09AFBF7F607FB16A6002E00F0918009F10109C14578
:20B640003FF429AF05EB8603D3ED01EAF5EEC0EAF1EE10FA4FEA860006F1010AE6DD534A24
:20B6600007EE90AA5FFA8BF302EB830393ED007AF8EEE77A67EE877AF4EEEF7AF1EE10FA86
:20B6800074D4F4EEC97AF1EE10FA88BFF0EE497A37EEEFEA28EEA78AF4EECE9AF1EE10FAF4
:20B6A000B0EE480ACCBF2DEE0EEAB7EE00EA009017F07CFD78EE407ABDEEC07AF0EE4C5AD4
:20B6C00017EE103A27EEA77AF0EE6B6AE7EE2C5A13F0010F0098E7EE256AF0EE4A5A67EEF1
:20B6E000A67AF0EE6A6AE7EE0B6AE7EE265AF0EE4F6AE7EE256A05D0B1EE677AF0EE667ACB
:20B70000F0EE476A9B0744BFF1EE677AF1EE666A87EEA67ACBEB0B133044DB0003EBC0031D
:20B720002B449AFBF7F607FB16A6F0EE4F6A77EE2D7A6EEEADEAE7EE276A2EEE2EEACFEE6D
:20B74000267A83ED097A67EE276AC3ED0A7AC3ED0B6A83ED0CEA002E7FF46FAF019A0BF15B
:20B76000010B9BFBF2F302FB13BB66E79FED10EAF0EE6F7A8EE700BF04000010B0270010AE
:20B78000D0110010B4270010A077002020140020709F00204AD99E3DA04B25BF8E0FC93FA1
:20B7A000762FA7BC00D8813ECEE99DBF141E001000000000024B202153F82000CFF758BAC4
:20B7C00044B30020F8B5154E154B96F8E47004460D4653F827000121CFF74AFA2544002339
:20B7E00086F8E53086F8E630EDB2207815F01CFB14F8010B15F03AFBE3B29D42F5D196F8B5
:20B80000E9303BB196F8E50015F00EFB96F8E60015F00AFB3846BDE8F840CBE72CBA002011
:20B8200044B3002007B50F4B0268934317D0FF230421ADF8043043788DF8063083788DF89E
:20B8400007300DEB0100FFF7BDFF0220FEF780FCA0F130035842584103B05DF804FB012054
:20B86000FAE700BF00FFFF0013B5FE23ADF8043003788DF807300421B3FA83F35B0904463B
:20B880000DEB01008DF80630FFF79CFF0220FEF75FFCFF280CD121786068FFF793FF2820BC
:20B8A000FEF756FCA0F130035842584102B010BD0020FBE737B5054608460C46FFF7B2FF4B
:20B8C00078B123788DF8045001A802218DF80530FFF778FF2178606803B0BDE83040FEF7BA
:20B8E0005BBC03B030BD73B5064608460C461546FFF798FF98B12046FFF7B6FF78B10123EE
:20B90000022101A88DF805308DF80460FFF75AFF2846FEF71DFCA0F130035842584102B044
:20B9200070BD2DE9F04FA44CDFF89C92CFB0E067E2F716FF4FF000080DF1070084F864822E
:20B9400084F8658215F0ACFA9DF807302F2BF3D1DFF878A299F80030DAF8002003F0010354
:20B9600022B191881268002B3CD011830DF10500ADF8088015F094FA002835D00125BDF8CB
:20B980000C20B4F864329A4267D1002D0CBF00270327DAF800303BB199F800109A881B68A8
:20B9A000CE074CBF1A835A83002F40F061829DF805300EAD303B0595102B00F20182DFE8EA
:20B9C00013F0AE00D3004E00D7005D02F000FF013E01FF01B501DE010802FF01F801200276
:20B9E000E00030025183C1E70DF1110015F058FA0028C3D10DF1120015F052FA0028BDD180
:20BA00000DF1060015F04CFA0028B7D19DF806600EAF384615F044FA013E16F0FF0607F16C
:20BA20000107054602D00028F3D0A7E70028A5D1E06FE0F759FB0028FAD0E06FE0F75CFBE1
:20BA40008DF80D00E06FE0F74FFB0028FAD0E06FE0F752FB8DF80C0091E7032799E7574D28
:20BA600000264FF0090BDAF8003084F8808084F881803BB199F800109A881B68C80754BF3E
:20BA80001A835A83E06FE0F73FFB2E20FEF732F99DF80500FEF72EF99DF81100FEF72AF9EA
:20BAA0009DF81200FEF726F95846FEF723F9AB445FFA8BFBE06FE0F71BFB0028FAD015F813
:20BAC000010BFEF717F9EBB25B45F3D13846FEF711F994F88110E06FE0F7E2FA94F880109C
:20BAE000E06FE0F7DDFAE06FE0F714FBDAF800303BB199F800109A881B68C90754BF1A8360
:20BB00005A83002E3FF418AF2D4C2E4D2378002B40F0B681E0F760FA4FB0BDE8F08F94F81F
:20BB2000E93083B194F86632022B11D893B1FD23022109A8ADF82430FFF744FE0120FEF7FF
:20BB400007FBC12806D1002602AD4FF0010B8AE7042BECD0002384F8E93084F8EA30002633
:20BB600002AD4FF0010BC9E06C238DF80830EAE74FF4D963ADF80830002602AD4FF0020B88
:20BB800071E72E78022E07D9042E07D0002602AD4FF0010B092766E7002EF8D084F86662B7
:20BBA000D1E7074B2D781B78AB4211D8002602AD4FF0010B082756E72CBA0020C71B0608EB
:20BBC00064B3002044B30020D4130020D813002094F8663284F8E450022B28D84BB39DF871
:20BBE00012B00023ADF824300221012309A884F8E930FFF7E7FDBBF1010F1AD1A74E5946C5
:20BC000056F82500CFF734F856F82500CFF772F9A34A116813685B1AB3F5967FFAD356F8ED
:20BC20002500CFF757F92846FFF7C4FD01E0042BD5D0002684F8E96084F8EA6084E7994AF0
:20BC40002B78127884F8E9809A4284F8EA80ADD984F8E4300326944B09AA03F1100C1868AF
:20BC60005968154603C5083363452A46F7D11B782B70112109A8FFF7A5FD082106A8FEF750
:20BC80008BFA80B39DF81830342B2CD19DF81930372B28D19DF81A30312B24D19DF81C2079
:20BCA0009DF81D109DF81B3084F8EA2084F8E91084F8EB30B4F8E93049F20B40834231D03F
:20BCC0001ED803F5D94379339BB2082B05D840F2091020FA03F3DD0724D4013AD2B28E2AA3
:20BCE00001D8062920D0013E16F0FF06B3D16F4D84F8E96084F8EA604FF0040B0F27B2E61B
:20BD000003F5BF531F339BB241F2FE008342E4D80123664D84F8663284F8EC3000264FF0E0
:20BD2000040BA0E60223F4E70423F2E794F86622012A01D0042A43D12B788DF80830042A8E
:20BD40000CBF9B005B00DBB28DF8113004A800238DF81230FFF766FD00283FF400AF4FF493
:20BD60008173022109A8ADF82430FFF72BFD40F2DC50FEF7EDF930283FF4E5AEEFE62B7815
:20BD80008DF8103094F86632022B0DD8C3B1022B0CD104A90720FFF78DFD00283FF4DFAEEE
:20BDA0009DF810B000265EE6042B09D104A90320F1E72B788DF8103094F86632022B05D085
:20BDC000002602AD4FF0010B02274CE604A90420E1E79DF806308DF8103094F86632022B6E
:20BDE0000BD8002B3FF4AFAEFA2204A90120FFF77AFD00287FF4A7AEB1E6042B7FF4A3AED4
:20BE0000F2E79DF806308DF8103094F86632012BD6D0022B7FF4A3AE40F2DC5204A90520A0
:20BE2000E5E794F86652042DCAD19DF806308DF8103004A8FFF7F6FC00283FF490AE04A8BD
:20BE4000FFF712FD00283FF48AAE4FF48273022109A8ADF82430FFF7B5FC1420FEF778F904
:20BE600030283FF470AEC0287FF479AE2F466AE6002602AD4FF0010B0327F4E5012663E63F
:20BE8000013BDBB2022155F823002370CEF7F0FE237855F82300CFF72DF837E644B30020D6
:20BEA000CC13002064B30020B1A2050815BB00200388FF2B06D91A0A52FA83F3FF2B84BF15
:20BEC000DBB20133C3F1FF03038070472DE9F04FC04ED6F8008018F4005F85B000F00F81E0
:20BEE0000121BD4DBD4A6B8A10689FEDBD7ABD4CDFF850C395F808A0BB4FDFF84CB3217046
:20BF000005EE903AB94B84F801A01A88676006EE102A5A88C4F808B006EE902AB8EE466A52
:20BF2000F8EE666A9A8876EEC66AF8EE657A87EE265A00F596700CF1480EF0EE476AE6EE2A
:20BF4000456A06EE102ADA88C4ED076A06EE902AB8EE466AF8EE666A84ED085A76EEC66A5F
:20BF60001A8987EE265AF0EE476AE5EE466A06EE102A5A89C4ED096A06EE902AB8EE466ADE
:20BF8000F8EE666A84ED0A5A76EEC66A9A89DB8987EE265AF0EE476AE5EE466A06EE102AC6
:20BFA000C4ED0B6A06EE903AB8EE466AF8EE666A84ED0C5A76EEC66A8D4A87EE265A002337
:20BFC0001370A3618B4A8C4BE3606346A6EE457A84ED0E5A84ED0D7AE3EC017A734542F8E2
:20BFE000040FF9D118F4805F05BF6B8B07EE903AF8EEE57AF8EEE77A804BCCED037ACDE9BD
:20C0000002A14FF0190E03F1780040F29D3940F26B380BE007EE901AF8EEE77A5A780CEB34
:20C020008202C2ED047A0633834212D01A78002AF9D19A7893F803A05245F4D21EFB0281B0
:20C04000002AE7D11EFB0A9A07EE90AAF8EEE77AE4E7DDE902A103294BD0042942D0336876
:20C060001B0438D5664B01221A7095F82730DFED656ADFED655AA4786448654907EE903AF7
:20C08000F8EEE77A95F8283086EEA76A002202600A6006EE903AB7EE007AF8EEE66A36EECA
:20C0A000077ADFED5C7AAB7F77EEE67AC6EE076A0433A342A8BF2346574C237067EEA57AB3
:20C0C000C1ED016AC0ED017A54480260C0ED017A05B0BDE8F08FEB7B002BC6D0484B022242
:20C0E0001A70C2E74E4A4F4B1221C4E90123A170B5E7BAF10C0F0CD0C4E9017BAFE718F0C1
:20C10000010F01D00221ECE618F0080F4DD00321E7E615EE903A0A221B01B3FBF2F3A3F5DC
:20C12000B0639BB2002163F30F013F4A226163F31F413E4B636000230133092B42F8041B26
:20C14000FAD13B4BA3603B4BE36040201223A370E7F7B2FC0028CFD0AA7A6B7A90F9040031
:20C16000DFF8E880003A18BF0122003B18BF012343EAC2030193032300932F4A4FF4E13307
:20C18000402111F0E5F9C8F8F0000028B4D02B4F3B78ABB1002388F8F830194B1A78002A8F
:20C1A0007FF45DAF03221A7059E718F4804F01D0042196E618F0007F14BF0521002190E6AD
:20C1C0001F4BC8F88C3209F0B7FD02233B700123E1E700BF5824002038720020CC130020EA
:20C1E00000007A44688D0020119B030830810020708E0020248E0020219B03084873002052
:20C20000818E0020DB0FC9400000803BE88E002068B5002000008043A68D0020F08E0020BA
:20C22000A99A030875A1030894BC0020259B030861A203083DA60308699B0308CC920020CB
:20C2400029A203080C8D00201D9B03082CBA0020194B1A4913F810200968CAB1022A0DD08F
:20C26000CB054CBF164B174B03EB8003D3ED007AFCEEE77A17EE903A98B2704703EB400329
:20C28000587800EB800000EB800000F2EE20704702280AD90328E3D10B4B1B68D80407D5C4
:20C2A0008A0105D4094B1B7B13B9094B588A7047074B588B704700BFBC7F0020148E0020AF
:20C2C000A88D00200C8D002058240020348F0020387200202DE9F0410F46017899B10B4C51
:20C2E0000546804604F10806204618F08CFC30B1B042A0EB04003CBFA8EB05033B5418F89D
:20C30000011F0029F0D1BDE8F08100BF28BA05081B4A1C4B517C1B8882B019B1C3F57F736D
:20C3200003339BB2117C92F92020DFED175A9FED176A06EE901A07EE902A07EE103AF8EE66
:20C34000E66AF8EEE77AB8EEC77A66EEA56A67EE867A9FED0F6AE7EE267AFCEEE77A17EEDD
:20C36000903A9BB207EE903AF8EE677A67EE867AFCEEE77ACDED017A9DF8040002B0704749
:20C3800038720020828E00200AD7233C0AD723410D32C83D164BB3F84410164B09B91980BE
:20C3A0007047154A12881A8002B307EE901AB8EEE77A07EE902ADFED116AF8EE677A0022F9
:20C3C00067EEA67A5A60C7EE876A9A601A615A61DA611A62B7EE007A36EE877AC6EE877AA8
:20C3E000C3ED037AC3ED067AC3ED097A704700BF8C190010481900102C730020D1331C41F1
:20C40000D0ED017AD1ED036A91ED047A91ED054A90ED006AD1ED004A91ED015AD1ED025A0E
:20C42000284B67EEA66A27EE877A67EE847AE6EE246A1B7AA6EE057AE6EE257AD1ED064A30
:20C4400090ED026A91ED075AD1ED085AE6EE246AA6EE057AE6EE257AC0ED006A80ED017A0D
:20C46000C0ED027A03B17047174BD3EDA75A93EDA86AD3EDA93AD3EDA54A93EDA44A93ED33
:20C48000A65A67EE255A27EE066A27EE237AA6EEA46AE6EE845AA6EE857AD3EDAA6AD3ED16
:20C4A000AB4A93EDAC5AE7EEA65AF0EE466AE7EEA46AA7EE857AC0ED005AC0ED016A80ED9B
:20C4C000027A7047C40A00202CBA00200239D0ED007A90ED017AD0ED026A062976D8DFE85E
:20C4E00001F05C636E42084F0400B1EE477AF1EE677AF1EE666A80ED007AC0ED017AC0EDF6
:20C50000026A364B1B7A03B17047354BD3EDA75A93EDA86AD3EDA93AD3EDA54A93EDA44A9B
:20C5200093EDA65A67EEA55A27EE866A67EEA37AA4EE876AE4EE075AE5EE077A93EDAA7A02
:20C54000D3EDAB4A93EDAC5AE7EE265AB0EE467AA4EEA67AE5EE267AC0ED005A80ED017AD9
:20C56000C0ED027A7047B1EE676AF1EE666AF0EE477A80ED006AB0EE467AC0ED026AC0E728
:20C58000B1EE476AF1EE666AB0EE677A80ED016AF0EE467AC0ED026AB3E7F1EE677A80EDC7
:20C5A000007AC0ED017AACE7B1EE676AF1EE477A80ED006AB0EE467AC0ED017AA1E7B1EEB2
:20C5C000477A80ED007AC0ED017A9AE7B0EE476AB0EE677AF0EE467A93E700BFC40A002077
:20C5E0002CBA0020A8B1164A137823BB154991F8E632D80720D5144B88681B8B42F2107C8B
:20C600000CFB03F3B3FBF0F30120C1F8DC31107070470C4A0C4B92F8E6121B8B9068C907D1
:20C6200008D542F2107101FB03F3B3FBF0F3C2F8DC31704770477047D1F8DC31E4E700BF99
:20C64000DCB50020281300100C7200202DE9F0472DED068B7B4E7C4CB288D4F80490778B1B
:20C6600096F81380DFF818A2DFED789A002F18BF3A464B4641460020FEF72AF8A368F288D0
:20C68000317D0120FEF724F87149B1FBF9F107EE901A9FED707A3389728984F83800F8EE04
:20C6A000E77AC4F864A267EE877AFCEEE77A17EE905A07EE909A9D42F8EE678A3ED295420B
:20C6C00008D8B389F289C4F8A4A29D4239D3002B39D03CE0ABB2002AF3D007EE903AB8EED7
:20C6E000678A07EE902AF8EE677A28EEA99A28EE277A67EEE77A58495848C4F86412E8EEC4
:20C70000087AF0EE490A87EE27AAB0EE480AB0EE4A1AD3F739FCB0EE4A1AF0EE490AB0EE5E
:20C72000480A4F48D3F730FC4E48B0EE4A1AF0EE490AB0EE480AD3F727FCC2E7002BC0D010
:20C74000C9E7954202D8AFBB00233BE0ABB2002AF9D007EE903AB8EE678A07EE902AF8EE95
:20C76000677A28EEA99A28EE277A67EEE77A3A493D48C4F8A412E8EE087AF0EE490A87EE9A
:20C7800027AAB0EE480AB0EE4A1AD3F7FDFBB0EE4A1AF0EE490AB0EE480A3448D3F7F4FBBC
:20C7A0003348B0EE4A1AF0EE490AB0EE480AD3F7EBFBC8E7B8F1030FC6D8DFE808F0410221
:20C7C0003D3F022384F8F032B38BA4F8F43228EEA90A96F8203084F8F632A4F8F27210F0CF
:20C7E0008BF9244B656800221A60C3E9FA22224B1B7813B1284610F0D3FB07EE905A9FEDAA
:20C800001F7AF8EE677AF7EE006A67EE877ABDEC068B77EEA66A002387EEA67AC4F8F832C6
:20C82000C4F80033C4F8083384EDBF7A84EDC17A84EDC37ABDE8F0870323C3E70423C1E753
:20C840000123BFE70C72002028130010BD37863520A107003333733FEDF3000890150010F9
:20C86000A4150010B8150010D0150010E4150010F8150010B027001004000010BEB5A43AAB
:20C880002DF30008104B114918700B88D3B107EE903A9FED0F7AF8EEE76AC7EE267AFCEED2
:20C8A000E77A17EE903A07EE900AF8EEE77A67EE877A87EEA67AFCEEC77A17EE902AC1E9F3
:20C8C000012370471A46FAE700000010281300100024744930B5234CE16C0B78012B93B06D
:20C8E00002462DD0022B01D10B6A13B1002013B030BD60F07F028DF80B200DF10B02CDE9A9
:20C9000003230DF10A010122CDE9091204F14C0003A905928DF82C208DF84020CDE90733CA
:20C92000CDE90C33CDE90E338DF8183011930AF0A3FBE26C136A002BFCD19DF80A00D6E7E3
:20C9400091F904500DF10A01009194F850102846CFF786FC0028C9D02846CFF759FC00284B
:20C96000C4D0EAE7281300102DE9F04F2DED028B8DB0FDF77DFF8046002840F069819B4D6E
:20C980009B4E337896F80590012B00F0E880022B4BD0984F3E78731E0E2B1AD8DFE813F0F1
:20C9A0002802C500C500B800B800B800B800C5000F000F000F000F000F000F00D5018E4C14
:20C9C00004F124022378B34200F08E8306349442F8D12B6823F010032B60884E96F800909A
:20C9E000B9F1010F00F0AC80B9F1020F29D02B6823F080032B60824E824D0924002703E023
:20CA0000EBF796FA013C0AD03378002BF8D02B685B07FCD53770EBF78BFA013CF4D1404693
:20CA20000DB0BDEC028BBDE8F08F774F717838460AF0D0FD0028ACD0B078CEF7A9F9B860A0
:20CA4000A2E0724FD7F86041002C00F08183704C704A6260704A714BA260714AE260714A9B
:20CA60002261D3F810351422226044F620621A612B686D4A664882F8059043F080032B60EC
:20CA8000A368984700254FF6FD73A382A561E56125626562CDF7C2FC7388DFED647AA062EA
:20CAA00008EE103AB8EEC88A28EE278AB0EE480A16F09EFD5E4BF0EE407AB0EE480AC3ED05
:20CAC000007A16F0EFFA5B4AF38882ED000A002B91D007EE903A94ED007ADFED576A574AE0
:20CAE000574B1560B8EE477AF8EE677A556067EE277AB7EE007A67EEA67A1D6037EE877A0F
:20CB00005D60C7EE876AC2ED026AC3ED026A72E74C4B04221978B14200F04A82013A03F1F6
:20CB20000403F7D1484B1A6053E7484C0423013B3FF44FAF2278B24200F059820634F6E747
:20CB4000404B397803F110001A788A4200F0DD8004338342F8D13C4B00221A6047E7F2786A
:20CB6000013A022A00F28382284C274F282102FB01F1601880F8B43204F52D730B4480F8FF
:20CB8000B8223B6033793B71B9F10E0F3FF601AF44F22D1323FA09F919F001093FF4F9AE9A
:20CBA0003B681B78012B00F0C9804FF00009174CDFF854B0052604F54B7A6420CDF7AEFF76
:20CBC00001230D2152465846DFF7DAF828B194F82C33103B012B40F24C82013EEDD1B9F143
:20CBE000000F3FF4D6AE3E71D3E600BF5C7600207025002000B30020D8A205088C8C00200F
:20CC0000D4B5002000200140A89000202CBA0020608C002008001E0379A00308A07700201C
:20CC2000F99E0308AD9D03083C06002035FA8E3C14070020948C0020D4BCCC38EC8C0020FB
:20CC4000F88C0020FCA2050824B40020C4A20508B74CB84D6C2200212046B5F8E46217F003
:20CC6000BBFFD5F8E031B44DA361B3F8E030A382EB782377FDF7EAFDB04A030103F1080164
:20CC800013448818DB79515EA375B0F90220B0F9043004F1200015F07BF9AB78227D182B47
:20CCA000A2F10C0240F2A7830023052A27D8A449A44BA54D636051FA82F2A44992F86820D7
:20CCC000A160012A3FF45CAEA14999484A702A6842F002022A604FF48072A2819847A389B1
:20CCE000A4F8446007EE903AF8EEE77AF7EE006A86EEA77A84ED007AFFF74CFB40E6002B91
:20CD00003FF43DAE012BCFD139E6924A5978924CD2F8100521604FF47A7201FB02F28F4928
:20CD20000B608F4B63608F4BA3600A2A8E4BE360B8BF0A228D4B2361026199E63B79002BFE
:20CD40007FF433AF76233B7131E74FF40040E6F7B3FE00283FF43DAE0022032390F90400F5
:20CD60004FF40041CDE900324FF4E13310F0F0FB7F4AC2F8600100283FF42BAE7D4C7E4A5C
:20CD800062607E4AE2607E4A2261724B7D4A62610A22D3F8C83422604FF461722281DFF830
:20CDA0000C9244F620621A612B68724843F010032B60674B1E71E36898474FF0FF33C4E9F7
:20CDC0000733B4F908309FED700A07EE903AF8EEE77A27EE800AD3F741F9D9F800306362BF
:20CDE000002384ED060A238684F82830E362F4E55F4C94F85403CDF7CBFFC4F85C018246F7
:20CE000094F85503CDF7C4FF8346C4F8B000BAF1000F00F0D8819AF90630002B7FF4D9AD82
:20CE2000002800F0B1819BF90630002B7FF4D1ADBAF1000F02D00F23AAF806300121504674
:20CE4000CDF716FF5046CEF755F86420CDF766FE1023ABF8063058460021CDF709FF584670
:20CE6000CEF73EF8002840F0A081DFF840910521D9F80020CDE90212BAF1000F00F0B081DA
:20CE8000DAF80030BAF8040018830B20CDF7F2FDDAF80030BAF804005883DDE90212D9F823
:20CEA00000309B1A3B2B00F27D82BBF1000FF6D0DBF800C0BBF8040005E0D9F800309B1AD0
:20CEC0003B2B00F26F81DCF810301842F5D00123013900F06982002BCAD02C4BC4F858331B
:20CEE0002B4902238022584611F096FCBBF1000F0AD0BBF804202749B2FA82F24FF0004348
:20CF0000D3400A6813430B601A4C234A114B6260224AE260224AD3F8C8342261214A626148
:20CF2000214A1A61642323604FF4E17323813BE78C190010281300102C7300206025002040
:20CF4000A4A20508EB1704085C760020D9B000083C060020A0770020608C002024B4002050
:20CF600050001E07099F03080D9F0308919D03082CBA0020EC910020B0048403799E030899
:20CF800035AC0308959E030888C3643AB59E030884BD0020003C014090012C01FD9E0308DE
:20CFA00091AB0308C99D030870110100CC1300208E4A8F4C5978D2F8C80421604FF47A726E
:20CFC00001FB02F28B49DFF85C920B605B88A3804FF46173E3802381874BE3600A2A874B1E
:20CFE0002361B8BF0A22864B63610261DCE64FF40040E6F761FD034600283FF4EAAC93F9CC
:20D00000040000220323CDE900324FF400414FF4E13310F09DFA7B4AC2F8780100283FF417
:20D02000D8AC2378C2F87C41A288714CA2804FF46172E2802281744AE260744A2261023BB8
:20D04000734A6261012B4FF00A02226040F29980664BDFF8D091D3F8C82423684FF47A71B3
:20D0600001FB03F30A2BB8BF0A2313619CE6694F88E509210C200FF0A9FC2820CDF74EFD79
:20D08000012306AA63480821DEF77AFE9DF918309DF81820002BBFF67CAC52067FF579ACF7
:20D0A00094F82C33DFF86CB1112B14BF4FF0120A4FF0160A002603E04E44564580F0B480EE
:20D0C000AAEB0609B9F1090F28BF4FF0090906F1100106AAC9B25FFA89F332445846DEF7C1
:20D0E0004FFE0028E8D154E44FF40020E6F7E4FC034600283FF46DAC93F904000022032315
:20D10000CDE900324FF400214FF4E13310F020FA3C4AC2F8C00000283FF45BACA388C2F80B
:20D12000D840334C314AA3804FF46173E3802381394BE360394B2361394B6361D2F8C824CF
:20D14000DFF8E0900A23236042F2107313612BE64FF40040E6F7B0FC00283FF448AC03231B
:20D1600090F904000093019422464FF4E1334FF4004110F0EDF9C7F8600100287FF467AC03
:20D1800035E410F0B9F963E70F23AAF8063001215046CDF76DFD5046CDF7ACFE6420CDF73E
:20D1A000BDFC58E601397FF463AEBAF1000F02D000238AF80630BBF1000F3FF40AAC00238C
:20D1C0008BF8063005E400287FF42DAE0121CDF74FFD5846CDF78EFE6420CDF79FFC3AE614
:20D1E0000B20CDF747FCDDE9021258E6A0770020EC91002024B40020019F0308059F0308BF
:20D20000419E03082CBA0020D99D030859AF0308ED9D0308A8900020F99D0308119F030841
:20D220001D9E0308CC1300209DF819309DF818101A0942EA0112C90918BFA2F58052A4F87E
:20D2400030231B029DF81A209DF81B1003F470631A431B0548BFA2F58052A4F832239DF892
:20D260001C209DF81D30120142EA013242EA13111B04160303F47022BDF81E305BBA9BB2A8
:20D2800048BFA1F580111343100348BFA3F58013C4F83833BDF82030C4F834135BBA9AB235
:20D2A0001904BDF8223048BFA2F580325BBAA4F83C239AB21B04BDF8243048BFA2F5803226
:20D2C0005BBA1E04A4F83E239AB2BDF8263048BFA2F580325BBA1804A4F840239AB2BDF842
:20D2E000283048BFA2F580325BBA1904A4F842239AB294F82C3348BFA2F58032112BA4F8F4
:20D3000044235FD00023A4F8463354210620A4F848330FF05BFB94F82C33112B4DD02821AB
:20D32000384801230DF11702DEF72AFD9DF8171021F07F01072041F054010FF047FB0C21CE
:20D3400009200FF043FB072108200FF03FFB3B681B78012B2CD0022B03D12B4A137801334B
:20D3600013702A4BC7F8A430294BC7F8A830294BC7F8AC30284BC7F89E30284BC7F8B030F6
:20D38000274BC7F8B430274BC7F8B830264BC7F8BC302B68254A082143F0040391702B6052
:20D3A000FFF7F7BA002393E5002B3FF4FEAE94E51F4A137801331370D3E7542107200FF0A8
:20D3C00005FBBCE79DF82B309DF82A101A0942EA0112C90918BFA2F580521B02A4F8462355
:20D3E00003F470629DF82C301343120548BFA3F580531BB289E70F49D940C9077FF582AC74
:20D4000053E400BFA8900020587600203184040835840408398404080000C8AF3D8404083D
:20D420003D8C0408CD820408FD8304083C060020597600200118A201F0B500F10045134EE7
:20D440000746013D002056F8044B394603E09E4517D1A94213D011F8013BA3F14102192A2A
:20D4600014F8012BA2F1410C98BF2033BCF1190F02F1200EEBD99A4203D1002BE9D1C0B229
:20D48000F0BD01300628DED1F0BD00BF487205082DE9F04FA64C637903F0FD05012D8FB019
:20D4A00007D000236371A34B00221A700FB0BDE8F08F012B40F09A809F4B1B68002BF2D051
:20D4C0009E4A12689342EED99D4A402382F85C339C4927689C4D9D4C2D7864890C9501F190
:20D4E0001C00C2F8940101F1D800C2F898019848984D0480984C95F800802579E4780594D7
:20D5000005F0FD0409949548DFF87C92006887F48044C4F38034079487F080040023C4F334
:20D52000C014C2F860330694C1E90133C1E90333C1E90533A0F1BE0B01F5CA718848C2F87B
:20D540009C1187F00404C4F3800486490078049487F0020409680890C4F3400A8248FC43F5
:20D5600004F001049FED707B90F900C003947F4801F00204029401F0100401F004010B946D
:20D58000B0F900000A9189ED007B1E461D461C4601210D925FFA83FEBEF1230F00F29480AB
:20D5A000DFE81EF07900750075007500750075007500750075009200670067006700670047
:20D5C000670067006700670092000001FC00F600BC001E0119018A008A008A00B1001201D3
:20D5E000AE000B01B6002E0126010401032B7FF45AAF5F4B002280201A70E6F73DFA002884
:20D600003FF451AF036813F0800200F01F81802B14BF02230123574AC6791370564B90F903
:20D62000040053F82630A3F56132B2FA82F252095200019202220092802100220FF088FFBB
:20D640000C3E4E4B032E18600BD94D4B1B6803EB4303B3F5FA7F05D347F6F362934240F279
:20D66000F7804025364A82F85C5300287FF430AF19E7A3F1090EF0451CDBDFF810E19EF876
:20D6800000E0BEF1000F15D0BA0413D403E0F04510D33A050ED4A3F12006C3F1200E01FAAF
:20D6A00006F621FA0EFE46EA0E06344301FA03F63543012601336DE71BF833E0BEF1000F8D
:20D6C000F8D0FA07F6D4E6E70133252B7FF462AF0D9A0EB1C9E900542A4B03F1780003E0B2
:20D6E0000633984200F0948019781729F8D19C78D9788C4202D359790029F1D0012488E028
:20D700008445C8D1D6E7D646BEF1000FC3D1D1E7DDF81CE0BEF1000FBDD1CBE70B9A002A26
:20D72000C8D0BA06C6D4B6E70000000000000000801500207CB30020781300207013002008
:20D740002CBA00208CBD0020818E002094760020E8B90020D01100101C730020A4250020B7
:20D76000850D00205C760020F0B20020F2B20020C472002004BA0020AC6F050800BA002049
:20D780003816001048730020E0B9002004000010099A002A8ED03A078CD47CE7059A002A8B
:20D7A000F9D187E70A9A002ABBD183E7029A002A80D0FA053FF57EAF6DE7DDF818E0BEF127
:20D7C000000F7FF468AF75E7DDF810E0BEF1000F7FF461AF6EE7039A002A7FF45CAF69E764
:20D7E0000C9A002A3FF466AF7A063FF563AF52E7089A002A3FF45EAF7A053FF55BAF4AE718
:20D80000029A002A3FF456AFBA053FF553AF42E70024124B12491C70124C0968C2F8B41532
:20D8200000232360104C114923801148114CA2F8B035A2F8B235006823600B700E4BC2F8BA
:20D84000B80502221A700FB0BDE8F08F1346E2E60A4AA2FB0323C3F3471503E7FCB9002071
:20D8600064A00020F8B90020F4B90020EAB90020148E0020ECB900207CB30020D34D6210BB
:20D8800070B5114C23783BB9104B5B79032B04D0FFF7FEFD0123237070BD0D4D05F15406C7
:20D8A00002E00C35AE42F3D055F80C3C03F08103812BF6D115F9080CE2F770FD0028F0D0C3
:20D8C0000368002BE4D070BDFDB90020801500207872002008B5194B1B68834220DA184B76
:20D8E0005B79012B09D0032B05D1164B1B681B69A3B1984212DB022008BD7F28FBDC124B06
:20D9000012491A780B789A420B7836BFC3F18003D31A9B18C3F17F03984203DC012008BD97
:20D92000002008BD0B789A42F8D0094B1B78002BF4D00120D1F736F8F0E700BFD4B90020AB
:20D940008015002000BA0020D81E0020741300204C02002030B4184C1849226818480B88E7
:20D96000184D0132B5F900C02260013302689BB20132634502600B800BDB134BB3F8B025A8
:20D980000020013230BC0880A3F8B025A3F8B20570470D4A0D49B2F8B23591F9001001333B
:20D9A0009BB28B42A2F8B235A8BF002330BCA8BFA2F8B235704700BFECB90020F4B9002066
:20D9C000F8B90020F2B200202CBA0020F0B20020F0B41C4A1C4815791C4FD4795179006804
:20D9E0001B4E0123AB404FF4FA42B2FBF0F20FFA82FCA7F800C05BB2164F1748174D9C45A5
:20DA0000B8BF00233B700039154B18BF01211970144B002CF7EE007A134CB2EE047A4FEA06
:20DA2000022218BFF0EE477A1A60002333602B802360C0ED687AF0BCA0F8B035A0F8B235B7
:20DA4000704700BF8015002038160010F2B20020F8B90020F0B200202CBA0020F4B9002013
:20DA60007CB30020F0B90020ECB9002070B5424A424C5279D4F8BC35012A03F10803C4F81C
:20DA8000BC3505464BD03E4E306803689B689847D4F8BC350233C4F8BC353A4B1B783C2BA0
:20DAA00006D078B9D4F8C0350133C4F8C03570BD354AD08030B9D4F8C0350133C4F8C0352E
:20DAC000938070BD3068036829461B6898472F4BD4F8C425196802F164038B42E7D2D4F8D6
:20DAE000BC352B48B4F8C85503EB83035B008A1A0533B3FBF2F3A0FB0303224800783C28D4
:20DB00004FEAD302C3F3CF032DD0AB4288BFA4F8C8350023C4F8C415C4F8BC3570BD1D49AD
:20DB20001D480A78531CDBB285541A060B7044BF00230B701949087854BF1A461A4698425E
:20DB400008788ABFC0F18000121A12183F2ABED90A789A42BBD0124B1B78002BB7D00020CA
:20DB6000D0F720FFB3E7084812B2AB420280D0D9A4F8C8354280CCE7801500202CBA002030
:20DB800000BA0020850D0020880D0020CC130020CDCCCCCCD81E0020DC1E0020741300203D
:20DBA0004C0200207F2810B5044607D964F07F00C0B2E409FFF75AFF7F2CF7D8E0B2BDE82F
:20DBC000104053E770B504464720FFF74FFF754B754E1B685B0000F1CE80744D95F9303052
:20DBE00095F83000002B02DAFFF740FF0120FFF73DFF2B68D6F860239B1ADC1784EA430498
:20DC00007F2C07D964F07F00C0B2E409FFF72EFF7F2CF7D8E0B2FFF729FF6B68D6F86423D2
:20DC20009B1ADC1784EA43047F2C07D964F07F00C0B2E409FFF71AFF7F2CF7D8E0B2FFF7B9
:20DC400015FFAB685A4A82FB0312DB17C3EBA203DC1784EA43047F2C07D964F07F00C0B2AA
:20DC6000E409FFF703FF7F2CF7D8E0B2FFF7FEFE504B5B7A002B7AD06C8D7F2C10D964F0FB
:20DC80007F00C0B2FFF7F2FEB4F5804F4FEAD410C0F0858060F07F00C0B2FFF7E7FEA40B98
:20DCA000E0B2FFF7E3FEEC8D7F2C0FD964F07F00C0B2FFF7DBFEB4F5804F4FEAD4106CD307
:20DCC00060F07F00C0B2FFF7D1FEA40BE0B2FFF7CDFEB5F92430DC1784EA43047F2C07D907
:20DCE00064F07F00C0B2E409FFF7C0FE7F2CF7D8E0B2FFF7BBFEB5F92630DC1784EA4304D7
:20DD00007F2C07D964F07F00C0B2E409FFF7AEFE7F2CF7D8E0B2FFF7A9FEB5F92830DC1702
:20DD200084EA43047F2C07D964F07F00C0B2E409FFF79CFE7F2CF7D8E0B2FFF797FE6C6B73
:20DD40007F2C07D964F07F00C0B2E409FFF78EFE7F2CF7D8E0B2FFF789FE95F8302086F8A0
:20DD6000782395E80700144B83E8070070BDAC8D7F2C84D894E7D6F898311B68E41A7F2C08
:20DD800007D964F07F00C0B2E409FFF76FFE7F2CF7D8E0B2FFF76AFE1FE7044696E704468D
:20DDA0007EE700BFE0B900202CBA0020CC76002067666666CC72002098BD0020084655E629
:20DDC000F8B5051F044600F108062A46002152F8043F03F120003F2803F1080C03F102038F
:20DDE00042D8BCF10F0F0AD90229B8BF02219642EDD1032964D8DFE801F027160837032B36
:20DE0000F5D90129B8BF0121F1E7206800F03F0040F08000FFF72AFE2079FFF727FE207AC6
:20DE2000BDE8F84022E6206800F00F0040F04000FFF71CFED4E9013000F00F0040EA0310CC
:20DE4000C0B2BDE8F84011E6D4E90032A0681B01920003F0300302F00C02134300F0030068
:20DE60001843BDE8F84001E604F10C02002752F8043D03F18001FF294FEA870703F5004032
:20DE800006D9B0F5803F03F5000320D247F001079442ECD167F03F00C0B2FFF7E7FD55F851
:20DEA000040F07F00303022BC0B228D0032B18D0012B06D0FFF7DAFDAE424FEAA707EED140
:20DEC000F8BDFFF7D3FD6878FFF7D0FDF4E7B3F1807F34BF47F0020747F003079442C6D1C5
:20DEE000D8E7FFF7C3FD6878FFF7C0FDB5F90200C0B2FFF7BBFD95F90300C0B2DAE7FFF790
:20DF0000B5FD6878FFF7B2FDB5F90200C0B2FFF7ADFDD1E72DE9F04100F1100700243D465A
:20DF200057F8043DA40003F10802E4B22BB10F2A03F1800338D844F00104B842EFD1204624
:20DF4000FFF794FD0026B0460C3504F00303022B20D0032B12D0012B06D13868B8F1000F5B
:20DF600040D10001C6B298460437BD424FEA9404EBD1B8F1000F3BD1BDE8F0813868B8F14F
:20DF8000000F21D1C0F30720FFF770FD3878FFF76DFD06E03868B8F1000F0CD1C0B2FFF7B0
:20DFA00065FD4FF00008DFE7FF2B94BF44F0020444F00304C1E7C0F303103043FFF756FDD6
:20DFC0003E683601F6B2CFE7C0F303303043FFF74DFD3868C0F30710FFF748FD3E683601EB
:20DFE000F6B2C1E700F00F003043FFF73FFDD8E73046BDE8F04139E538B50E4B5B79012BBE
:20E0000005460CD00078044638B12C46FFF72EFD14F8010F0028F9D1641B204638BD14F0AF
:20E02000BFF90022044601462846D0F7FDFC204638BD00BF801500202DE9F04F754C994683
:20E040000B1E616885B00CBF042506254F1C0F9E934600F09C800E9B8B4243DDA9EB0B0345
:20E060000093109BDFF8D8A16B4FDFF8D0919B1BCDE90235002E48D1009B226801FB03F81A
:20E080000BEB0805002A38D15BF80800019214F087F9019A05303B68984207DD5F4B5B7929
:20E0A000012B58D0012005B0BDE8F08F1B1A3B6099F8CA35002B49D1012389F8CA35F2B91E
:20E0C0005BF80800FFF798FF95F904104B1C02D05348FDF71DF961680E9B01319942616098
:20E0E000C8DB039D0E9B8B427FD02068854294BF0020012005B0BDE8F08F0320CBE715442E
:20E1000048482979FDF704F9E5E7DDF808C0B64601FB0CF3DAF804601EF80350DAF80030DB
:20E12000C5F12000A5F12002EB4006FA00F026FA02F203431343DA0706D461680E9B013127
:20E140008B426160E4DCCCE7764695E72C20FFF78DFC2268B3E77F28A4DC334B33491A78E4
:20E160000B789A420B7836BFC3F18003D31A9B18C3F17F03984295DD0B789A4292D02C4B37
:20E180001B78002B8ED00120D0F70CFC8AE721680093A94203D3002005B0BDE8F08F254ABD
:20E1A00002EB81010746086F14F0FAF80B30FFF791FB824600287FF475AF20681D4A009B68
:20E1C00002EB8002032894BF39461946126F1A48FDF79EF8104A616813681B1A1360174B5F
:20E1E0000131616083F8CAA535E70120FFF772FB00287FF47AAF084A13680A20013B136038
:20E20000FFF734FC23684FF0FF32581C626020606CE700BF5CB90020D4B90020801500207E
:20E220008CF9050898F90508D81E0020741300204C020020A4A205087CF905082CBA0020A8
:20E24000E0B9002038B5044645200D46FFF70EFC2046FFF70BFC1E2C00F28A801E2C11D83A
:20E26000DFE804F011101010101010101010101010213A581010101010101010101010109F
:20E280001010680038BD2C687F2C07D964F07F00C0B2E409FFF7EAFB7F2CF7D8E0B2BDE824
:20E2A0003840FFF7E3BB6B7A287A002B68D080F08000FFF7DBFB6C68E0B2FFF7D7FBC4F3C7
:20E2C0000720FFF7D3FBC4F30740FFF7CFFB200EBDE83840FFF7CABB2C687F2C07D964F05C
:20E2E0007F00C0B2E409FFF7C1FB7F2CF7D8E0B2FFF7BCFB6C687F2CD0D964F07F00C0B268
:20E30000E409FFF7B3FB7F2CF7D8E0B2BDE83840FFF7ACBB2C687F2CC0D964F07F00C0B2C9
:20E32000E409FFF7A3FB7F2CF7D8E0B2BDE83840FFF79CBB2C687F2C07D964F07F00C0B282
:20E34000E409FFF793FB7F2CF7D8E0B2FFF78EFB6C687F2CA2D964F07F00C0B2E409FFF79F
:20E3600085FB7F2CF7D8E0B2BDE83840FFF77EBB0C48FFF741FEBDE838400020FFF776BBD8
:20E38000FFF774FB2B68DC1784EA43047F2C85D964F07F00C0B2E409FFF768FB7F2CF7D8CF
:20E3A0007CE700BF64F405082DE9F04FAB4B1B8891B00646002B40F0D382A94B93F90030FB
:20E3C000002B00F066823046A64DFCF789FE4920D5F89471FFF74AFBA34B1C687F2C07D9E4
:20E3E00064F07F00C0B2E409FFF740FB7F2CF7D8E0B2FFF73BFB3C687F2C07D964F07F0080
:20E40000C0B2E409FFF732FB7F2CF7D8E0B2974CFFF72CFBD4E90032D90100F1D581DE0080
:20E4200000F15882980000F13782D90200F17F829E0200F1B181180300F19681590200F1D0
:20E440007B811E0200F15A81002BC0F23A81D00700F11A81910700F1E380130700F1C4809E
:20E46000560700F1A180DFF81CB2DBF80030180557D5990424D5D5F894217D49C5F89821E8
:20E48000531AC5F89C217B4A9B1002FB03F37A4A013382FB0302A2EBE37202EB42029B1AF0
:20E4A000BC2202FB0311754BC5F8941101221A709BF80530012B00F0E68311B0BDE8F08F6C
:20E4C0006F4B1B78002BD6D0983707EB43094FF00A0806E0023708F101084F455FFA88F832
:20E4E000C9D0D4E90031C8F1200201FA02F223FA08F31343A8F1200221FA02F21343DA075C
:20E50000E8D5B7F900607F2E07D966F07F00C0B2F609FFF7ABFA7F2EF7D8F0B2FFF7A6FA0C
:20E52000D8E7B7F97830DFF8588107EE903A98ED427AF8EEE77A77EEC77AFCEEE77A17EED7
:20E54000906A7F2E07D966F07F00C0B2F609FFF78DFA7F2EF7D8F0B2FFF788FA98F800301B
:20E56000012B1CD907F1760909EB430907F1780838F9023FB7F978209B1ADE1786EA43062E
:20E580007F2E07D966F07F00C0B2F609FFF76EFA7F2EF7D8F0B2FFF769FAC845E8D1DBF83A
:20E5A000003099048CD566E707F1660807F1760938F9023FDE1786EA43067F2E07D966F000
:20E5C0007F00C0B2F609FFF751FA7F2EF7D8F0B2FFF74CFAC845EBD1DFF8A8B0DBF80030B5
:20E5E00018053FF546AF9CE707F1600807F1660938F9023FDE1786EA43067F2E07D966F088
:20E600007F00C0B2F609FFF731FA7F2EF7D8F0B2FFF72CFAC845EBD162685607C4D422E71E
:20E6200007F15A0807F1600938F9023FDE1786EA43067F2E07D966F07F00C0B2F609FFF736
:20E6400015FA7F2EF7D8F0B2FFF710FAC845EBD1626813077FF504AFC6E700BFF4B9002080
:20E66000F0B200202CBA0020F8B90020E0B90020A8BD0020CF467D6756555555EAB90020B2
:20E68000D01100108015002007F1540807F15A0938F9023FDE1786EA43067F2E07D966F022
:20E6A0007F00C0B2F609FFF7E1F97F2EF7D8F0B2FFF7DCF9C845EBD1626891077FF5CDAE97
:20E6C000AEE707F14E0807F1540938F9023FDE1786EA43067F2E07D966F07F00C0B2F6090F
:20E6E000FFF7C4F97F2EF7D8F0B2FFF7BFF9C845EBD16268D0077FF5ADAEC5E7B7F8B860EF
:20E700007F2E10D966F07F00C0B2FFF7AFF9B6F5804F4FEAD610C0F0118660F07F00C0B25D
:20E72000FFF7A4F9B60BF0B2FFF7A0F9D4E90032002BBFF68CAEC4E7D7F8B430DE1786EA88
:20E7400043067F2E07D966F07F00C0B2F609FFF78DF97F2EF7D8F0B2FFF788F9D4E900329D
:20E760001E027FF571AEC9E7D7F8B030DE1786EA43067F2E07D966F07F00C0B2F609FFF710
:20E7800075F97F2EF7D8F0B2FFF770F9D4E9003259027FF556AECFE7D7F8AC30DE1786EA06
:20E7A00043067F2E07D966F07F00C0B2F609FFF75DF97F2EF7D8F0B2FFF758F9D4E900329D
:20E7C00018037FF53BAECFE707F10C09B84658F8043FDE1786EA43067F2E07D966F07F005D
:20E7E000C0B2F609FFF742F97F2EF7D8F0B2FFF73DF9C845EBD107F1180958F8043FDE17C3
:20E8000086EA43067F2E07D966F07F00C0B2F609FFF72CF97F2EF7D8F0B2FFF727F9C84510
:20E82000EBD14FF01909A7F14808D4E90031C9F1200201FA02F223FA09F31343A9F12002EF
:20E8400021FA02F21343DB0700F13E8209F10109B9F11C0FE9D107F1240807F1300958F888
:20E86000043FDE1786EA43067F2E07D966F07F00C0B2F609FFF7FAF87F2EF7D8F0B2FFF7D8
:20E88000F5F8C845EBD1D4E90032DE007FF5CAAD20E012F04DFA96E507F1460807F14E09B1
:20E8A00038F9023FDE1786EA43067F2E07D966F07F00C0B2F609FFF7D9F87F2EF7D8F0B280
:20E8C000FFF7D4F8C845EBD1D4E90032D9027FF5AFAD2CE007F13E0807F1440938F9023F12
:20E8E000DE1786EA43067F2E07D966F07F00C0B2F609FFF7BBF87F2EF7D8F0B2FFF7B6F82C
:20E90000C845EBD1B7F946607F2E07D966F07F00C0B2F609FFF7AAF87F2EF7D8F0B2FFF759
:20E92000A5F8D4E9003298007FF57FADB4E7BE4BB7F8A8201B889B1A13F47E5FC3F30D06F3
:20E9400005D066F07F00C0B2FFF790F8F609F0B2FFF78CF8D4E900329E027FF56CAD1BE7E4
:20E96000B24BB34D1B68D5F8B4259A4240F09D81B04BD5F8B8251B689A4240F0B881B5F82D
:20E98000B235002B40F0C780AB4B93F90030002B00F0C18012F0CCF93046FCF7A1FBD5E956
:20E9A000657350200193FFF761F8D5F89431D5F89C211B6812681344D5F898211268A3EB2E
:20E9C0004203DC1784EA43047F2C07D964F07F00C0B2E409FFF74AF87F2CF7D8E0B2974C66
:20E9E000FFF744F8D4E9000EC3010DF1200800F1FC81019A07F13E0302F13E010DF11009A5
:20EA000007F1460AC44633F9022F31F902BFA2EB0B024CF8042BB1F908B0B3F908209A453A
:20EA2000A2EB0B0249F8042BEDD1C10000F16B82820000F16282C302C0F3005107D5019AD8
:20EA4000B7F8A830B2F8A8209B1A0893012182020BD5019AD7F8AC30D2F8AC209B1A10AA9C
:20EA600002EB8102013142F8203C0303C0F38059C0F3C05C40F14A81019AD7F8B030D2F8ED
:20EA8000B02010A89B1A00EB8102481C42F8203CB9F1000F40F03F81BCF1000F00F04884B0
:20EAA00010AB03EB8002881C0199B7F8B830B1F8B8105B1A42F8203C4FEA800908EB800A9B
:20EAC00000205AF8043D4000C0B20BB140F00100D045F6D1FEF7CAFFD14402E0CA4500F054
:20EAE00081815AF8043B002BF8D04FEAE37888EA4308B8F17F0F09D968F07F00C0B24FEAA4
:20EB0000D818FEF7B3FFB8F17F0FF5D85FFA88F0FEF7ACFFE2E7DFF834B1494B1B681C062B
:20EB20007FF5C6ACDBF80030D8043FF5C1ACD5F8CC25D5F860339A4200F0EB814820FEF7BC
:20EB400095FFD5F8CC35DC1784EA43047F2C07D964F07F00C0B2E409FEF788FF7F2CF7D8F8
:20EB6000E0B2FEF783FFD5F8D035DC1784EA43047F2C07D964F07F00C0B2E409FEF776FFEB
:20EB80007F2CF7D8E0B2FEF771FFD5F8D4352D4A82FB0312DB17C3EBA203DC1784EA430438
:20EBA0007F2C07D964F07F00C0B2E409FEF75EFF7F2CF7D8244DE0B2FEF758FF95F84600AA
:20EBC000002800F02182AB8F40F2BB72934240F2A58395F83E20013AD1B20B2900F29E83C2
:20EBE00095F83F40013CE1B21E2900F2978395F84010172900F2928395F841C0BCF13B0F3D
:20EC000000F28C8395F842503C2D00F28783DFF84090DFF8408001924FF0000E40F2B270FD
:20EC200040F26D1A28E000BFE8B9002064A000202CBA0020148E0020F0B20020E0B900202C
:20EC40005824002067666666CC76002080150020295C8FC2285C8F02B8EBB70FC0F0788369
:20EC6000BE4AB2EB371F2CBF4FF4B777574601308342BE4400F08A81820709FB00F7EBD06E
:20EC800040F26D17F3E7B64BB64A1B7812789A423FF413ACB44B1B78002B3FF40EAC00202E
:20ECA00011B0BDE8F04FCFF77DBEB04AC5F8B43512780893A2F10A03012B3FF659AE08A930
:20ECC0000020FFF7BFFA53E658F82930DE1786EA43067F2E07D966F07F00C0B2F609FEF70D
:20ECE000C5FE7F2EF7D8F0B2FEF7C0FEAEE59F4909920A78C5F8B8350A3A012A08933FF6FF
:20ED00003EAE08A91E20FFF79DFA38E6B9F1000F00F0F4820846019AD7F8B430D2F8B42014
:20ED200010A99B1A01EB8002411C42F8203CBCF1000F40F0D5820129089B40F00C834FEAFC
:20ED4000E37888EA4308B8F17F0F09D968F07F00C0B24FEAD818FEF789FEB8F17F0FF5D890
:20ED60005FFA88F0FEF782FED4E9000E0028C0F244821EF0010F40F012821EF0020F40F0B1
:20ED8000E0811EF0080F40F0AE811EF0040F40F07E81DFF8F4B1DBF800301A0540F14181AD
:20EDA00013F4005300F05782D5E965327049C5F89C21C5F898316F4A5B1A9B1002FB03F356
:20EDC0006D4A013382FB0302A2EBE37202EB42029B1ABC20694A00FB03110123C5F89411DA
:20EDE00013709AE6D4E9000EC0E7019B391D1A1D40460DF043FCC146C2465AF8043B4FEADA
:20EE0000E37B8BEA430BBBF17F0F09D96BF07F00C0B24FEADB1BFEF729FEBBF17F0FF5D817
:20EE20005FFA8BF0FEF722FE0BAB5345E5D1019B07F1100103F1100240460DF01FFC404616
:20EE4000FEF7BEFF4FF0190BD4E90031CBF1200201FA02F223FA0BF31343ABF1200221FA98
:20EE600002F21343D80729D40BF1010BBBF11C0FEAD1019B07F1280103F1280240460DF074
:20EE8000FDFB59F8043B4FEAE37A8AEA430ABAF17F0F09D96AF07F00C0B24FEADA1AFEF70B
:20EEA000E5FDBAF17F0FF5D85FFA8AF0FEF7DEFD0BAB4B45E5D1D4E9000E9AE5019AA7F14E
:20EEC0004803483A53F82B3052F82B209B1A4FEAE37A8AEA430ABAF17F0F09D96AF07F002A
:20EEE000C0B24FEADA1AFEF7C1FDBAF17F0FF5D85FFA8AF0FEF7BAFDB6E704A8FFF70AF8FA
:20EF0000D4E9000E97E54046FFF704F8D4E9000E8EE5D5F8D025D5F864339A427FF40EAEC3
:20EF2000174BB5F8B225B3F9003003EBD373B2EB630F00F00682134B95F8782393F8301003
:20EF4000914205D11968D5F86C23914200F0E8813046FEF737FEFFF7ABBA00BF0AD7A300C1
:20EF600074130020D81E00204C0200207CB30020A8BD0020CF467D6756555555EAB9002081
:20EF8000F2B20020CC760020801500209807019A40F0E6816427B3FBF7F007FB103080B231
:20EFA000002840F0DB814FF4C870B3FBF0F700FB17339BB2B3FA83F35B09C5480C2707FB32
:20EFC000032200EB42030027B3F888004FF461632044C04C704403FB01F1C0FB04174FF052
:20EFE0003C0E3B460A46CEFB8C2352197F2A144698BFD0B208D964F07F00C0B2E409FEF72F
:20F0000035FD7F2CF7D8E0B2FEF730FDB24B03F51B7207CA83E807003046FEF7D3FDFFF79A
:20F0200047BAAE4BD5F89C011978D5E9653200293FF4BCAE02F1760A03F176080AEB4103A2
:20F04000029700F176091F46039439F9022F3AF9023F134438F9022F03EBD373A2EB6302F5
:20F06000D31783EA42047F2C07D964F07F00C0B2E409FEF7FBFC7F2CF7D8E0B2FEF7F6FC57
:20F08000BA45E2D1DDE90274DBF8003088E6D5E9663202F1660AD5F89421029402F16609DE
:20F0A00003F1660803F1760B3AF9022F38F9023F134439F9022F03EBD373A2EB6302D317D9
:20F0C00083EA42047F2C07D964F07F00C0B2E409FEF7CCFC7F2CF7D8E0B2FEF7C7FCD84522
:20F0E000E2D1029C55E6D5E9663202F1600AD5F89421029402F1600903F1600803F1660B9C
:20F100003AF9022F38F9023F134439F9022F03EBD373A2EB6302D31783EA42047F2C07D911
:20F1200064F07F00C0B2E409FEF7A0FC7F2CF7D8E0B2FEF79BFCD845E2D1029CD4F804E056
:20F1400023E6D5E9663202F15A0AD5F89421029402F15A0903F15A0803F1600B3AF9022F72
:20F1600038F9023F134439F9022F03EBD373A2EB6302D31783EA42047F2C07D964F07F0042
:20F18000C0B2E409FEF772FC7F2CF7D8E0B2FEF76DFCD845E2D1029CD4F804E0F1E5D5E991
:20F1A000663202F1540AD5F89421029402F1540903F1540803F15A0B3AF9022F38F9023F7F
:20F1C000134439F9022F03EBD373A2EB6302D31783EA42047F2C07D964F07F00C0B2E409F5
:20F1E000FEF744FC7F2CF7D8E0B2FEF73FFCC345E2D1029CD4F804E0BFE5D5E9663202F1A8
:20F200004E0AD5F89421029402F14E0903F14E0803F1540B3AF9022F38F9023F134439F938
:20F22000022F03EBD373A2EB6302D31783EA42047F2C07D964F07F00C0B2E409FEF716FC16
:20F240007F2CF7D8E0B2FEF711FCD845E2D1029CD4F804E08DE5214A92F800A0BAF1000FC1
:20F260003FF4A2AD994607F19803019F01959837984603E009F10109CA4526D0D4E90020EE
:20F2800009F10A03DBB2C3F12001DA4000FA01F1203B0A4320FA03F31A43D507EAD537F91F
:20F2A000193038F91920D21AD31783EA42057F2D07D965F07F00C0B2ED09FEF7D7FB7F2DD6
:20F2C000F7D8E8B2FEF7D2FBD4E7019D6CE500BFA4A20508805101008CBD0020D01100101B
:20F2E000019A10AB03EB8101B2F8B820B7F8B8309B1A023041F8203CFFF7DEBBBCF1000F68
:20F3000018D0019AB7F8B830B2F8B8209B1A10AA02EB8102013142F8203C0CE5002073E640
:20F320005A68D5F870339A427FF412AEFFF7C0B8014600E500293FF419ADFCE40646FFF7AE
:20F34000F2B9B5F8B03559067FF4F5ADFFF7F6BB4FF4B7778BE40846FFF7AEBB01232CE692
:20F3600000232AE60EB470B583B007AC0546482054F8046BFEF77AFB2020FEF777FB2846A0
:20F38000FEF73AFE3A20FEF771FB23463246094901940020D0F71AFF04460A20FEF766FBF3
:20F3A000054A136803341B1B136003B0BDE8704003B07047BDDD0308D4B90020174B5879AC
:20F3C000012808D0032801D000207047144B186803685B69184770B5124D134E2B783478B8
:20F3E000A34284B004D0114B1B7803F0FF000BB904B070BD02A96846CFF7E8F9024628B179
:20F4000002A96846002312F0E7FD34782878201AB0FA80F0400904B070BD00BF801500204C
:20F4200000BA002074130020D81E00204C02002008B5154B5B79012B18D0032B14D1134B51
:20F44000186803689B689847114A124B116893F85C330B44B3F5807FA8BF4FF4807383423C
:20F46000A8BF0346136008BD0020EDE70A4A0B4B10781A781B78904236BFC3F18003C01A81
:20F48000C018C0F17F00DFE78015002000BA0020D4B900202CBA0020D81E0020741300209F
:20F4A0002DE9F84F704C0746CAF7B8FF94F8D855064625B1DFF8C08198F8003043B16B4A12
:20F4C000012313706A4A137000252846BDE8F88F684B5B7A93B9D4F8DC95DFF8A0A194F8DA
:20F4E00063364B450DD3634A002384F863365372012388F80030CCF7DBFFE6E74FF02009B3
:20F50000EBE7D4F8DC259A421AD90AEB83023AF82300917804EB830292F8E325C1F1FF01ED
:20F5200089B212FB07F24FF0640CB2FBFCF2D2B251B984F8602684F8612684F8622620E0A9
:20F54000002211461046E9E7C1F1FF0151434FF03C0C0912B0FBFCFEBEF1050F11D8DFE80C
:20F560000EF0032133485B6D84F86026521A42433C20B2FBF0F252FA81F284F8612684F80A
:20F5800062165A1C94F8611694F8600684F8632694F8622612F072FDCAF740FF801B142827
:20F5A0009DDD91E7B0FBFCFE0CFB1E0080B2C0F13C00A2EB010E0EFB00F0B0FBFCF050FAFA
:20F5C00081F084F86006D8E74FF03C0E5FFA81FC84F86126511AB0FBFEF20EFB120292B250
:20F5E00084F860C65143B1FBFEF18C4484F862C6C7E7B0FBFCFB0CFB1B0080B25FFA81FE4A
:20F60000C0F13C00511A84F860E64143B1FBFCF18E4484F861E690E7B0FBFCFB0CFB1B00E3
:20F62000A2EB010E80B200FB0EF0B0FBFCF050FA81F084F8600684F861167EE74FF03C0EEE
:20F64000B0FBFEFB0EFB1B0080B25FFA81FC84F86026AEEB0000521A84F861C64243B2FBFE
:20F66000FEF29444C2E700BF2CBA0020C81A001084190010C40A0020FC0D00200CC00020B2
:20F6800038B5114D95F8D845A4B9CEF72BF888B1D5F8DC0505F5BC6223462146834202F1A9
:20F6A000040208D1012385F8D8356420FFF7F8FE0028FAD038BD22F8041C02F8021C02F81A
:20F6C000011C0133EAE700BF2CBA002003681B6A184703685B6A18470368F7B5DB690446C0
:20F6E0000D461646984718B12B7873BB337863BB174B93F8642642B393F8651629B3134474
:20F7000093F867760FBB0DF106012046FFF7E1FFD8B1104B2F70104A37701B68BDF806C0F4
:20F7200017680E49013B002B0FDB01EB03120024BC4201DB013BF6E732F802EBF44504F145
:20F740000104F5D101332B70347003B0F0BD00BF2CBA002004B4002080B3002084B30020C4
:20F7600098B1002910DD094B1B688B420CDB002A0ADD074B1B689A4206DC02EBC102054BFB
:20F78000093A33F8120070470020704704B4002080B3002084B3002068B159B1064BD3F89A
:20F7A0007006884206DB03EB41030120B3F8723613807047002070472CBA00202DE9F04F06
:20F7C0000C468FB00546002800F08E8003685B6898472B689F68814617B12846B847074637
:20F7E000002604AA0DF1110128468DF811608DF81060FFF771FF0DF10F01804628468DF89F
:20F800000F60FFF763FF0DF1120101902846ADF81260FFF75EFF2A680596926A834605A907
:20F82000284690472268019B511C216082F800902268511C216017702268511C216082F874
:20F84000008022689DF811108246501C2060117022689DF81010501C206011702268511C10
:20F860002160137023689DF80F20591C21601A7023685A1C226083F800B0BDF812102046CA
:20F88000D0F750FF23685A1C226083F800A02268059B511C216013702268511C2160190A7E
:20F8A00011702268511C2160190C117022681B0E511C216013702B680DF12809DB6A4A46EE
:20F8C00006A92846984723685A1C22608046187006AF46450CDB2B681B6BABB121462846EA
:20F8E00098470FB0BDE8F08F4FF0FF09074677E737F8021B2046D0F715FF39F8161020460A
:20F90000D0F710FF0136E4E72268511C21601370E7E700BF10B5104C104B114A207861783F
:20F92000106019608022A11C0E4815F0FDF80E4AD4F8E200D4F8E61002F5CD6303C394F8EE
:20F94000EA10C2F8701604F1EC0302F2746C0FCB8CE80F0010BD00BFE473002080B3002002
:20F9600004B4002084B300202CBA002070B5054602E005F8014B5AB111F8014B1646013AC0
:20F98000002CF6D128463246202115F025F9354400232B7070BD00BF2DE9F0410B0102337F
:20F9A000C2180024DFF8748082B00F46C450064600F1D20554609460D460013428462246E8
:20F9C0004146D0F753FD082C05F10205F5D107EBC70511497A1C68468235D0F747FD3544FB
:20F9E000EC4602E005F8013B5CB11CF8013BA046013C002BF6D128464246202115F0ECF828
:20FA000045443E44002331372B7086F8CA7086F8E23002B0BDE8F08194F9050898F905086D
:20FA2000072909DCC1F1080201F176035200002100EB430015F0D0B8704700BF07292EDCAC
:20FA40002DE9F04301F13F03DFF8548083B0894600EB830600274A46414601A8D0F706FD57
:20FA6000344603230DF1040C02E004F8010B5BB11CF8010B1D46013B0028F6D120462A465E
:20FA8000202115F0A9F82C4409F10109B9F1080F277006F10406DED103B0BDE8F083704781
:20FAA0009CF9050870B51B4C84B000264FF4804084F84860E4F700F848B3032390F9040016
:20FAC000154DCDE9003632464FF4E1334FF480410DF03EFD95F8F431206084F8443068B192
:20FAE00095F8E8310D4ACDE90132D5F8EC31009332463346314620460DF096FC084B094AA0
:20FB0000A5F88836C5F88446937004B070BD024DF4E700BF849F00202CBA0020C1B303086E
:20FB200001010100B4C00020F8B51F46CC2305464171061D0371841D2AB1114620463A46E0
:20FB400014F0F2FF3C44A6421BD205F1030C601E00231CF8011F08224B4059B25B0000293D
:20FB6000DBB2B8BF83F0D503013AF6D16045F0D104F8013B31462868A21BBDE8F840DCF722
:20FB8000CFBA0023F4E700BF2DE9F04FAF4DB04E87B005F5FC7B05F5FE7995F8FA31376860
:20FBA00023B395F8F841642303FB04B404344FF002084FF0000AE3682046002B3ED0BB42BB
:20FBC0003CD2A36D002B00F33081236984F8608003B1984795F8FA21531E4C46DBB22AB1AA
:20FBE00085F8FA3185F8F8A1002BE4D1D5F88436002B00F0A680186803685B6898470028EA
:20FC000000F09F8095F8D516002940F09A8095F88C36002B40F0FA80D5F884361868036854
:20FC2000DB68984795F88C36042B00F2D380DFE813F0E200DA00CC00B7004A006369186840
:20FC400003685B6898470028D0D0636918680368DB689847A3783BB994F85720012A00F0C9
:20FC6000A7810AB9552898D16268D054A37860780133DBB29842A3708FD194F857100129A7
:20FC800000F09A81002940F0B08163681A78552A00F0C5812369012284F86020002B3FF4B4
:20FCA0007CAF2046984794F8602095F8FA31002A7FF473AF002B3FF470AF013B85F8F82102
:20FCC00085F8FA3169E70822CC2359B25B000029DBB2B8BF83F0D503013AF6D195F88E1602
:20FCE00008224B4059B25B000029DBB2B8BF83F0D503013AF6D195F8CC26564CA71882B15C
:20FD0000013C013F14F8011F08224B4059B25B000029DBB2B8BF83F0D503013AF6D1A742BC
:20FD2000F0D1984204BF012385F8D536002385F88C36D5F884363268C5F8D026002B7FF4E5
:20FD40005AAF454E454FDFF82091DFF820A11C244FF001083A6808FA04F3134000F08880E5
:20FD60003378002B40F085801D2CB9F8463000F07E811E2C00F0E4809B0704D4D5F8F03113
:20FD8000980740F17A819AF8001011F0010140F07481334B1B6813F0600F00F072816CE12B
:20FDA00095F8CC3695F88D26934208D23C2B11D8E9180133DBB281F88F0685F8CC369A424A
:20FDC00008D1042385F88C3604E0032385F88D0685F88C36D5F884363268C5F8D026002B8C
:20FDE0007FF409AFADE7502885F88E06E9D0CC2385F88C36EEE7CC28ECD11A484C2200215D
:20FE000014F0EAFE012385F88C36E3E73368D5F8D0269B1AC82B7FF6FFAE12484C2214F0D5
:20FE2000DBFE012385F88C36F6E694F85720012A00F0E080002A00F0EB80A26800213A44FE
:20FE4000013BA170E260A365D0E600BF2CBA0020CC130020BBC00020B4C00020148E0020A0
:20FE600098250020B8C00020849F0020F5250020337001341F2C06F101067FF46BAF9AF850
:20FE8000003003F00103002B65D1B14B1B687A6803F0600302F4005213435CD195F8A42106
:20FEA000002A40F0038195F8A631002B53D1A94BDFEDA95AD3ED036A95F8A521F4EEE56A3D
:20FEC000F1EE10FA40F358819FEDA46AF4EEC66AF1EE10FA40F1508193ED007AB4EEE57A9B
:20FEE000F1EE10FA40F37C81B4EEC67AF1EE10FA40F16381D3ED017AF4EEE57AF1EE10FAA4
:20FF000040F3C481F4EEC67AF1EE10FA40F1AF81DFED987A93ED027AB4EEE77AF1EE10FA37
:20FF200000F1DA81002A00F0BD81DFED8D7A93ED027AB4EEE77AF1EE10FA0CDD012228E14D
:20FF40005B0703D4D5F8F031580798D59AF80030D90740F1F480B9F846309A0506D4D5F8FA
:20FF6000F0319B0502D407B0BDE8F08F95F8D536002BF8D095F88E160023502985F8D5362F
:20FF8000F1D17848784AB0F90430D9F8004082FB0352DB17C3EBA20302680492ADF814302F
:20FFA000002CE0D07148062304AAFFF7BDFDDAE7CC283FF459AEF0E5A8B16768013F38447D
:20FFC000002317F8011F08224B4059B25B000029DBB2B8BF83F0D503013AF6D18742F0D1B0
:20FFE000003B18BF012384F860302369002B7FF458AE58E660690268002A3FF41EAF22468C
:020000040804EE
:2000000094F8563012F8181BFFF78EFDA36D14E763692178186810F057FEA36D0DE75A78F5
:20002000012A7FF437AE9A78FF2A7FF433AE1A79AA2A7FF42FAEDF78DA70606800F1040C8D
:2000400010F8013B082259404BB2002BB8BF5B004FEA4101B6BF83F03103C9B2D9B2013AC7
:20006000F2D16045ECD17B1A18BF0123BBE7D90706D4D5F8F031DA0702D40134013669E60F
:20008000012199F844308DF81010012B4DD023B9D9F80000013110F017FE013401231F2CB3
:2000A000337006F101067FF455AEE8E6294A9FED2A7AD2ED026AF4EEC76AF1EE10FA7FF71B
:2000C0004AAFDFED267AF4EEE76AF1EE10FA7FF542AFD2ED016AF4EEC76AF1EE10FA7FF79E
:2000E0003AAFF4EEE76AF1EE10FA7FF534AFD2ED006AF4EEC76AF1EE10FA7FF72CAFF4EE4C
:20010000E76AF1EE10FA7FF526AF194917480222CDE901214FF4C872009203211A460DF00F
:2001200083F9012385F8A63115E7D9F80020002AB3D00E48194604AAFFF7F6FCADE7044B03
:200140001A6812F0600F7FF4A1AE022199E700BF982500200C8D002000C0A8440040CE44F4
:200160000000F044908F002067666666849F002035B3030800008744002A3FF4ECAE93EDFB
:20018000007A5FED047AB4EEE77AF1EE10FA17D502225B4B029302214FF4C873CDE900315C
:2001A0008DF810205748012304AA0DF03DF9012385F8A43185F8A631CDE6002A3FF4CBAE93
:2001C000D3ED017A9FED506AF4EEC67AF1EE10FA5ADCB4EEC67AF1EE10FA14DD0322D8E7BD
:2001E000002A3FF4B8AEDFED497AB4EEE77AF1EE10FACDD4D3ED017A9FED436AF4EEC67A8A
:20020000F1EE10FA40DC9FED416AF4EEC67AF1EE10FA45D49FED3E6AF4EEC66AF1EE10FA4F
:200220007FF799AEDFED3B5AF4EEE56AF1EE10FA7FF591AEB4EEC67AF1EE10FA7FF78BAE59
:20024000DFED346AB4EEE67AF1EE10FA7FF583AE9FED2F7AF4EEC77AF1EE10FA7FF77BAEC4
:20026000F4EEE67AF1EE10FA7FF575AE5DE6002A3FF471AEDFED247A93ED017AB4EEE77A95
:20028000F1EE10FA7FF767AE042282E7002A3FF462AEDFED1E6AF4EEE67AF1EE10FACFD5CB
:2002A000052276E7DFED187A93ED027AB4EEE77AF1EE10FA7FF74FAE114912480222CDE973
:2002C00001214FF4C87201230092042104AA8DF810300DF0A9F86AE7002A3FF43CAE084AA9
:2002E000084802214FF4C873CDE9011200938DF81010012304AA04210DF096F857E700BF8D
:2003000035B30308849F00200000F0440000874400C0A8440040CE4470B5344B344C1A6804
:20032000002582B00A23284684F8213065776560A26184F8255084F82C50F9F7ADFE2D4B5E
:200340001B78023B022B4FF0020036D9E3F7B4FB00283CD065778379274E062BC6F8D85629
:2003600038D0052B35D0042B36D0032B37D0022B38D0012B08BF05252CD0657FA57790F9FF
:2003800004402046E3F79EFC431EDBB2012B19D880201A4B1A4A019003EBC503032193F8D5
:2003A000B830009152F823302046002202210DF0CFF8C6F8DC0650B1012002B0BDE87040EF
:2003C000F9F76ABE031F58425841C001E1E702B070BD01256577D0E702256577CDE71D4675
:2003E0006577CAE704256577C7E700BFCC13002060760020CC7200202CBA0020A4A2050852
:20040000AC6F05084FEA116CBCF1400F10B530D011D8BCF1300F2FD00BD8BCF1100F02D0E8
:20042000BCF1200F05D14FF0010E1C1D7444802C0AD9002010BDBCF1500FFAD14FF0080E23
:200440001C1D7444802CF4D8C4180D33A172090C2173002184F80DC00344E17202EB0E0C50
:2004600012F8011B03F8011F6245F9D10EF1040010BD4FF0040EE3E74FF0020EE0E700BF0A
:2004800030B53B4B1B784B2B08BF3A4BA5B008BF1880394B93F82410044681B360BB842266
:2004A00000210DF10A0014F097FB344A344BD27A34498DF812401344212093F8E8308DF820
:2004C0000E0042F2110001258DF800306A46ADF81000052301A88DF80B50FFF793FF00F15F
:2004E0000903294A0192DBB2294601A8ADF808300BF022FE25B030BD0134E4B2CFE7802268
:200500000DF10E0014F068FB4FF6FF73ADF80A300CB10134E4B2194A194BD27A1B4D8DF84A
:200520000C401344242093F8E8308DF8283042F21073ADF812300523ADF808008DF8163016
:200540001348079003224FF0FA1300218DF80D2006933C22C82301A8ADF8141001958DF8F6
:200560002120ADF826300BF0E7FD25B030BD00BF850D0020880D002060760020CC72002024
:20058000A4A205081C001120B562068AB562062464002C0100B5194B93F82410A5B091B9CB
:2005A00093F8233013B925B05DF804FB144A0391082301A8CDE90123ADF810100BF0BCFD4F
:2005C00025B05DF804FB842200210DF10A0014F003FB01210B4A8DF80B1042F2D00C0923CE
:2005E00001A88DF80E10ADF810C00192ADF808300BF0A2FD25B05DF804FB00BF6076002052
:20060000B5620686B562068A10B5A4B003238DF80A008DF80B10064C8DF80C20002101A855
:200620000194ADF808300BF087FD24B010BD00BFB562060130B5A5B00B46044684220021AF
:200640000DF10A008DF80030012514F0C5FA6A462146002301A88DF80B50FFF7D3FE031D4A
:20066000054A0192DBB2294601A8ADF808300BF063FD25B030BD00BFB562068A114A92F8AE
:2006800024100346D9B930B592F82320A5B05AB90D4D0E4C8DF80C30114601A8CDE90154B1
:2006A0000BF04AFD25B030BD094A074C8DF80C3001A8CDE901420BF03FFD25B030BD0548E7
:2006C0001946B7E760760020B5620601030001300300013516009120234BD3E900210A433D
:2006E00003D1224A92F8461001B9704730B5918F1F4D01F00300A1F5FA6100EB400C88084C
:200700001C490C6892F83E10013901EB8C0192F83FC035F8111040F2B55E0CF1FF3C0EFB18
:200720000011614492F8400092F842C001EB410100EBC10092F84110B2F84420C0EB00102F
:2007400001EB8001C1EB01100B49614401EB80014FF47A7C0020C1FB0C20121B60F100004A
:20076000C3E9002030BD00BFA86D0020CC760020A06D0508CC13002080436D3841F28733FC
:20078000984282B03BD941F2F14398420DD81D4B5B680193BDF80420BDF80630002062F31B
:2007A0000F0063F31F4002B0704741F2196398429CBF00F5947080B241F20C73984228BF8A
:2007C0001846A0F5B05040F263131A380E4A03FB00F04308A2FB032349F6F93290424FEA63
:2007E000530305DC094A03EBC303A2FB0323DB084FF47F42ADF80430ADF80620CAE7002399
:200800000193C7E7A0A305085B3D3B04CDCCCCCC40F2023201230849A0F803204FF4FA7CEF
:2008200043714FF4F00241F60103A0F806C08160C2600380704700BF3200016470B4404AF5
:2008400038BB137863B1517888080341DC071ED501F0010103281AD8DFE800F049564F4C92
:20086000384B1B789BB1384B384D9B7A05EB8305147964B1364A374E002352F8041B490302
:2008800044BF286846F8230001339C42F5D170BC70475378013303F00F03537033B1137873
:2008A000086800F5C330A0300860CBE72A481370C37863BB2948C07810B143F00403137081
:2008C00027480078C50729D5264800780028E7D00C6843F0080304F5C3341370A0345078E1
:2008E0000C6081080B41DB07D1D500F0010129BB1D4DBDE711BB1D4DBAE71D4BA3F118055B
:20090000002918BF1D46B3E7C1B91A4DB0E71A4B1B78002BCED002231370CBE71748006880
:200920000028D1D00F48007843F0010313700028CED10C6804F5C334A034D0E7034D97E7E1
:200940002CC10020D09F0020E0B20020A0A30508408100200CC000201C730020C025002078
:20096000F5250020808E0020B8A30508D0A30508C8A30508A8A30508A5760020982500203F
:2009800030B420B91E4A137A9BB130BC70471D4B1B784BB31A4A0868012B08BF1A4C137A03
:2009A00018BF1A4C83F00103204413720860002BEBD11749147991F8E7C0002CE5D00CF150
:2009C000200C144D01EB8C0C51F8042B02F44072B2F5407F04BFDCF8000045F82300013355
:2009E0009C42F1D130BC70470B68054A03F57423012003F5107330BC10720B60704700BF78
:200A00002CC10020A576002020A1070048E80100408100200CC0002030B42F4AF0B92F4C47
:200A200094F8303053BB2E4B93F8E910203103EB810C147984B12A492A4D002251F8043B9D
:200A400003F4A063B3F5A06F04BFDCF8000045F8220001329442F1D130BC7047537AF3B110
:200A6000013B1E4CD8B20B68507203F5C32303F520730B6094F83030002BD4D01A4B1B689A
:200A80009806D0D51949537A0978890714D5E3B9134B93F8EB10203103EB810CC9E70F4C93
:200AA000907A94F83050854202D893720420DAE7013090720120D6E7002BB4D1084B93F8F6
:200AC000EA10203103EB810CB3E7054B93F8E710203103EB810CACE72CC10020CC76002016
:200AE000408100200CC000205C76002098770020514B2DE9F047DC7A002860D1002C59D01B
:200B00004E4AD2ED007AB3EE097AF4EEC77AF1EE10FA51DCBBEE097AF4EEC77AF1EE10FA6F
:200B20004CBF4FF0010C4FF0000C4FEACC0CD2ED017AB3EE097AF4EEC77AF1EE10FA6BDD50
:200B40004CF0010C1D79ADB393F90C6093F90D8093F90EE093F90F70394CDFF8F4A0DFF8F9
:200B6000F490002113E04245B4BF0022012273454FEA420219DB42F004021CEA020F1CBF4B
:200B8000D9F800004AF821000131A94212D054F8043B9A03F8D503F00F02B242C3F3031369
:200BA000E1DC73454FF00102E5DABB42D8BF42F00802E2E7BDE8F0874FF0040CB7E7214AB2
:200BC0000868127892B31D4A1F4DD2ED007A92ED017AF0EEE77AB0EEC77AF4EEC77AF1EEB0
:200BE00010FAB8BFF0EE477AFDEEE77A84F0010417EE902A193A02EB4202C2EB021285FB8C
:200C00000265D217C2EBE5120532104D95FBF2F20244DC720A6071E7BBEE097AF4EEC77A33
:200C2000F1EE10FA48BF4CF0020C8BE700F5433000F5A070086061E72CC10020548D0020DD
:200C400040810020A78D0020353AFC4440420F000CC00020ACA305082DE9F043334B68B1F7
:200C60001A7C002A3ED03248013AD2B21A740278D20739D42F480A6802440A601C7924B37A
:200C80002B4A2D4F15781E7C93F807E0DFF8BC80002305F0010539469C4602E00133A3423D
:200CA00013D051F8042BC2F303200628F6D106EB0C0065B190FBFEF90EFB1900012809DD46
:200CC0000133A3420CF1010CEBD1BDE8F0831CF0010FF5D1C2F38352203257F8220048F8AE
:200CE0002300EDE7DA79BEE7144A1548D2ED037AFDEEE77A642417EE902AA2F57A7204FBF9
:200D000002F280FB0240D217C2EBA01202EB42020C48C2EB021280FB0240D217C2EB6012CF
:200D20000532094890FBF2F0A5E700BF2CC10020F5250020400D0300408100200C8D002042
:200D4000D34D62101F85EB5140420F000CC000202DE9F043204B48B120480A68C0895C690F
:200D600002F5824220441A3258610A60197981B35C691B4A19481B4BB0F80C801A4F82FB14
:200D800004522244E417C4EB621403EB810C174A00204FF4B4764FF47F4503E0634502F189
:200DA000040216D053F8041B8904F7D508FB004187FB01E989444FEAE17ECEEB292E06FB5E
:200DC0001E110130634511805580C0B202F10402E8D1BDE8F08300BF2CC10020E0B20020EB
:200DE0008988888840810020B7600BB60CC00020F0B5002837D12D4B187978B32C4A2D4B36
:200E0000167892F9015092F902702B4AC6F1FF0403EB8000E4B24FF0000C03E0984202F13D
:200E200004021BD053F8041B4904F7D55FFA8CF1491B81EAE17EAEEBE17EBEF1010F0EDC99
:200E400079B1B94206BFA6F17F01C9B221469842D1700CF1010C02F10402E3D1F0BD082107
:200E6000F5E73146F3E7124A1378F02B0DD90F4B92F901409D797F20AC42107090780EDA24
:200E8000002C0CDB2044507003E003F10F00074B10700A6802F582421A320A60ACE740426B
:200EA000C0B2907020445070F3E700BF2CC10020D00A0020408100200CC000201A4A30B4E7
:200EC000138BC8B903F00103A3B9147994B1174A174D92F8E8C00CF1200C02EB8C0C52F8DF
:200EE000041B090444BFDCF8000045F8230001339C42F4D130BC7047032B4FEA530408D976
:200F00000868148300F5C330A03004F001030860DAE70B6803F5C33348F20500A03330BC92
:200F200010830B60704700BF2CC10020408100200CC00020024A026000234360704700BF79
:200F400001000001034BDB6B984314BF01200020704700BF2CC10020094A0A4B11781B78C5
:200F600099420CD010B4084C13782468D9B20133DBB2C0B2137060545DF8044B7047704784
:200F80007C7F00207D7F0020787F00200023038083708380C380038170472DE9F04F204B29
:200FA00085B04FF0000804462220CDF8078093F800A093F801B09D78B3F80490DF881E7A23
:200FC000CDF80A80F0F750FD18B117B1B9460125C246144B1B78DA070AD4134AD2783AB985
:200FE000012E1BD0022E03D113F0020F08BF01258DF80C608DF804A08DF805B08DF80650A3
:20100000ADF80890ADF80A7001AB03CB1B88206020466160238105B0BDE8F08F3546E7E7EA
:20102000D8730020F5250020C0250020002230B504461046914200DC30BDA35C08255840FF
:2010400043B2002BBABF5B0083F0D5034300013DD8B2F5D10132EDE770B50A4C94F848200A
:201060000625531CB3FBF5F605FB163394F84950AB4205D004EBC202C2E9130184F84830A7
:2010800070BD00BF2CC10020F8B51D4CE71C030A2072054606213846E371FFF7C7FF637BC1
:2010A0006072DB0727D4E289AA4224D1154DD4F80330EB67C3B285F8823041F26F704FF687
:2010C000FF73824218BF0123134405F17C06C3F30722304685F8802085F88130FFF7A6FFD5
:2010E000072185F882003046FFF7B6FF052104F11400FFF7B1FFBDE8F84003480721ABE7F1
:20110000D00A00202CC10020D30A002010B50C4C40F00803637794F90A30022B05DD42077A
:2011200003D583071CBF0123A37405210548FFF77DFFA077BDE81040024806218CE700BFA3
:20114000D00A0020E90A00200320704728B1034B93F90A00003818BF01207047D00A00200A
:2011600010B5E1B10E4B1B68994218DCBAB10D4B1B689A4213DC0C4C0139013A03FB01226E
:2011800004F11F00052184F82320FFF74FFF84F82400062104F11F00BDE810405CE710BD32
:2011A00004B4002080B30020D00A002010B5FFF7CDFF38B1194C94F90A30012B02DD11B1A1
:2011C000022B02D110BD022B14D0A37C93B969B180230521124884F82930FFF727FF84F81C
:2011E0002A00BDE810400E48062135E70420BDE810408BE794F90D30B1FA81F040091A075C
:201200004FEA800048BF40F002005B0703D40029EDD00028EBD140F00100E8E7D00A0020DF
:20122000F50A002008B5FFF791FF48B1A1F59C53083BB3F57A7F03D2BDE80840084623E7D0
:2012400008BD38B5FFF782FF30B10B4B5C7BE40703D500230B70137038BD084D93F90B3062
:201260002C7893FBF4F401340C70297893FBF1F401FB14330133EEE7D00A002080B30020F6
:2012800008B5FFF763FF10B1014B1B7B0B7008BDD00A002038B5FFF759FF0D46044628B1AB
:2012A0000A4B5A7BD20703D5D8892880204638BD93F90B20064B07481B7892FBF3F103FB96
:2012C000112201320131FEF74BFAEEE7D00A002080B300204806002008B5FFF737FF48B1CA
:2012E000054B93F90A20012AC3BF5B7BC3F340030B60002008BD00BFD00A002038B50B6803
:201300000C4D5A1C0A6005221A700B68AA7A0C46591C21601A7023686A7B591C21602046AE
:201320001A70298ACFF7FEF92368AA7C591C21601A7038BDD00A00200420704730B1044B88
:2013400093F88300012894BF00200120704700BF2CC100207047074B93F8852083F88410F7
:201360008A4205D0044A83F88510142082F82B00704700BF2CC10020D00A00200F4BD3F8F3
:20138000880038B1D3F88C2022B1884214D88A4206D27047A1F59C52083AB2F57A7F0BD23E
:2013A000D3F89420C3F89010914205D0044AC3F89410142082F82B00704700BF2CC10020A2
:2013C000D00A002008B5FFF7B9FF10B100230B70137008BD70B5FFF7B1FF98B10B4BB3F8EC
:2013E000982082B10A4B0B4E1C680023A3421D4601DB002006E036F8155001339542DBB258
:20140000F4D10B7070BD1346FBE700BF2CC100209CC00020A0C0002008B5FFF78FFF18B152
:20142000024BD3F89C300B8008BD00BF2CC1002008B5FFF783FF60B1064A92F8A03092F832
:2014400084205B0003F00203002A18BF43F001030B6008BD2CC10020002070470268064B8E
:20146000934306D1054B5878A0F109035842584170470020704700BF40000200688D00202B
:201480000B4B1B7813F001020DD10A49C87850B9094A127A012A08D0022A07D183F0020385
:2014A000C3F340007047002070471046704700BFF5250020C0250020D87300200520704756
:2014C00028B1034B93F8A100431E5842584170472CC10020084B93F8A200884203D193F8B8
:2014E000A300904202D0012083F8A40083F8A21083F8A320704700BF2CC10020054B93F89C
:20150000A52083F8A5108A421CBF012283F8A420704700BF2CC10020054BB3F8A620A3F8EE
:20152000A6108A421CBF012283F8A420704700BF2CC1002010B5FFF7C3FF30B1034B93F832
:20154000A24093F8A3300C70137010BD2CC1002070B5FFF7B5FF98B10B4BB3F8A82082B15E
:201560000A4B0B4E1C680023A3421D4601DB002006E036F8155001339542DBB2F4D10B7081
:2015800070BD1346FBE700BF2CC100209CC00020A0C0002070B50646FFF792FF0D46044686
:2015A00040B1054B304693F8A32093F8A210FEF7D7F82880204670BD2CC1002008B5FFF72A
:2015C0007FFF30B1034B93F8A530003B18BF01230B6008BD2CC10020C36B43B15B68426DF7
:2015E0009BB29A423CBFC1685218D01A7047C269036A9A42C36902D3006A181A7047C168A2
:20160000026A5818801A7047416A826A03699142426A816A38BFD218521A016C013B21B168
:20162000496812FA81F29A4201D2981A70470020704700BF036C13B190F864007047836A09
:20164000406A181AB0FA80F0400970470346C26BD968406952B15A6DA1EB020C013A10F88D
:201660000C0018BF1146C0B25965704710B41C6A005D1C6A04F1010C8C4538BF1A6A5DF879
:20168000044B38BF0132C0B21A6270470279920705D590F8712012B1836E03B118477047A7
:2016A00003799B0729D52DE9F04190F8713004460BB390F87230012B1DD0002A17461ADDD5
:2016C00005698846626AA369606AAD1ABD42A8BF3D462A464146184413F026FA636A2E46C5
:2016E00025693344BF1BB3FBF5F2002F05FB12336362B044E6DCBDE8F081704738B5037951
:201700009B071FD590F871300446DBB1836E0D460BB19847B0B1636AA269D554636A22699B
:20172000013393420FD2636A01336362236C23B12046BDE83840CBF72BB8226ED36843F070
:201740008003D36038BD00236362EFE703799B0715D590F8713093B190F87230012B0ED077
:20176000036C002B2ED0EFF31183502282F31288026C1168C90703D5DBB283F311887047F8
:20178000516889B230B4A1B9456A846AA54225D0846A85692C44D460456A846AA54217D8AB
:2017A000846A81620169091B002489B280F864405160116841F00101DBB2116083F31188E5
:2017C00030BC7047026ED36843F08003D3607047416A846A091B446A8462E5E7012280F863
:2017E0006420DBB283F31188EAE7037D112B14BF4FF400634FF480638381704770B5174C5A
:2018000005468022002113F0E7F904F1300605F1800EA446BCE80F00B4450EF1100E6446CB
:201820004EF8100C4EF80C1C4EF8082C4EF8043CEFD103CC1E22CEF80000CEF8041005F173
:20184000C000074913F070F906490B2205F1E40013F06AF9032385F8EF3070BDA0A3050811
:20186000D8A30508F8A30508144B30B40446186810B3134A00230F2582F8AC10090A82F8F1
:20188000AB4082F8AD10C2F8AE30C2F8B230C2F8B63082F8AA5002F1AA04012114F8015FAF
:2018A00001312B440E29DBB2F8D182F8B83030BC04491022DAF734BC30BC70475026002033
:2018C0002CC10020D6C1002038B504462A200D46F0F7CAF820B929462046BDE83840C3E752
:2018E00038BD034B002183F8BA10C3F8BC10BBE72CC100202DE9F047DFF8C8A2AA4CDAF8B3
:2019000000300D464BB14FF0020800274FF00109DAF80000DAF7E8FB60B9002694F883308B
:20192000042B00F23E81DFE813F08200D300DF0026013001DAF80000DAF7DEFBD4F8BC303D
:201940005A1C2344C4F8BC2083F8C00094F8BA30012B08D0022B15D0002B63D10F280ED1D6
:2019600084F8BA90D4E7A0F17203012B01D9762802D184F8BA80CBE7002384F8BA30C4F8BC
:20198000BC30C5E7102AC3D188490023012211F8010F013203440E2ADBB2F8D1002284F80B
:2019A000BA20C4F8BC2094F8CE209A42B0D194F8CF30002BACD194F8C160732E2CD0762EBD
:2019C0000CD0722EA4D1B4F8C230002BA0D0C4F88830B4F8C430C4F88C309FE7B4F8C2302D
:2019E000002B95D094F8C61084F8A01094F8C71084F8D210D4F89010B4F8C420C4F89C3084
:201A0000A4F8D02009B9C4F89030B4F89830002B84D1A4F8982081E7B4F8C630002B3FF44C
:201A200077AF7BE784F8BA70C4F8BC7070E7722E03D1012384F8833005E0D4F8D4305C4A17
:201A4000EB1A93423EDC00205A4B1B78402B37D1594AB4F89850568094F8D26094F88330BD
:201A6000B4F8D07013804FEA052C330394F884100CF4706C03F4405343EA0C034FEA071C29
:201A800043EA81335FFA8CFC43EA0C03D4F890C0D4F89C40BCEB040418BF0124ED1B18BFFA
:201AA000012543EAC403891B43EA850318BF012143EA410303439380404B93F82B30D3802C
:201AC000BDE8F0877220FFF70CFFC4F8D450BAE7762E01D10223ADE7D4F8D430344AEB1A54
:201AE0009342B0DD7620EEE7344FD4F8D43097F82B20EB1A92B32E4A934232DD94F8A020FA
:201B0000D2071DD4D4F89010D4F89C2091420FD089B24620FFF7D8FE97F82B30C4F8D4501E
:201B2000013B87F82B30042384F8833001208BE7B4F89810B4F8D0208A4201D05020E9E7D9
:201B400094F8841094F8D2208A4204D0B1FA81F149094920DEE7142287F82B20184A934273
:201B6000C0DC762E7FF46FAF7320FFF7BAFE032384F88330A9E7732E3FF465AFD4F8D430B6
:201B80000B4AEB1A9342A5DC5DE7D4F8D430084AEB1A93427FF757AF7620FFF7A2FE022388
:201BA000E6E7002346E700BF2CC10020ECC100203F0D0300850D0020880D0020D00A0020BF
:201BC0003F420F00502600202DE9F843A0F10A030546222B13D8DFE803F06612126612129F
:201BE000121212121212121212121212121212121212121284121212121227122700C64C2D
:201C000094F8D9300E2B05D8E218013384F8D93082F8DC0094F81131002B6AD194F8DA3046
:201C20005D4084F8DA5064E0BB4C94F8D93094F8D8602344002283F8DC20002E5BD1B4F8B7
:201C4000DE2084F8EB6044F247739A4204F1DE0100F05A81B4F8DE2044F652539A4200F0FF
:201C60006981B4F8DE2045F247339A4200F0D880B4F8DE2045F247339A4205D14B88412BAF
:201C800002D1042384F8EB30013600232A2D84F8D86084F8D93037D094F8DA3083F02C038A
:201CA00084F8DA3025E09C4C94F811319BB194F8DC30402B2CD9373B1B01DBB294F8DD20EB
:201CC000402A8CBF373A303AD2B2134494F8DA20DBB29A426ED00020002384F81131BDE8C6
:201CE000F8838D4B002283F8D82083F8D92083F8DA200020F3E794F8EB30013B032BC3D86D
:201D0000DFE803F00A3F3022012384F81131F0E71B0103F0F003D1E7731E082BB4D801A208
:201D200052F823F0E71E0408DD1E0408C71E0408BD1E0408A71E04088F1E0408831E04081F
:201D4000891C0408711E0408102E00F00781112E00F0FE800F2E97D1022009F0CFFEA4F8AB
:201D6000FE0091E7022E00F0ED80032E40F07581002009F0C3FE694B102828BF10201870A4
:201D800082E7731E082B3FF67FAF01A252F823F0651E0408891C0408891C0408891C040811
:201DA000891C0408891C0408491E04083D1E0408311E040894F8EB30022B00F0DD80042B3C
:201DC00000F0D280012B86D1554B56491B789B070CD5D4F8EC30D4F8F0200B60D4F8F830C6
:201DE00094F8F40081F83000C1E901234E4DD4F80861AF6A4D4BAE6242F210703218D21B70
:201E0000A3FB02535B0B00FB132340F6C412934228BF1346322B38BF32238B6301205BE71D
:201E20004B88562B7FF424AF032384F8EB302BE7002009F063FEC4F80C0125E7012009F0D0
:201E40005DFEA4F804011FE7012009F057FE384A41F2184300FB03F3A2FB03239B09A4F80D
:201E6000FC3011E7022009F049FEC4F808010BE7012009F043FE00EB80004000C4F8F8006B
:201E800002E7002009F03AFE84F8F400FCE6244A94F8DC10137830298CBF43F0060323F052
:201EA00002031370F0E694F8DC30572B7FF4ECAED4F8F0305B42C4F8F030E5E60AF01EFC59
:201EC000C4F8F000E0E694F8DC30532B7FF4DCAED4F8EC305B42C4F8EC30D5E60AF00EFC61
:201EE000C4F8EC00D0E694F8E11094F8E3203039303AD2B2C9B20A2313FB0123642202FBC4
:201F000003F3C4F80831BFE64B88412B7FF4A2AE012384F8EB30B7E62CC10020147700201F
:201F200098770020CC760020607600205917B7D1D34D62104B88432B7FF493AE022384F8FA
:201F4000EB30A1E6002009F0D9FD84F810019BE6022009F0D3FDA4F8020195E6022009F0C2
:201F6000CDFDA4F800018FE6544BD4F8FE10B4F80221D9601A82AEE6514B5049B4F8FC50A7
:201F80008D85D3E90020B4F80451CD8502437FF4A2AED4F80C1100293FF49DAED4F8082173
:201FA000002A3FF498AE6420B1FBF0F500FB1516B5FBF0F706F5FA6600FB17554FF00C0C93
:201FC00006F00307013D0CFB07553E4FB6B237F8157042F21075B1FBF5F1B1FBF0FC00FBD9
:201FE0001C110139A6F5FA66B6080F4440F2B55101FB06774FF0180C334EB2FBF6F6B6FB8F
:20200000F0FE00FB1E660CFB0766B2FBF5F54FF03C0CB5FBF0F82D49B2FBF0F700FB1855B7
:202020000CFB06550240B7FBF0F6DFF8A8E000FB167702EB820239440CFB0511DEF800E0BC
:20204000520000204FF47A75C1FB0520B2EB0E0260F10000C3E900203DE67FF615AE94F84A
:202060001071331FC3F3870303EB8707033FFFB2102F3FF609AEF21EA2EB8303DBB2012BD7
:202080000DD0042B7FF400AE002009F037FD104B013F03EB87030022D8709A70F4E5DFF88F
:2020A000308007F1FF39002008F8297009F026FD08EB890888F80100E6E500BFCC7600207A
:2020C000A86D0020A06D050840420F0080436D3818770020CC1300202DE9F043A84C94F841
:2020E00013310022062BA5B084F8122108D0082B26D8DFE803F0292F353F5061257F8A00D7
:2021000094F81421B4F8163194F815110244D2B2B3F5C47F114484F8142138BFE21803F1B9
:20212000010338BF82F81801B4F8A02284F815119BB29A42A4F8163102D8072384F8133131
:20214000002025B0BDE8F083B528F9D1012384F81331F5E7622800F08482B52851D1EFE7B6
:20216000032384F8140184F8150184F8A20284F81331E5E794F8143194F8152184F8A302B6
:202180000344DBB21A44042184F8143184F8152184F81311D4E794F8143194F81521A4F8EB
:2021A000A0020344DBB21A44052184F8143184F8152184F81311C3E794F81421B4F8A03229
:2021C00094F815110244D2B203EB002311449BB284F8142184F81511A4F8A032002BACD068
:2021E000B3F5427F0BD800220623A4F8162184F81331A5E794F81431834200F03682B5280E
:20220000A4D0002384F813319AE794F815318342F5D194F8A22294F8A33243EA0223B3F5DE
:202220009B7F80F22982B3F5817F39DBA3F58173332B35D8DFE813F0DD01CB01C00134004B
:202240009D01CB003400340034003400340034003400340034003400AC00340034003400C5
:2022600034003400340034003400340034003400340034003400340034003400340034001E
:202280003400340034003400340034003400340034003400670034003400340034003900C6
:2022A0000020002384F813314BE794F81D51DFF8DCE0344A34480023202D28BF20251F4661
:2022C0004FF0FF0816E092F808C016696CF3070192F809C06CF30F2192F80AC066F31741A3
:2022E0006CF31F6140F823100133202B02F10C0200F07682AB424FF00001E4D340F823707D
:2023000000F82380F0E794F81C5120491D4A1E48102D28BF102500230D701E46AB424FF093
:20232000000116D292F808C06CF3070192F809C06CF30F2192F80BC06CF3174112F80CCF28
:202340006CF31F6140F823100133AB424FF00001E8D340F823600133202B02F10C02DDD12E
:2023600094F8A532002B9BD094F8A632002B97D0002384F8A53284F8A632012091E700BF4C
:202380002CC1002044C200201877002014770020D4F83021C749C84BD4F828515D8581FBCD
:2023A0000201D217C2EB2132D4F82C119985DA85D4E94821D4F81C01DA8401229884198561
:2023C00084F8A622FEF788F994F8A532CEE794F82D3113F0010300F0188294F82C21D71EE2
:2023E0007A427A41B54ED4F81811B548B24DB76AB44BB16269630144C91BA3FB01631B0F1E
:2024000000FB1313312B84F8A42240F2038240F6C4118B4228BF0B46D4F83011AA4869606E
:20242000D4F83C11AB6380FB0130CB17C3EBA003A649AB60D4F834312B600B78002A00F043
:20244000E68143F00603D4F854210B70D4F84431AB61D4F860312B6207EE902AD4F85031EA
:20246000DFED9B6AD4F85861DFF84882B4F864E194F82F1185F83010B8EEE77A07EE903A25
:20248000F8EEE77A88FB069867EEA77AF617E7EE077AC6EB2836EE850026B1EEE77A8A4F7A
:2024A000A5F810E001206EF30F066EF31F4684F8A50284F8A602EE6087FB02E6D217C2EB9D
:2024C000A602AA8594F823C167EE267A0CF0030CFCEEE77ABCF1030F17EE901A6985D4E951
:2024E000520187FB00624FEAE070C0EBA200A88487FB01024FEAE171C1EBA201E98487FB55
:2025000003124FEAE373C3EBA2030CBF012200222B8585F84620D4F85C31D4F840216A61D0
:20252000EB6123D1D4F82881DFF8AC91D4F81E31B4F81C2194F822016649C5F83E30C84538
:202540004FEA136EC3F30747C3F30726AA8785F84200DBB298FBF1F1C0F24A82DFF87C9186
:20256000C84589B200F3F381A5F84410FEF7B4F8FEE694F82331DA0704D594F82221032AA0
:2025800000F0E3815148027822F002020021027003F00C03484D94F8472184F8A4120C2B37
:2025A0000CBF0123002385F8302085F8463000F03781FEF791F8D3E63F4BB4F81E01B4F869
:2025C0002411B4F822219881D9811A82C8E694F81D31D90704D594F81C31032B00F0B1815E
:2025E0003A4A1378002123F0020384F8A4121370B6E6D4F82831344AD4F818112E4D3048B7
:20260000696382FB03622D4EDB17C3EBA203D4F81C21B76AB162C5E901230A18294BD21BBA
:20262000A3FB02131B0F00FB1323312BD4F820212A6040F2F18040F6C412934228BF1346D5
:202640002249AB6394F8A4320A78002B00F0DA8042F00602012094F8A6320A7084F8A5024C
:2026600084E6022384F813316AE50822012384F8132184F8123163E540F23E6293425CD0E4
:202680002EDCB3F5A06F00F0AE8040F2015293427FF406AE094B93F82020012A7FF460AE0F
:2026A00094F81911DA7F91427FF45AAE022283F8202055E6AD8BDB68CC76002060760020D0
:2026C00000840C24F59B9F716766666698770020CDCCCC3D40420F00C1BDF0FFFFC99A3BA1
:2026E00040F6042293427FF4DBAD00231946B348B34D1022CEF702F90023014655F8332035
:202700008A4200F08B800133072BF7D10023022BAC4A94BF00200120032B94BF0021012126
:20272000042B82F82C3094BF0023012382F8220082F8231082F8243012E694F81B51A24E03
:20274000EF000437842F3A46314628BF84220DF10A0012F0E9F9CDB39C4A0023D17992F8CF
:2027600001C00FE0022A0AD100F190020DEB020050F87E2C29B342F0010240F87E2C01330C
:20278000AB4223D006EBC302D8001279012AE9D1BCF1050FF3D100F190020DEB020E013317
:2027A0005EF87E2C9D4222F0010206EBC3084FEAC3004EF87E2C09D098F80420012AD1D123
:2027C000E9E722F0010240F87E2CD8E7804B0193FFB2002101A8ADF8087009F0ADFCBFE536
:2027E0008EF80030BCE5774B93F82020012A7FF4B7ADDA7F94F81911914204BF032283F8AE
:202800002020ADE502F0FD0224E71A46EAE503F0FD0318E63223FFE5322311E7DBB276E75A
:202820006C48B4F92031D4F818214FF47A76DF17A3FB003100FB0711B2FBF6F006FB102210
:202840001B18D4F81C61644896FBF0F641F10001B61800F10B81B6F57A7F04DB0133A6F509
:202860007A7641F100015D48DFF87C81181841F100013C2200230FF0B5FD002385F8422025
:202880003C220FF0AFFD002385F8412018220FF0A9FDB6B285F84020DFF850C1024640F2A8
:2028A000B27340F26D1E4FF4C8770FE0B8EBB10F14D393FBF7F107FB113100290CBF4FF48A
:2028C000B77171468A420CDB521A013313F003000CFB03F1EAD040F26D11F3E74FF4B77116
:2028E000F0E7AB87002840F0BF80642093FBF0F100FB1131002940F0BF804FF4C87193FB66
:20290000F1F001FB1033B3FA83F35B09344F182003FB000038440B2130F802CD624501DA36
:202920000139F9D10C2000FB0313013237F81330A5F844600131D31A85F83E1085F83F309A
:2029400037E6012384F8A4320AE5012120E6A1F57A710130A5F84410C1B23B2940F28E8013
:202960000EF10101C9B200203B2985F8420040F2A480791CC9B2172985F8410040F2A080E2
:20298000711CC9B2022B85F8400085F83F1078D01448184410F8010C8842BFF4E7AD01331F
:2029A0005FFA83FC0121BCF10C0F85F83F1040F28180013285F83E10AA87D7E562C2002027
:2029C000286F05086076002044C20020CC720020B562063E803A090040420F006E3DD51298
:2029E0002CA30508D8FA0508285C8F02295C8FC201F57A71A5F8441090BB3B2185F84210E9
:202A0000BEF1000F27D185F84110002F69D11721012E85F8401060D8012B54D9013BDBB23B
:202A2000022BAA8F85F83E3052D1960750D16420B2FBF0F100FB112189B241B94FF4C87174
:202A4000B2FBF1F001FB102292B2002A40D11D2385F83F308AE50EF1FF3E85F841E085E55C
:202A6000013885F8420081E500234FE7013B06F57A7661F10001F6E6012347E785F8421028
:202A800074E5900784D16426B2FBF6F006FB102080B248B94FF4C876B2FBF6F006FB10202B
:202AA00080B200287FF474AF1D297FF65FAD012385F83F3085F83EC058E585F8411055E58F
:202AC00085F8401052E50C23013AAA8785F83E30064A134413F8013CBAE7013E85F83F6081
:202AE00044E5013F85F8407040E500BFD8FA05085D4B1B789A0700D470472DE9F0415B492B
:202B00005B480A882DED028B0478013213F001030A8004F0010409D15649574A0B80138068
:202B2000002C75D1BDEC028BBDE8F081534D544B544A6E6892ED008A5A682F681B68DFED73
:202B4000527A921B00EE902ADB1B00EE103A28EE278AF8EEE00AB8EEC00A60EE880A20EE31
:202B6000270A20EEA07AA0EE007AF1EEC77AFCEEE77A17EE908ACDF7BBFA9FED447ADFEDDB
:202B8000447A444AE0EE477AA2FB08124249FDEEE77A520917EE903A002BBCBF03F50C43B5
:202BA000A03381FB0301DB17C3EBA10331490A80314A1380002CB5D0384B5B7A93BBAB8DDD
:202BC0000F2B26D9364ADFED306AD2E9AA32DB1B921B07EE903A07EE102AF8EEE77AB8EEC1
:202BE000C77A67EEA67A27EE088A9FED2E7A2E4A28EE088A1368A7EEA78A77EE087AB1EE5D
:202C0000E77ABCEEC77A17EE101A0B44136000E01A4D264BBDEC028B95E8070083E8070093
:202C2000BDE8F0816B8D0F2BF3D91D499FED166AD1F8A832DB1B07EE903AD1E9AB23A9681D
:202C4000921B5B1A07EE103A06EE902AF8EEE77AF8EEE66AB8EEC77A67EE867A26EE888A86
:202C600027EE077AC3E700BF98770020648F0020F5250020DAB200209C8F0020CC76002080
:202C8000F8BF0020800700202C7D8E3FA00CB34500A00C461F85EB5167666666CC720020D3
:202CA0002CC1002000000000F0B50020D4C30020104A114B11781A7F4B290FD0052A05D05C
:202CC0000E4A137883F00103137011E7D8680C4A9860136843F020031360F1E709480A49D1
:202CE000806B4880052AEBD1D3E90220821ACA80EDE700BF850D002060760020DCB2002089
:202D00005C760020CC760020880D00202DE9F04F7F4BDFF830B21A689BF800307D4D012B97
:202D2000A9B02F7FEA60064600F08C80022B40D0002B40F08E80DFF810A2DAF800000028D1
:202D400000F087800268DFF804825268724C904798F800204B2A08BF704900F1FF3908BFD1
:202D6000C881A0B93AE2C7F759FB801B192800F33582DAF800000368DB689847FEF724FF86
:202D8000002840F01382B9F10109C0F0278294F8B7324FF0000284F8B622002BE3D1604BA5
:202DA0001B681B684FF4FA621A61012384F8B732D9E75C4CDFF89481207898F800C08307A4
:202DC00040F1CF81DFF87491022FD9F800E000F05883BCF14B0F03D1AB685049D31ACB802A
:202DE000DFF85CA15049AA604EF02003DAF83420C9F80030AB6AAA620A44D21A4B4B80F083
:202E000001002070A3FB02031B0F01FB132340F6C412934228BF1346322B38BF3223CAF896
:202E20003830FFF765FE237823F0020323702B7F394C053B022B00F29980DFE813F03C01DD
:202E400097000E01DFF800A1DAF80000002840F04A81DFF8F880304C3A46531E062B00F280
:202E60008380DFE813F0070081000700070026018100F6009BF80030002B00F0CA81012BFC
:202E800072D1DFF8C4A0DAF80000026852699047002800F00C822A7F032A00F08F82042A3B
:202EA00000F0EE81012A40F0028298F800C095F82C20BCF14B0F00F06783002A40F0C48329
:202EC00094F8BC02022840F28A83E968AA7FA961002184F8BC12002A00F09B83013A144980
:202EE000D2B211F83200134951F82010DAF80000AA7703681B6913B1984798F800C00E4912
:202F00000E4B0A681B68013203F020030A6033E0CC130020607600202CC10020880D0020E6
:202F2000981A0010DCB2002000840C24F59B9F715CA30508AC6F050804C100205C760020C2
:202F4000CC760020CC72002008C10020850D00209BF80130052B00F096869BF80730002B21
:202F600040F0918616236B61DFF80C93D9F8003098F800C003F02003BCF14B0F5AD083B1C3
:202F8000D4F8C432F31A002B0BDBB14B1B78990707D5B04B93F83020AF4B5B7C9A4280F053
:202FA0004A82AE4B1B78DA0716D49BF8083023B9A74A137823F00103137094F8C8325BB997
:202FC000A34B1B789B0707D5A24B93F83020A24B5B7C9A4280F0288298F800304E2B0AD15C
:202FE0009C4A9F4B92F83010198091895980D189128A9980DA80C7F711FABA0004EB870742
:20300000801BD7F8CC3298F80010B0EB632F2244CCBF03F5806303F1FF33924CC2F8CC32F3
:203020004B294FEA6323236001D18D4B588129B0BDE8F08F2A7F02EB820202EB82016A69FD
:2030400002EB8102864912B20A8195F820208A8195E7DFF82492DFF8FCA1D9F80030EA683A
:2030600098F800C023F02003C9F800306B68AA60AA61774A01336B60137823F0020313700B
:2030800000238AF830306B6185F8203001232B77BCF14B0F85D12B7F6A6995F8201003EB47
:2030A000830303EB830302EB83026D4B1A81998177E7DFF8C4919BF80030012B79D9D5E9AE
:2030C000022098F800C0D9F80030BCF14B0FA0EB020200F08C8040F6C4118A4200F3AB80F6
:2030E00003F020034BE70268DFF8908152685E4C904798F800205D4B4B2A08BF58495B6803
:2031000008BFC88100F1FF39002800F0E38101964E46994611E0C1EB01115B1A002B00F3AE
:20312000D280DAF800000368DB689847FEF7D4FF002838D1013EC0F0CC8094F8B5324FF0F8
:20314000000284F8B42223B3484B494A5B6894F812011168A3EB09030028DCD001EB810168
:20316000DBE7BCF14B0FAB6808BF3D49A2EB030308BF8B8040F6C4118B427FF76CAEDFF882
:20318000F890394CD9F80030DFF8C8A023F020036AE7384B1B681B684FF4FA611961012396
:2031A00084F8B532D0E7FFF783FDC3E7FFF780FDE9E59BF80230012B81D195F82520002A55
:2031C0007FF47DAF224A127890077FF578AF9BF8050085F82530FDF753F970E794F8B632B3
:2031E000002B6BD101232A7F84F8B63235E61C4940F6C41E72458A801DDC2A7F02EB8202CB
:2032000002EB82006A6902EB800203F0200312B21AE798F80030D5F80CC0A8694B2BACEBAB
:20322000000000F01B81B0F5FA7F66DA124B1B6803F02003A3E623F02003C9F800300023DB
:203240006B6185F820300723A860A8612B771FE798770020CC7600207C290020F525002062
:20326000880D0020608F00202CC10020001000E020140020981A00105C760020850D0020D3
:203280009BF80220EB68002A00F09A81AA699A1AB2F57A7F0BDB95F82020002A40F03E81BE
:2032A000D4F8C022002A40F0EC81C4F8C032AA4B98F800C01B6803F020035DE6012B00F0AE
:2032C000EB802A7FC9E5019E2A7F012384F8B432C3E5019E94F8B432002BF5D0012BF0D1C8
:2032E0009E4B1B681B6842F210721A61022384F8B432002384F8B532E3E7DFF888A2C5F819
:2033000018C0DAF800000268526990470028CED02A7F012A00F0CD80032AC8D16A69002A6D
:2033200000F07B81012AC2D1D4F8B8228C4B995C03EB020919B94BE319F8013FABB18949F9
:20334000484611F06DFC0028F6D003461A464946DAF800000193D8F7E3FEDAF8000082499C
:203360000222D8F7DDFE019B994499F80030002B00F02E83DFF8ECA104E019F8013F002BB5
:2033800000F026835146484611F04AFC0028F4D0734BA9EB0303704AC4F8B832EB68AB6026
:2033A000AB61136898F800C023F02003136000236B6185F8203005232B7769E6E968AA6954
:2033C00040F2DD308A1A82427FF771AFDAF8000003681B6943B1654A697F12F83110644A6B
:2033E00052F821109847E96898F800C0BCF14B0F0CD15E4B6A7F13F832205D4B53F82230BA
:203400005C4AA2FB03235C4A5B09D380524AA96000236B6185F820301368A96123F02003CA
:20342000136004232B7733E60D20DAF7C5FB012384F8C832D0E5514B5A6806F5123303F594
:20344000F873C4F8C432002A3FF4ABAD1368928859690A4214BF5A831A83A2E56B694649C0
:2034600002EB820202EB820203EB820212B2B0F5FA7F0A81BFF641AF374B1B6803F02003CB
:20348000E2E500236B6185F820300523AA602EF0200EAA612B779CE4304B1B681B6842F249
:2034A00010721A61022384F8B632002384F8B73207E7294AEB68AB60AB61136898F800C068
:2034C00023F02003136000236B6185F8203003232B77DDE594F8B432FEE695F82490B9F1BC
:2034E000000F00F0EE82002184220DF11A0011F073FB234B059341F223030121ADF8203099
:2035000005A809238DF81B108DF81E108DF82210ADF8183008F010FE95F82020DFF8389059
:2035200098F800C0D9F80030022A00F03182032A00F01D82012A0CD1D5E90321521A962A99
:20354000C8BF0222D9F8003098F800C0C8BF85F8202003F020030FE55C760020981A00106D
:20356000D972002004A40508C4F905085CA30508AC6F05081F85EB51880D0020D81300208D
:20358000B562068A08C10020A97FDFF830E31EF83100C54951F82000C449A1FB0010C44905
:2035A0004009C880002A51D1C24A94F8BC02126802EB820202EB820200EB82028A8081E49E
:2035C000C5E9052385F82020BB4AAB6005232B77136898F800C023F02003136058E594F841
:2035E000BD92B9F1000F00F0E181EA68AB69B249D31AB3F5A57F096808DD94F8BC32AA617C
:20360000013384F8BC32002384F8BD3201F02003B2E44FF41651052268E4DAF8000003687A
:203620001B693BB1A54A697F12F831109E4A52F821109847A04B6A691B6898F800C00132F2
:2036400003F020036A6197E4DFF870E26B7FDAF800000EEBC3035968D8F712FD964A98F85B
:2036600000C000236B6185F82030136823F020031360EB68AB60AB616B7FAB7703232B776C
:2036800006E59A1A6D2A7FF712AE6A69C4F8C032162A00F2228301A151F822F059390408CB
:2036A0004D390408393904081D39040803390408E9380408CD3804088D380408713804088C
:2036C0006338040847380408DF370408313804088F370408C9370408AF3704087537040899
:2036E0005B370408393704082D3704081B370408512F0408F9360408DFF8BC91AB60AB61E0
:2037000000236B6185F82030D9F8003023F02003C9F8003005232B7728E49BF8060085F8D9
:20372000210008F059FD95F82020F7E60520FCF7A5FF95F82020F1E695F82420002A40F0E5
:203740008C8295F82230002B00F07F8204210120FCF75AFF95F82020E0E695F82230002B31
:2037600000F09C82002212210120FCF74DFF95F82020D3E695F82230002B00F0B9810022AA
:2037800003210120FCF740FF95F82020C6E695F82430002B40F0708295F82230002B40F0D1
:2037A00063820E23DFF810916B61FFF7DFBB95F82230002B00F07A81002202210120FCF7D1
:2037C00023FF95F82020A9E695F82420002A00F06D820F23DFF8E0906B61FFF7C7BB95F847
:2037E00024309BF80A209BF801900192002B40F0CF810222B9F1050F8DF81A2000F09A81AA
:20380000019B002B4FF003038DF81A30ADF81C3009F1FF3918BF07238DF81B30B9F1030F1D
:2038200000F28681DFE819F07D017A0178016A0195F82330002B40F043820D23DFF87890D3
:203840006B61FFF793BB95F8223023B19BF80C30002B7FF442AE0B23DFF85C906B61FFF795
:2038600085BB9BF80400FCF70BFE95F8202055E6DFF854E0124B002105A8CDE905E38DF814
:203880001C1008F059FC95F8202047E60D4BDFF83890002105A8CDE905938DF81C1008F0F9
:2038A0004BFC95F8202039E6AC6F05081F85EB51880D002004C100205C7600205CA3050835
:2038C0000300F0040300F002B56206019E4BDFF87CA2002105A8CDE905A38DF81C1008F02B
:2038E0002BFC95F8202019E6984A994B002105A8CDE905238DF81C1008F01EFC95F82020D3
:203900000CE69248934B0021CDE9050305A88DF81C1008F011FC95F82020FFE5DFF82CC245
:203920008D4B002105A8CDE905C38DF81C1008F003FC95F82020F1E595F82430002B56D1E5
:203940000323DFF844926B61FFF710BB012008F043FC95F82020E1E595F82C10002900F03A
:203960009B800123DFF820926B61FFF7FFBA6A6982B30132D9F800306A61002298F800C08B
:2039800085F8202003F02003FFF7F6BADFF8F8916A69D9F8003098F800C001326A6100220A
:2039A00003F0200385F82020FFF7E6BA6B4B0593494605A885F82C90ADF8189008F0BCFBDF
:2039C000012398F800C085F8209084F8BD320CE60023E0E423F02003C9F80030EB68AB607D
:2039E000AB61042385F820202B77FFF751BB002184220DF11A008DF80C1011F0EDF8BB23EF
:203A00008DF81E3042F291035549ADF820304FF0010A052303AA05A88DF81BA0FCF7F2FC8B
:203A2000431D50498146DBB203AA05A8FCF7EAFC814409F105095FFA89F34B4903AA05A876
:203A4000FCF7E0FC81445FFA89F3484903AA05A8FCF7D8FC814403AA45495FFA89F305A8C9
:203A6000FCF7D0FC00EB09030433DBB2ADF818305146404B059305A808F05EFB95F820304A
:203A80000822022B6A6181D0032B17D0012B7FF40EACDFF8F4904FE5304BADF8181005A8C1
:203AA000059308F049FB95F8202037E5012210460221FCF7A9FD95F820202FE5DFF8C89004
:203AC00057E7494680220DF11E0011F085F8DFF8BCC0294BCDE905C34FF48043ADF81C30A1
:203AE0004946012305A88DF8353008F025FB13E5012203211046FCF787FD0DE54FF48C5344
:203B0000CDF81E301D4B05930021082305A8ADF8183008F011FBFFE4194BF1E74FF495238E
:203B2000EEE7184BECE703238DF81B30ADF81C300023E5E7019A002AF5D08DF81D3040F216
:203B40000733ADF81B30F3E70300F000B56206010300F0010300F0030300F005B5620A0449
:203B6000B1009120C5009120CA009120C0009120AC009120B562068A28000200B562061620
:203B800000020200480001005C760020B5620623842200210DF11A0011F01EF801238DF807
:203BA0001B308DF80C3002238DF81E3041F23603ADF82030B9F1050318BF012349498DF8DC
:203BC000223003AA052305A8FCF71CFC431D8246DBB2454903AA05A8FCF714FC019B824404
:203BE0000AF1050A43BB09F1FF33DBB2032B98BF3E4A3F4996BF02EBC30300239B6EADF896
:203C00000C301B0C8DF80E300023CDF80F308DF8133003AA5FFA8AF305A8FCF7F3FB00EB93
:203C20000A030433DBB2ADF8183005A8314B0593012108F081FA6FE45FFA8AF32E4903AA23
:203C400005A8FCF7DFFB8244CDE7012210460421FCF7DAFC95F8202060E428480021FCF774
:203C6000E9FC95F8202059E4012210460721FCF7CBFC95F8202051E421480121FCF7DAFCA4
:203C800095F820204AE41F4B0593002105A8ADF8181008F051FA95F820203FE401221046E0
:203CA0001221FCF7B1FC95F8202037E495F822305BB106210120FCF7A7FC95F820202DE4A2
:203CC000FCF768FC95F8202028E4012210460621FCF79AFC95F8202020E40B4B98F800C014
:203CE0001B6836E40300361004003610A0A3050806003650B562068A0500361039009120DC
:203D000007009120B562063E5C76002008B5084B1B7853B1012B00D008BDFEF7DDF9002843
:203D2000FAD0BDE80840FEF7C3BFFDF74DFFF6E7CC7200202DE9F043704B1C6883B0002CF3
:203D40003CD0FF238DF803308DF80230002849D16B4C94F8EC222579002A00F099806DB342
:203D6000684B94F8F2821E6B93F82C706648674BB8F1000F4FF0000206F0010614BF4FF078
:203D80000F094FF000091146964650F8044B14F4803F16D0D1B1B94200D8DEB10024A4465A
:203DA00001320131AA42A3F800C0DC7083F802E0C9B203D0062903F10403E6D103B0BDE827
:203DC000F0830132AA42F9D00433DEE74C464FF0730CE5E7B8F1000F0CBF00240F244FF057
:203DE0000F0CDDE70DF102020D4620460DF10301FBF772FC236846491B6A20469847236858
:203E000044499B6A204698479DF803009DF8026078B1414B1B6898420BDC56B13F4B1B682F
:203E20009E4206DC06EBC0033D4A093B32F8133000E00023324C3349A4F8EE320B6B91F81C
:203E40002C7094F8EC2203F0010303EB470303EB001303EB06239BB222B9B4F8F002984245
:203E60003BD00F22296894F8F202A4F8F032013A01F54331D2B280F0010001F5A07129600D
:203E800084F8F202257984F8EC22002A7FF467AF1C49B4F8EE02FCF771FC0B6B01904FEA36
:203EA000106CD80705D594F8F232002B08BF4FF00F0C002D82D0144A144C002303E001335A
:203EC0009D423FF47BAF52F8041BC903F7D58DF807C0019844F82300F1E72B6894F8F22256
:203EE000A4F8F00203F5433382F0010203F5A0732B6084F8F2222579CBE700BFF8250020DF
:203F00002CC10020D00A0020408100200CC00020FC0A0020000B002004B4002080B3002051
:203F200084B3002038B5D8B91E4C94F8F33203B138BD1D4A247992F8E7C0002CF8D00CF1C2
:203F4000200C1A4D02EB8C0C52F8041B490544BFDCF8000045F8230001339C42F4D138BD8F
:203F60000D46F8F7D5F932280ADD2B680D4A03F57423012103F5107382F8F3122B6038BDDB
:203F8000084C0B4A0B4994F8F3321428D8BF11462A6883F001030A4484F8F3322A60002B9C
:203FA000C6D1C6E72CC10020408100200CC0002048E8010020A107002DE9F04FB54CB64F8F
:203FC000D4F8F48297F834502DED028B064693B0B8F1000F40F0C780B04B1B7823B1B04BCA
:203FE0001B7803F0FF023BB1AE4B01221A7013B0BDEC028BBDE8F08FDFF8D8B2DFF8D892E9
:20400000DBF8003099F8001003F48033B1B9002B00F0C080A34B1B78002B00F0A88097F83A
:204020003450A14A04EB4505B5F83833DB090133136013B0BDEC028BBDE8F08F002B00F0FD
:20404000A9809A4B89F80020196851B1DFF864A29748DAF800C0134640F823C001338B426B
:20406000FAD1DFF878A200929AF80B00FBF718FA0028F9D099F80030009A002BCAD0002D13
:2040800000F09480B8F1000F01D1C4F8F4629AF803300092012B00F2BA809AF80520854B4A
:2040A00003EB820033F82210B0F8028000F055819AF80A109AF8042003EB810033F8211016
:2040C000B0F80280002A00F076837B4B203203EB820033F822C04088DBF800301B0400F133
:2040E0003B83764BDB78002B40F036839AF80030002B40F0E28380466146B4F82C338B4213
:204100000BD1B4F82E331FFA88F29A4205D1D4F83033F31A002BC0F21281644B1A6842B1A1
:20412000634B03EB82021980A3F8028004339A42F9D107EE906A9FED627AA4F82C13F8EEB4
:20414000677AA4F82E8377EE877AFCEEE77AC4EDCC7A94F82B33002B40F01F8387F83430BF
:20416000504B1B78E5E0574B01221A7034E7C6F755F904EB4502801BB2F83833B0EBD31F64
:204180003FD8002B3FF44BAF013B97F83450A2F8383346E70092FBF773FA0123DFF83CA166
:2041A000009A89F80030002D7FF46CAF9AF80B00FBF776F9002800F0CC8094F83433002B79
:2041C00040F0B582374B1B783F4AA6EB080882FB08123E49096808684FEAE871C1EBE221F9
:2041E00044F21A1202FB1188A2EB08020A2AB8BF0A220261012287F834200022C4F8F4220C
:204200000AE7C00197F83450A2F8380309E7022B40F09580C6F702F9D4F8F8C2009A834601
:20422000BCF1000F25D1B4F8FEE22948DFF8B08063464FF001090AE0066009FA03F24CEA58
:20424000020C2A4601330A2B00F104000AD04EFA03F1C907F6D40168711A4145ECDC002967
:20426000EBDAEFE7002A6AD0C4F8F8C2BCF1000F65D094F8FC32002B00F0878094F82A1333
:20428000092900F25A82DFF82CA0DFF844904FF0010830E02CC10020D00A002004C000208D
:2042A000FC0D002084190010608F002008C000200CC00020A0A3050840810020C02500200F
:2042C00000247449C81A0010C562751F981A00102CC40020148E0020E8250020E0B20020DD
:2042E000404B4C0094F82A130131C9B2092984F82A1300F22282D4F8F83208FA01F21A42A9
:204300000AEB810314BF01200020D3F8983009EB81019847C6F782F8A0EB0B001428E1DD61
:2043200094F82A23C34B84F82B8301321B7884F82A23C14A126812680A2111616CE6BE4BE6
:20434000BC4A1B6801211B6811704FF4FA621A6167E6012384F834335CE6B84BBAF8060043
:204360001A689AF80830DFF8F8C200FB03F3ACFB03C3B2FBF0FC00FB1C22B2EB531FFFF42E
:20438000BCAE4FF000080021B7E62279002A00F09280AB49DFF8DC820D969C4691F8E73099
:2043A000CDF804C001EB820200920A4603F12001A44B07911B7803F00100A34B099093EDF8
:2043C000008AA24B587CA24B0F9093F83000A14B029018880A9092F8EF0032F82120059218
:2043E0009D4A9E4B32F82120ADF81A2094F829230392934A0E9003EB8000CDE90BB5049043
:204400001546664655F8043BC3F3032BC3F30039BBF1090F61D8DFE81BF0A00052002F0145
:204420000A007501600060005C010A003E01E3F7D1FF03B203EB8303C3EB0312884B5200DB
:20444000A3FB023252091E3A22EAE27202F5B472B9F1000F40F03782824B4FEAD209A3FB39
:2044600009394FEA99094FF4B47303FB19291FFA89F94FF6007ABBF1080F40F0D680E3F7F8
:20448000A9FF039B764A10FB03F3A2FB0323B6EB531F02DB002E40F05881013628F8029C36
:2044A000A8F800A0F6B2009BAB4208F10408A9D1DDE90BB50D9E012384F8FC32DEE60A98A8
:2044C0000022694931F82210002900F0CE81014240F0CB810132042AF3D10599BDF81AA054
:2044E0004FF4B472B9F1000F00F04781049BD3ED007AFDEEE77A4FF4B47017EE903AA3F5EF
:204500007A7300FB03F3594880FB03ECDB17C3EBAC13134403EB0109554B83FB09324A441D
:204520004FEAE973C3EB22234FF4B47000FB1399BBF1070F1FFA89F99DD1DDE901329A4245
:2045400002D8002B40F00181019B28F8029C0133DBB2A8F800A00193A5E73949C3F3835A14
:204560000AF1200301EB830231F8233092F802C0D278B9F1000F45D038490E9801EB800138
:20458000D1ED007AFDEEE77A40F2DB5E17EE901A714500F334810AF10F0E29480EF00F0E7B
:2045A0000EF1200E00EB8E0B30F82EA09BF802909BF803E0A1F57A71A3EB0A03ACEB0900FD
:2045C000A2EB0E0201FB03F301FB00F001FB02F226494FEAE37C81FB03B3CCEB631CD444E9
:2045E0001FFA8CF381FB00ACC017C0EB6C1000EB090C81FB0201D217C2EB611272445FFA66
:204600008CFCD2B203F5B4731649D8084FF0000AA1FB00016CF3070A890862F30F2A4FF478
:20462000B47202FB11331FFA83F928F8029CA8F800A038E784190010981A0010CC130020F3
:2046400040810020F5250020849200207C290020CC760020448F0020428100200C8D002053
:204660001F85EB51176CC11628A40508D34D6210B7600BB60EC00020099BA549002B79D0C9
:2046800091F8E5302033881C4FF4B47230F823A031F8231026E7C3F3835320339D4A089367
:2046A000B0EE480A32F823A00EF0F0FF984A089B32F82310962303FB00F0974B83FB002324
:2046C000C217C2EB63121E3A22EAE27202F5B47208E7029B002B40F0858002994FF4B4721A
:2046E000B9F1000F56D10A448C49D308A1FB03139B084FF4B47101FB13221FFA82F94FF615
:20470000007A1AE7F7F704FE03B203EB8303C3EB0312834B5200A3FB023252091E3A22EA91
:20472000E27202F5B4724FF6007A0021DAE67D4A84F834530121117046E50023C4F8F832C7
:2047400084F8FC3284F82A3303E5079A704B53F8220048F8020CA6E6734B1A686E4BA3FBB4
:2047600002E31B094FF0FA0E0EFB13227C2A7FF6C4ACC0E491F8E43084E70A446749D3089B
:20478000A1FB03139B084FF4B47101FB13221FFA82F94AE74FF6007AA8E6644A614B126845
:2047A000012112681970002384F82B3387F834300A23136133E45E4B1B68002B7AD05D4BF3
:2047C00093F800C05878BCF1000F02D0002840F08D809888FBF7D2FF11901FFA80FCC0F3FF
:2047E0000F4079E4544B196811F0200104D00F9B029A93426BD873214FF4B47270E70AF14A
:204800001100A1F2DC5900F00F004149203001EB800A31F820E09AF802009AF80310A0EB83
:204820000C00AEEB030E891A09FB0EFE09FB00F009FB01F1DFF8E0904FEAEE7A89FB0EEBC0
:20484000CAEB6B1A9A441FFA8AF389FB00AEC017C0EB6E10604489FB01C9C917C1EB691180
:204860000A445FFA80FCD2B2CCE6980EC3F380615B0102D507E0DB0706D40131062940FA31
:2048800001F3F8D129E600212C4B214803EB82034FF4B47293F88A3003EB430300EB4303C5
:2048A0000B44811C93F8C030203331F823A030F8231017E618469C460EE4214B1B78002B9E
:2048C0007FF41BAC17E44FF6007A00210EE602EB8203C3EB03135A000F9BB2FBF3F21E3AAB
:2048E00022EAE27202F5B4720021F9E6154B1B689C4503DC144B1B68984201DD104669E758
:2049000000EBCC03114A093B32F8130062E700BF4081002042810020D34D6210176CC11649
:204920001F85EB5184190010CC130020981A0010F8250020D87300205C760020A0A305083F
:20494000D09F002004B4002080B3002084B3002038B57F4CD4F83C33A3B17E4A93798BB1EF
:204960007D4B94F84013A3FB00C301294FEA93136AD0022907D029B9784B984202D901236C
:2049800084F8403338BDD4F8442364329A427DD9734A744B12781B789A42F3D104F2473092
:2049A00004F55475002310F8012F082153405AB2002AB8BF52004FEA4303B6BF82F00702B0
:2049C000DBB2D3B20139F2D18542ECD194F8512394F852539A4240F08180634B94F8480381
:2049E0002A01032D9954B4F84B23B4F8491303EB051352BA92B25A60B4F84D23587052BA4D
:204A000092B29A60B4F84F2349BA52BA59809A81564B4FF0010112B2197009D8544B1B78F5
:204A20000B2B00F081800C2B02D1524B23F81500514A6B1C1278DBB29A4284F852339ED1F3
:204A4000002384F852339AE74C49C4F8443304F5527008604249434B94F8520300250D702A
:204A60000A2119701379984203D21368DB6B03B198473F4B1B780222082B84F8402381D14E
:204A800094F852333B4A0133138038BD94F8523335481901425CFF2A04D001324254334A3B
:204AA00001211170344A01331278DBB29A4284F8523304BF002384F852332D4B1B78012298
:204AC000082B84F840237FF45DAFB4F85633294A01339BB2A4F85633538038BD22492A0199
:204AE0008B5CFF2B04D001338B54204B01221A70214A6B1C1278DBB29A4284F8523304BFFD
:204B0000002384F852331A4B1B780122082B84F840237FF437AFB4F85433164A01339BB2D7
:204B2000A4F85433938038BD154B07EE902A93ED000AB1EE087AF8EE677A20EE070A20EE9C
:204B4000270A0EF0A3FD0B4B23F8150070E700BF2CC1002078190010D34D62103F4B4C00D4
:204B60007C7F00207D7F002040B20020600A0020850D0020880D0020D0110010787F0020F3
:204B8000141B00102DE9F04F834B8DB01B780190002B40F0FD80814B1C68002C00F0F88096
:204BA0007F4EDFF8109296F85833009306AF96F85833032B00F2A280DFE813F004001F0006
:204BC0009C00C60039462046FAF780FD0546002800F0948009A8FCF7E0F99DF826109DF8CC
:204BE00018308B4200F08A806E4B1B68994252DC23681B69204698474DE003A8FCF7CDF97C
:204C000099F800509DF80C3005F00105002B5BD0002D73D106AA0DF10B012046FAF75CFDB6
:204C200000286BD009A8FCF7B8F99DF824809DF80B309DF825A0434503D19DF81830534588
:204C40005CD0524641462046FAF78AFD054608B3554B83F800A0554B83F8008023682046DE
:204C60005B689847524B4344032813F801BC08D1BBF1000F05D123689B69294620469847CE
:204C800008E023685246DB68414620469847BBF1000FF0D0012596F85833013303F0030313
:204CA00086F8583315B9009A9A4280D1414B1B78DB0701D5002D6BD0236801991B68204609
:204CC0000DB0BDE8F04F1847C5B906A92046FAF700FD98B109A8FCF760F9BDF82810BDF86B
:204CE00018308B420AD0314B1D702F4B1D7023689B69C3E799F80030D80701D50025CAE730
:204D0000236809A99B6A2046984705460028F5D02220ECF7A9FE96F8593383420146EDD025
:204D200086F8590350B1244BDB88002BE6D1099BD907E3D4236801215B695BE7099BDA0771
:204D4000DCD523685B6955E73846FCF726F997E8070009AB03C31A809DF818309BB10DF1C6
:204D6000250209A92046FAF7B7FC0DF126012046FAF7ACFC0A2209A938460FF0B1FF051EFE
:204D800018BF012587E70AA92046FAF7A2FCECE70DB0BDE8F08F00BF058D0020F82500209E
:204DA0002CC100209CC0002091C0002090C0002094C00020F5250020D873002038B5144C23
:204DC00094F8493094F848209A421AD004EBC303D3E9132004F25A310023984212DC9378F9
:204DE000C4F87C035B0884F8803306F042FE94F8493006220133B3FBF2F102FB113384F801
:204E0000493038BDD55C01F8015B0133E5E700BF2CC100202DE9F84FB44E33680027002B86
:204E200000F0A581B24C3068D7F75EF918BBB4F88223092A0CD9B4F8843364214B43B3FB41
:204E4000F2F3452B40F33381A4F88203A4F8840394F8B433012B00F06481022B00F0898137
:204E6000002B40F07481A3480521FCF7F5F8012384F8B4336BE13068D7F73EF994F8813341
:204E80008046052BCFD8DFE803F0030914182C39AA28C8D1012384F88133C4E7552801D165
:204EA0000223F8E7B4F886330133A4F886330023F1E784F890030323EDE7132884F89103B1
:204EC000C4F8AC0305DDB4F888330133A4F88833EDE708B90523DEE70023C4F8B033042328
:204EE000D9E7D4F8B033E218013382F89203D4F8AC23C4F8B033934295D1EBE7D4F8AC53F4
:204F00007D48023569B2FCF791F8804540F0C4802A2094F89093ECF7A7FD50B1002384F8A5
:204F20008033B4F884330133A4F884334FF00003B1E794F8803399451AD1002384F88033A0
:204F4000B9F1110F0ED8012303FA09F313F02C08E7D103F0023323F00073BBB9B9F1040FB6
:204F600000F08780B4F88E330133A4F88E33D8E7B9F1090F02D0B9F1110F01D1012BDCD075
:204F8000B4F88C330133A4F88C33D9E7062DC8DDB9F1010F59D0B9F1090F14BF03230223BC
:204FA00094F89423B4F895C3544994F9929394F994E394F893A38B729CFA9CFC12F0020F57
:204FC00081F80B9081F80DE0A1F80EC005D012F00C0F14BF012200228A74032B14D1092D9F
:204FE0009FDD94F99823DFF824B1082AA8BF082222EAE27281F835204FFA88FA524508F1F5
:20500000010824DC94F897A33D4DDFF804B12D6800220A73AA42904622DB00B10F73394A02
:205020001278232A7FF47DAF03EB8303364A03EB83030EEB830E91F90C30A2F800E0A2F82E
:205040000290A2F804C0D3806BE74B46A8E708F1090544FA85F595F890532BF81A50CBE72D
:205060003BF818800132D04552B204BF17460120D0E7042D7FF755AFB4F892331F495BBA88
:2050800013F4804F9AB203D0C2F30D020A8248E71804F9D4CB8144E794F89033DB073FF5D7
:2050A00045AFB4F88A330133A4F88A333EE7134A936B918F012B2DD141F25633994202D1D2
:2050C0004FF0FF339363936B306803EB830303EB830301EB4301036889B21B69918798479A
:2050E0000023A4F88233A4F88433B1E6FC2500202CC10020E40A0020BCC40020D00A00205C
:205100009CC00020850D0020880D002000260020A0C000200133D6D1B1F5965FD3D10123A8
:20512000D0E7244E96F90A508DB1022D0AD14FF48040FBF7A9FF84F8B453737BC3F340030E
:20514000B37404E00323012D84F8B433F5DC1A4B1D6894F8803393B1D4F8B833EB1A782BF0
:205160000DD9D4F87C0306F084FCC4F8BC53BDE8F88F104B1B8A002BE9D0032378E694F89D
:20518000482094F849309A4202D0FFF717FEECE7D4F8BC33EB1AB3F57A7FE8D2D4F8B83344
:2051A000ED1A952DE3D905480521FBF755FFBDE8F84F03E6D00A0020CC130020E40A0020D5
:2051C00013B50446FBF7C2FF20B300230DF106022046ADF80630FAF7DFFAD8B10E4C9DF88B
:2051E000063094F90A2084F84230032A08BF63F07F034FF00501094808BF84F84230FBF7CE
:2052000015FF84F843000548062102B0BDE81040FBF722BF02B010BDD00A00200E0B00201B
:2052200007B50DF10602FAF7B7FA70B1084BBDF80620B3F8C013A3F89820914205D00549F4
:20524000A3F8C023142081F82B0003B05DF804FB2CC10020D00A002007B50DF10602FAF737
:205260009BFA58B1074BBDF80620B3F8A810A3F8A82091421CBF012183F8A41003B05DF896
:2052800004FB00BF2CC100202DE9F0472DED028BFBF75CFF1546044680B11D4B93F90A200E
:2052A000012A33DD93F835401A4F9FED1B8A8E1E05EB44084FF03209454504D1BDEC028B22
:2052C0002046BDE8F08737F802AB26F802AF07EE90AAF8EEE70AB2EE040A60EE880A0DF010
:2052E00083FEBCEEC00ABAF10E0F10EE103A9BB209D91933B3FBF9F39BB203EB830303EBE5
:2053000083035B009BB225F8023BD5E70024D5E7D00A002000260020CDCCCC3D2DE9F84336
:205320002DED028B0F469046FCF7CAF860B1134BDFF850901C689FED128A0026F5B2A54260
:2053400006F1010604DBE0B2BDEC028BBDE8F88339F8153027F8153007EE903AF8EEE70A18
:20536000B2EE040A60EE880A0DF03EFEBCEEC00A10EE103A28F81530E0E700BF9CC0002043
:20538000CDCCCC3DA0C000202DE9F0434FF40030584C89B08846DEF78FFB94F8A17005463D
:2053A000002F58D0012F40F09980FCF769F894F8C23383424BD084F8A470FCF761F884F810
:2053C000C203D4F8C4334C4AA8EB0303934242DD4A4E05238DF8003033788DF80130737861
:2053E0008DF80230FCF74CF800B9B77894F8A5308DF80430B3888DF805301B0A8DF80630E8
:20540000337A8DF80830F3888DF809301B0A8DF80A303B4B8DF8037001228DF807208DF833
:205420000B2028461A8893F8EA30ADF80C208DF80E30FCF713F840B3B4F8C833C4F8C4835D
:205440000133A4F8C833002384F8A43003E094F8A430002BB5D12B4B1B784D2B12D12A4E3E
:20546000B4F8C83333802846FBF7F8FF7080FCF707F8B0802846FBF7F1FF98B3234BB3F9B4
:205480000000F08009B0BDE8F08395F90490204E0427013FD0D03368F3B193F93830142BBE
:2054A0001AD019F1020F01D0994515D1737A023B012B11D90023CDF81A30ADF81E300DF1EF
:2054C0000F0305930222582304A93046CDF810D0ADF818300BF048FDE036DAE7002384F818
:2054E000A130B8E70B4B93F90000E0F769FF00B2C7E700BF2CC100203F0D0300D873002035
:20550000E4730020850D0020880D0020340A0020582600204206002030B595B000230122D9
:20552000CDE90532CDE908338DF81C300D93109312930DF10F030DF107050B928DF8302048
:205540008DF844200A93002200238DF80710CDE90E23016804950446EFF3118C102383F389
:20556000128803681B6A1BB3069B04A802461BB1D3691432002BFBD10B6A6BB1996839B975
:205580009A4209D0196829B15B6899680029F7D01433F3E7C3E900405FFA8CFC8CF3118841
:2055A0002268136A002BFCD19DF80F0015B030BD04AB0B625FFA8CFC8CF31188C5F7A0FC29
:2055C000EEE700BF10B490F87140037990F805C090F8702064B10CF0080C52EA0C0201D118
:2055E00003F0FE035DF8044B03718160C6F7BCBF03F0FD03002AF5D103F0FE03F2E700BF17
:2056000010B490F87140427990F8703054B102F00802134301D101F0FE015DF8044B01717B
:20562000C6F7A2BF01F0FD01002BF6D101F0FE01F3E700BF70B5164E35683DB3044602E0A0
:205640000A20C5F76BFA2846D6F75AFD0028F7D02046D6F755FD38B90A20C5F75FFA204663
:20566000D6F74EFD0028F7D0306801798B0703D5084A214606F0D4FE036841F002019B6983
:2056800098473068034A214606F0CAFE284670BD08C100200D3D0408F8B51D4F1D4E3D780E
:2056A000EA0701D5337A83BBAB071B4C0BD43378012B26D094E80700184B194C83E80700B6
:2056C00000232360F8BD174B94F830205B7C9A42EDD394E8070007EE900A9FED130A134BA5
:2056E000F8EEE77A83E8070027EE800ACAF7B6FC0F4B83ED000A337845F00105012B3D704C
:20570000D8D10020FAF7BAFFD4E7034CCFE700BF98770020CC720020CC760020D4C30020F1
:20572000F0B500207C29002050E0EF30F8BF002080070020074A084B12689168002053F890
:20574000042B8A4204D001301028F8D100207047C0B2704708C10020AC6F05082DE9F04FE2
:205760009748002683B00246B04631460BE0062C01F1010108BF08F101085C0448BF0136C4
:20578000202900F0EB8052F8043BC3F30324002BEDD18C4B8C4D19608C4BAE715FFA88FA1C
:2057A0000122297185F805A01A70D346002900F0E3800F264FF0000C814C01918B0000EB96
:2057C00081093746E64654F8042BC2F303118E4502F00F02B8BF8E468F42A8BF0F469445CB
:2057E000B8BF94469642A8BF16464C45EBD1BE45019940F3B080BE440EEBDE777F100EF192
:20580000FF3E01370EEBDE7E7FB24EF34704B44540F39E80B4440CEBDC7676100CF1FF3CB8
:2058200001360CEBDC7C76B24CF347022A730AEBCA020AEB420202EBC202EC73C2F346048C
:2058400044EAC212D2B22A2AAF736E7358D80622EA715B4A034401E09A4268D052F8041B6E
:205860008F04F9D50024564A01E09A4261D052F8041B0E04F9D5524A01E09A425CD052F8FD
:20588000041B4904F9D54E4A01E09A4257D052F8041B4F03F9D54A4A01E09A4252D052F80C
:2058A000041BCE03F9D5464A01E093424DD052F8041B8903F9D50026A5F8FE42A5F82863D9
:2058C00031463746344606E0082A02D10131C9B2012683420BD050F8042BC2F30322072A79
:2058E000F2D101348342E4B24FF00107F3D10EB185F829130FB185F8284303B0BDE8F08F53
:20590000BAF1060F5246D8BF85F807A0A1DD18F0010F02D006E0D30702D45210062AFADC0E
:205920005FFA82FB85F807B0D1B38B0091E7012499E744F002049EE744F00404A3E744F474
:205940000074A8E744F02004ADE744F01004B2E7062207266AE70624072758E7194B1A4D6F
:2059600019601A4BAE715FFA88FA0122297185F805A01A70D3461CE70AEBCA030AEB4303CD
:2059800003EBC303C3F3460242EAC313DBB2062207242A2BEA732A73AC736C7308D8EA71EB
:2059A00040F237220023A5F8FE22A5F82833A4E7BAF1060F5246D8BF85F807A0A7DCEFE78D
:2059C0004081002008C000202CC10020CD0A00201F2801DD002070472DE9F04F6B4BDFF81C
:2059E000B881002687B0CDE9006643F8206007460C4608F1050A4546B146B3462378A5EBED
:205A00000800C0B215F801CB8BB103A9002205E001F8013B14F8013F01324BB19C4500F0C3
:205A200090800A2AF4D1002007B0BDE8F08F1A4602F118030DEB03024FF0000302F80C3C73
:205A4000BCF1000FEFD101380134032800F29580DFE800F05F41220201230A22002103A893
:205A6000CAF74CFF0F285EDC8005009B019A03F00F0343EA8663034343EA0B23120143EAF2
:205A80000933D2B21343414A42F82730FFF766FE012007B0BDE8F08F9DF80CC0BCF1000F61
:205AA0003ED003A901203A4A002312F801EBE6453BD001330A2BF8D1364A002312F801EF69
:205AC000E64534D00133072BF8D111F801CFBCF1000FE8D124E09DF80C300BB34E2B03AA61
:205AE0004FF0010110D0452B33D0532B36D0572B39D0552B3CD0442B08BF052305D012F83A
:205B0000013F6BB14E2BEED1002301FA03F31E43F5E701230A22002103A8CAF7EFFE009046
:205B200055457FF46BAF00209FE79B46C4E711F801CF00FA03F349EA0309BCF1000FB2D1C5
:205B4000EEE702F118030DEB0302002302F80C3C79E7012301FA03F31E43D0E7022301FA53
:205B600003F31E43CBE7032301FA03F31E43C6E7042301FA03F31E43C1E701230A22002165
:205B800003A8CAF7BBFE0190CAE700BF40810020BCFA0508B3FA0508D0FA05082DE9F04163
:205BA0001A4FDFF86C800C46002500F1200601230A2200212046CAF7A1FE3A888242034625
:205BC00018DB012D0DD0022D4FF02C01204616D028F826300FF017F860B10237441C01357C
:205BE000E5E708EB860220462C2193700FF00BF80028F2D1002048F82600BDE8F08108EB2C
:205C00008608012088F80330BDE8F08160A40508408100200F2A11D805280BD805290DD8D5
:205C20000E4B00EB400003EB40030B4483F8C02001207047062809D0072801D0002070474F
:205C40000029FBD1054B83F8EF20F1E70A29F5D8024B0B4483F8E420EAE700BF4081002011
:205C600010B5FFF77BFD084B084993F802C081F8CAC307485C7841F2A80200210EF0ACFF30
:205C8000044B1C7010BD00BFE0B200202CC10020585C0020701E00202DE9F04182B0144689
:205CA00007460D46ADF8062000F1070807E0314634449047A4B24745ADF8064017D017F809
:205CC000016B2A68A6F17D03012B12684FF07D012846ECD890472B6886F020011B68284628
:205CE00034449847A4B24745ADF80640E7D10DF10600F6F7DDF89DF80640A4F17D03012BE6
:205D00002B6806D91B6821462846984702B0BDE8F08128461B687D2198472B6884F020017C
:205D20001B682846984702B0BDE8F081014B00221968B1E7D0920020AE4A10B500230820BA
:205D400082F84930FBF7FEF848B1536C4FF4806402204FF482611C8082F8490059804FF4C6
:205D60000020FBF7EFF848B192F84930516C5C1C40F2014082F8494021F813009E49CB782D
:205D8000002B70D10B7992F84910002B40F03A814FF40070FBF7D6F848B192F84930516CEE
:205DA0005C1C4FF4046082F8494021F81300934B92F849401968880700F1D480490792F875
:205DC000494000F1B0808E4B92F849101B681B0667D492F8491082F8481000234FF48030B3
:205DE00082F8493082F85130FBF7ACF830B1D36C01204FF4047182F8510019804FF400403F
:205E0000FBF7A0F848B192F85130D16C5C1C4FF4007082F8514021F813004FF40030FBF7F0
:205E200091F848B192F85130D16C5C1C4FF4A06082F8514021F813004FF48020FBF782F857
:205E400048B192F85130D16C5C1C4FF4376082F8514021F8130092F8511082F85010002390
:205E600082F8513010BD0120FBF76CF8002889D04FF48030FBF766F8546C40B992F8493063
:205E8000581C82F849004FF4047024F8130092F84930581C82F849004FF4116024F81300C8
:205EA00070E74FF40050FBF74DF838B1536C4C1C4FF4036082F8494023F811004FF48050C9
:205EC000FBF740F870B192F84930506C591C9C46C9B24FF40064023320F81C4082F84930A3
:205EE00020F811404FF48040FBF72CF848B192F84930516C5C1C4FF4846082F8494021F8AC
:205F000013004FF48060FBF71DF892F8493000283FF45FAF516C5C1C4FF4026082F84940FB
:205F200021F8130055E74FF48060FBF70BF838B1536C601C4FF4807182F8490023F8141087
:205F40004FF40060FAF7FEFF92F8493000283FF43AAF516C5C1C4FF4887082F8494021F8DD
:205F6000130030E78020FAF7EDFF38B1601C536C82F8490045F2302023F814004FF48070AA
:205F8000FAF7E0FF48B192F84930506C5C1C82F8494045F2402420F813401020FAF7D2FF06
:205FA00048B192F84930506C5C1C82F849404FF4E06420F813402020FAF7C4FF48B192F845
:205FC0004930506C5C1C82F849404FF4E26420F813404020FAF7B6FF92F8493000283FF4B9
:205FE000EDAE5C1C506C82F849404FF4E46420F81340E3E6D00A00201C7300205C76002075
:20600000582400200220FAF79DFF00283FF4C0AE4FF40040FAF796FF38B9536C4C1C4FF408
:20602000007082F8494023F811000420FAF78AFF48B192F84930516C5C1C4FF4C06082F815
:20604000494021F813004FF48010FAF77BFF92F8493000283FF49CAE516C5C1C45F25020C9
:2060600082F8494021F8130092E600BF2F4B1B78012B00D0704730B52D4890F8CB33022BED
:2060800083B01BD0012B09D12A4C2268002A2CD003B030BD284B1B78DB07F5D4254C22686A
:2060A000002AF5D0254B03F1540019688A4238D00C338342F9D100232360E9E7204B03F141
:2060C000780102E006339942E4D01A78132AF9D193F802C0DA78944502D35A79002AF1D0F9
:2060E000184B1B681A03CFD4D8E7D0F8CC53002DCED090F8211090F8203095F9040000392D
:20610000B3FA83F318BF01215B0943EAC1030321CDE900134FF46143202107F019FA20606F
:20612000B6E70021D162C3E90011C4E7CC9200202CC10020D0920020F52500205C2400201F
:2061400048730020148E002070B5164E357885B1154C164A16491368C4F8D01301F5007096
:206160005D1C14491560C4F8D403BDE870400B607CE72020DDF7A0FC0B4CC4F8CC03002864
:20618000E7D003689A0603D5202B14BF02250125094B0A4A1A6084F8CB53FFF7CDFD01235A
:2061A0003370D6E7CC9200202CC1002030B400200CC50020340A0020B8BC00202D5D040877
:2061C0002E4B1B6813F0006351D02DE9F0432C4B1D78A84246D3FF284BD1DFF8B88098F802
:2061E0000030002B3CD0274E0022C6E90022B260002D41D0244B914603EB05171046144680
:206200001146944696465A880A4491B29A894A440FFA82F91A78964538BF96465A789445DE
:2062200038BF94465A681033144453F8082CBB421044E8D1B1FBF5F199FBF5F5C6E90140A7
:2062400086F800E086F801C0104B71801B78B5810022082B88F8002002D10D4B3278DA8068
:20626000084802E0084B03EB0010BDE8F083184670470020BDE8F0832946E5E7582400205F
:20628000D0110010F0B4002040B20020850D0020880D0020600A00202DE9F04FC24D87B0AB
:2062A00095F8A03600AF0E469146002B00F0B680013B85F8A0363378002B00F0AB8095F843
:2062C000A036002B40F0A6804B46002B40F05D8195F8B686B8F1000F50D195F8B936062B4E
:2062E00040F2C681B14A95F8BA4692F8510092F85010814200F040821146421C51F84CCF4A
:206300003CF8100001330444DBB2A4B2D2B2B4F5E06F85F8B9364A7100F0C08100F2F6809E
:20632000B4F5806F00F0CA8200F2D381B4F5067F00F21E81B4F5007FC0F03082A4F50073EE
:20634000182B00F21581DFE813F06E015B015B015B015B015B015B015B015B011301130131
:206360001301130113011301130184013F013F013F013F013F013F013F013F01D5E9F4136F
:2063800095F8B72695F8A1063B601C4695F8B8C6C7F804D002F00F03013243EA4013D2B289
:2063A000DBB2A4EB010985F8B726BCF1000F00F06C843B724FF0050B07F109037C4ACB45EB
:2063C000D2F800A040F387844A4618460EF0ACFB07F1080100EB0902521AD2B23B68C5F83B
:2063E000D433062A734BC5F8D03328BF0622322307F111003B740EF097FB07F11000D0471D
:206400000023984685F8B8360023D7F804D085F8B68633701C37BD46BDE8F08F00283FF419
:206420004AAF0278303A012A3FF645AF4278C2F34111032985F8A11602F00F0400F0FC8495
:2064400012F0100200F096840129837800F1070800F0E88485F8B036B0F80330A5F8AC36E0
:20646000B0F805304146C02B00F209855248C5F8A40600220344A5F8AE260122A8EB0108B3
:20648000C5F8A83685F8B42685F8B5461C1A444500F3E784002C40F0DC84B5F9AC3646499A
:2064A000C5F8A806FA2B04BF052385F8A036002385F8B436C5F8D8333B61404BC5F8A4161E
:2064C0001868C5F8D413A1F50074A1F5047207F11003C431C5F8D043DDF77EFC013000F043
:2064E000E3843B690BB100209847D5F8D033C5F8D43395F8A036C5F8D043012285F8B62693
:20650000002B3FF4D8AE00233370D4E6B4F5116F00F0488200F20381B4F5026F00F05282E0
:2065200000F25681B4F5E46F00F09E82B4F5006F00F07282B4F5E26F1AD1214B9FED210A82
:20654000D3ED137A93ED007A67EE877A27EE800A0DF09CF8164AC7F81300102312683B74E0
:206560007B740723BB7407F110000024904734704B46002B3FF44EAF3378002B3FF44AAF3E
:2065800095F8A036002B7FF445AFC3F747FFD9F80030C01A0028FFF69BAE00231C373370AC
:2065A000BD46BDE8F08F00BF2CC10020D00A0020B8BC00200CC500200CC70020340A002018
:2065C0008C1900100000C842AC4B1B681B01CFD5AB4AA4F111031278DBB29A42C8D9A94A9D
:2065E000A7F811401168A84A02EB03135B88C7F8133010233B74F818884700233370B7E733
:206600009E4B1B681801B3D59D4A631E1278DBB29A42ADD99B4AA7F8114011689A4A02EB6D
:2066200003135B68E3E7994B994A1B6882FB0312DB17C3EBA203C7F813301022914B3A74D8
:206640000024B81802221B687C74BA74984734708EE795F82730002B00F00C838D4B1B7890
:20666000002B00F009838C4A1288B2FBF3F303E301338A4ADBB292F8491092F84800546C80
:20668000884272D034F8114085F8B9364A1C8449D2B2B4F5E06F4A717FF440AE814B9FEDE2
:2066A000820AD3ED127A93ED007A67EE877A002427EE800A0CF0EAFF1022724BC7F8130049
:2066C0003A74B81807221B687C74BA74984734704EE7B4F5A06F00F03C8200F2B280B4F587
:2066E000826F00F01C82B4F5846F00F0088240F201439C427FF43CAF6C4BB3F90030C7F801
:206700001330604B10221B683A74002401227A740422BA7407F110009847347028E745F2CE
:2067200030239C4200F032816FD8B4F5376F00F0B7816FF437616318072B3FF619AF4F4B88
:206740001B681A017FF514AF4D4AA4F171031278DBB29A427FF60CAF4A4AA7F811401168A4
:20676000494A02EB03135B7841E7002182F8491024884B490122CAE5414B82F851801B7818
:2067800085F8B9860134E4B201339C4285F8BA464FF0010308BF85F8BA866CE7B4F5807F21
:2067A00000F02781B4F5887F7FF4E2AE404A3549B2F90020C7F81320102301223B747B74D5
:2067C000BA740B6807F11000002498473470CFE6B4F5036F00F07A81B4F5046F7FF4C8AEA9
:2067E000344BB3F9043003EB83035B00C7F81330244B10221B683A74B818002440227A7453
:206800000822BA7498473470B2E645F240239C4200F0C48145F250239C427FF4A9AE1B4BA0
:206820009B68C7F81330174B10221B683A74002450227A745222BA7407F1100098473470DD
:2068400096E6B4F5A16F74D9B4F5C06F7FF490AE194B1B681B89002B40F009820B4B986866
:20686000084BC7F8130010223A740024B81806221B687C74BA749847347079E658240020D8
:20688000D0110010B8BC002040B20020F49F002067666666A476002094760020D00A0020B7
:2068A000140B00208C1900100000C8425676002094920020908F00203472002095F8BB2635
:2068C0000132D2B2042A0EBF012242F21073534385F8BB26B74A126808BF42F21073002A15
:2068E00000F0C3810233B44A1278D207B34A128848BF043312F0290F18BF0A33940748BF09
:206900001433D00548BF2833510748BF6433540648BF03F57A631022C7F81330A84B3A74F8
:206920000024B81804221B687C74BA74984734701EE6A44B1B6819017FF51AAEA24A631EE0
:206940001278DBB29A427FF613AEA04A9FEDA07A02EB0313B3F90C3007EE903A9D4B93ED6C
:20696000000AF8EE677A20EE070A20EE270A0CF08DFE934BC7F8130010221B68A7F811400C
:206980003A74B818984700233370F1E5924BB3F90230C7F813308A4B10223A741B680024E5
:2069A000302246E78D4B1B781BB18D4A1288B2FBF3F3834AC7F8133010233B747B74126803
:2069C0000923CFE5874B1B789B077FF5D1AD864B10229B68C7F813303A74794B20227A7434
:2069E00008221B68BA74002407F1100098473470BEE57E4B93ED000A0CF048FE1022704BE8
:206A0000C7F813003A740024B81801221B687C74BA7498473470ABE5724B1B7898077FF5C8
:206A2000A7ADD107704B40F17A815A68704982EAE273A3EBE27303EB5303A1FB0313DB084B
:206A4000002AACBF43F0004343F040431022C7F813305B4B3A740024B81808221B687C745C
:206A6000BA749847347083E5624B9FED630AD3ED147A93ED007A67EE877A002427EE800AF6
:206A80000CF004FE1022C7F813003A74B8184C4B20227A7407221B68BA749847347067E506
:206AA000FF20FFF78DFB00283FF462AD4378C7F8133010223A74B818414B70227A740B2229
:206AC0001B68BA7400249847347051E5454B1B789C077FF54DAD444B9B8D4FF4F36202FBA8
:206AE00003F3434AA2FB03235B09C7F81330344B10223A74B8181B68002430227FE6394BD9
:206B00001B789A077FF534AD3C4B1B88C7F813302B4B10223A741B6800242022F7E5384B22
:206B20001C6814F020046DD1264B1B681B0640F1E88010233B747B740423BB74204BFC74BB
:206B40001B683C757C75BC7507F11000984734700EE5FF20FFF734FB00283FF409ADB0F963
:206B60000C201C4B9FED1A7AD3ED007A00EE102A67EE877AB8EE400A002420EE270A0CF05B
:206B800085FD10220E4BC7F813003A74B81805221B687C74BA7498473470E9E40E4BB3F97B
:206BA0000030C7F81330064B10223A741B68002440223EE698250020F5250020448F00203B
:206BC000B8BC002058240020D011001040B2002000007042141B0010908F0020A476002018
:206BE0009476002098770020CC760020849200201F85EB518C1900100000C842DAB2002059
:206C00005C760020AF4AB049938992F83020643BC3EB4370C3EBC00381FB03011944DB175A
:206C2000C3EB21230933A949092BA8BF0923087823EAE37303EB830310F0020F03EB830391
:206C40000CBF00214FF47A719B00C0079BB248BF01F5FA610B4413449D4AC7F81330102351
:206C60003B747B74126804237CE401333BE6E1F7B1FBF5E5974B1B88954AC7F81330102329
:206C80003B747B74126802236CE4B5F9DA23002AACBF43F0100343F090033B72B5F9D833B5
:206CA00001285FFA89FC5FFA83FE48D1B9F1FE0F72DD874B87F80AE0D3F800A087F80BC0E4
:206CC000FF23C9F307297B7287F80C9085F8B806834607F10D0318465A4639600DF024FFDB
:206CE0003968BB89B868A7F8153059443223C7F81100C5F8D0133B7407F11000D047FFF785
:206D000083BB95F82630002B3FF432AC95F8BC26032A00F2D280DFE802F07A6D60481A686C
:206D20006D4982EAE273A3EBE27303EB5303A1FB0313DB08002AB8BF43F0804386E695F890
:206D4000DC03002260F30702C3F307236EF30F2263F317426CF31F62C9F307237B73C7F842
:206D600009204FF0000B07F10E03012285F8B826FFF724BB95F8B4364BB195F8B536013325
:206D800003F00F03A34200F0868085F8B426002385F8B636FFF78FBA87F809C087F80AE040
:206DA0004FF0030B07F10B03DFE74C4B1A68537A917AD27A03F1407303EB012303EB024391
:206DC00000224349C7F81330102385F8BC263B747B740A680423FFF7C5BB414B1A68937AA9
:206DE000917C927E03F1007303EB012303EB02430322E6E73A4B1A68537A517C527E03F173
:206E0000807303EB012303EB02430222D9E7344B1A68137E117A127C1B0403EB02230B442A
:206E20000122CEE7C278A5F8AC26FF2B06BF8388811D011DFFF717BB2A4A85F8E033C5F892
:206E4000D823294BC5F8D0330133C5F8D43301239EE722460DF068FED5F8A4062044FFF7C6
:206E60001CBB42460DF060FED5F8A43603EB0802C5F8A42695F8A0360022FFF73FBB032397
:206E8000B5F8AC2685F8E0334FF6F673A5F8D823A5F8DA33D5E7811CD5F8A836D5F8A40678
:206EA0004FF00508FFF7F0BAD5F8D0330222591CC5F8D0131A70FFF714BB13060132D2B2BE
:206EC0007FE700BFCC760020C5B3A29198770020B8BC0020947600201F85EB5130720020F1
:206EE000A42500200000F6FF0CC500208446014400201CF8013B0822584043B2002BB8BFEB
:206F00005B004FEA4000B6BF83F00703C0B2D8B2013AF2D16145ECD17047104B186810B5F7
:206F2000D8B10F4C217841B16278F8F719FCA38883421ABFA08001210021E2885AB141F230
:206F400088339342B8BF13469A4204D0E380BDE81040CAF771BF0029F9D110BDF8250020DB
:206F6000D87300200A4B1B7813F0010F094B02D001221A7070471B784BB9074B1B6833B1D1
:206F8000064B1A7810445A781870114459707047F5250020ADB70020F8250020D873002025
:206FA00038B50E4D95F8A130012B044615D00C4B1A7892B15A7882B193F8EA306BB1094B8A
:206FC00093F90000DFF7FCF9844203D0064B1B689C4202D1012385F8A13038BD2CC10020C8
:206FE000E473002042060020340A002030B58BB04FF0010C00910021CDE90123CDE9041191
:20700000CDE9061105688DF80CC004468DF820C00991EFF3118C102383F3128803681B6AEA
:207020000BB3029B684602461BB1D3691432002BFBD12B6A6BB1996839B99A4209D01968E0
:2070400029B15B6899680029F7D01433F3E7C3E900405FFA8CFC8CF311882268136A002B6A
:20706000FCD10BB030BDC5F820D05FFA8CFC8CF31188C3F745FFF0E730B40568EFF3118C50
:20708000102383F3128803681B6AEBB18B6804460A461BB1D3691432002BFBD12B6A6BB19E
:2070A000986838B9934209D0186828B15B6898680028F7D01433F3E7C3E900415FFA8CFC37
:2070C0008CF3118830BC704729625FFA8CFC8CF3118830BCC3F714BF30B593B000238DF828
:2070E00007108DF806200DF106010122CDE90332CDE90631CDE908320DF107058DF814300B
:207100008DF828208DF83C200B930E93109300220023CDE90C23016802950446EFF3118CEC
:20712000102383F3128803681B6A0BB3049B02A802461BB1D3691432002BFBD10B6A6BB1F7
:20714000996839B99A4209D0196829B15B6899680029F7D01433F3E7C3E900405FFA8CFC8A
:207160008CF311882268136A002BFCD113B030BD02AB0B625FFA8CFC8CF31188C3F7C0FEBD
:20718000F0E72DE9F34105460120C3F7C7FC002276212846FFF7A0FF012211212846FFF770
:2071A0009BFF0120C3F7BAFC00224E212846FFF793FF15240120C3F7B1FCF5212846FEF7E3
:2071C000ABF947280FD8412813D9A0F14203052B0FD8DFE803F0180E030E97130E24204640
:2071E00002B0BDE8F081562800F08E806F2800F08D80013C14F0FF04DCD1F0E7444B9D4281
:2072000003D00F24EBE70C24E9E7424B424F9D7B2846C3F7BDFD97F8C03604462BB3D7F802
:20722000C4369842EDD1012239487621FFF754FFFB213748FEF770F900F0F90242F004021C
:2072400033487B21FFF748FF002231487621FFF743FFCD212E48FEF75FF940F00402D2B205
:207260002B484D21FFF738FFCBE7002DC9D001225C212846D5F7D2FD06460028C1D0002CAE
:20728000BFD0264A0368D2F80080254A934211D0A2F5806293420DD002F58042934209D083
:2072A00002F58062934205D002F58062934218BF4FEA58084FF4FA454FF6FD73B8FBF5F559
:2072C000AA1E9A429DD84FF4AE73E380F27902212046C4F743FCC5F34E026B1E551E0021BB
:2072E000AAB2019100929BB20E4842463146C7F773F8D7F8C836C7F8C4461D60012387F88D
:20730000C03690E70D246AE7112468E7102466E774130010602500202CC10020000E002002
:2073200000040140F4C700202DE9F843054600F110047B48C6F794FFA8822846C3F7BCFC6F
:20734000784BC5F85431002276212046FFF7C4FE00224E212046FFF7BFFE95F8E090724BED
:20736000B9F10C0F5B7840F0B480012B00F0C180022B15BF062603264FF4DC774FF47867A6
:2073800014BF4FF015084FF03F08012276212046FFF7A2FE42460C212046FFF79DFE07F0DF
:2073A000FC020D212046FFF797FE320142EA17220E212046FFF790FEB9F10C0F0CBF4FF030
:2073C00015084FF006084FF002024FF0760120460BBF4FF4DC77242706260A26FFF77CFE6D
:2073E0004FEA480203212046FFF776FE07F0BC0204212046FFF770FE320142EA17220521B4
:207400002046FFF769FE002276212046FFF764FEFF2252212046FFF75FFE03221421204625
:20742000FFF75AFE002263212046FFF755FE082265212046FFF750FEE4212046FEF76CF88B
:2074400000F0EF0242F0600264212046FFF744FECD212046FEF760F800F03F0242F040024E
:207460004D212046FFF738FE0F224E212046FFF733FE0120C3F752FB95F8E32095F8283141
:20748000002A48D0013343F00103B3FA83F3C3F11F03032B3FDC254AD25C95F8E030A3F12F
:2074A0000E014B424B4102F00F0242EA43152A464F212046FFF710FE0F20C3F72FFB20465A
:2074C0002A465021FFF708FEBDE8F8430F20C3F725BB022B13D0032B17D0012B0BBF0826DD
:2074E0000A26902724270CBF4FF00C084FF006084BE704264FF4C0674FF0270845E7062663
:207500004FF4DC774FF015083FE704264FF4AC674FF0250839E7002385F8E3300622BCE7C9
:2075200000366E011F251D1D0C720020ACFA050830B593B00DF1070508920022CDE90252DF
:20754000CDE906228DF807108DF81420012109930B920E9210920023002204918DF82810C4
:207560008DF83C10CDE90C2301680446EFF3118C102383F3128803681B6A0BB3049B02A8E9
:2075800002461BB1D3691432002BFBD10B6A6BB1996839B99A4209D0196829B15B68996806
:2075A0000029F7D01433F3E7C3E900405FFA8CFC8CF311882268136A002BFCD113B030BD26
:2075C00002AB0B625FFA8CFC8CF31188C3F798FCF0E700BF0139022923D8282330B501FB28
:2075E00003F3134C14F803C01A194FF0010EBCF1020F026080F888E015D0C9B20D4D090122
:207600006958516059B10221E15400F110034C30C2E906304FF480719181012030BD0020C1
:2076200030BD00207047537B73445373F5E700BFF8150020801600202DE9F84F05682A6A5F
:20764000A96997681368002B00F007814FF48064D5E9049C8C618B60D9F8044083680F612E
:20766000BCF1000F00F0D2805668834A002E0BBF9346B3464FF0000E4FF4806E1BF0010F1E
:2076800008BF6FEA0708EA6906BF4FEA483808F400584FF00008C2F808B0C2F818E0C2F871
:2076A0002080176123B1D3F800A09B88AAF81A30CCF81C0099F81430DCF80400D9F8009076
:2076C0001F2B00F28A804FF0200A0AFA03F343F01803C9F808309CF81430DCF800C01F2B04
:2076E00040F28B80203B4FF0200909FA03F343F01803CCF80C300B68CE6843EA060C4B69A7
:207700004CEA030C8B694CEA030C002323600360CB694CEA030C036843F0100303600B6AE0
:20772000D4F800904CEA030C4B6A4CEA030C8B6A4CEA030C4B6B4CEA030C8B6B4CEA030347
:20774000DFF83CC109EA0C0943EA09032360636923F00709D1E90B36334343EA0903D668BA
:20776000636113683343566933430E6966604E688968A660E160D1690B43516A0B430168FA
:2077800001EA0C0C916A6D680B43516B0B43916B0B4343EA0C0343EA0E0348EA030303605F
:2077A000436923F0070CD2E90B310B4343EA0C034361536847608360C0F80CB0236843F05B
:2077C00001032360036843F001030360AB889BB243F00303AB80BDE8F88F203B4FF0200A49
:2077E0000AFA03F343F01803C9F80C309CF81430DCF800C01F2B3FF675AF4FF0200909FACA
:2078000003F343F01803CCF8083074E713B11A689B88538399F81430C9F81C001F2BD9F8C1
:20782000000020D8202202FA03F343F01803836000232360236843F010032360204603F098
:20784000DDFE23686A6843F00103236093889BB243F002039380BDE8F88F1C46074BFF267E
:2078600003F8546FF4E6203B202202FA03F343F01803C360DCE700BFFCC70020D00A002011
:207880003F801CF02DE9F0410468236A1E7B236A1B690546F6B2A3B1236AD0F894001B697F
:2078A0009847012800F08E8002280AD1226A02F11403D2692AB12362236ADA691433002A4B
:2078C000F9D1236ADA695AB95869002800F0A88099692162BDE8F041C3E90522C3F710BB47
:2078E00094F8242014332362002A40F0BD80002E40F0AB802C68D4E904375E68002F00F05B
:20790000DD80FD611A7D19687D681F2A00F28B802023934043F018038B603B7D39681F2B77
:2079200040F28C80203B202202FA03F343F01803CB60002333602B602B68D4F8188043F096
:2079400010032B603046414603F058FEE169284603F054FE3368626843F0010333602B6884
:2079600043F001032B6093889BB243F003039380236ADA69002A54DDD9695A69002A00F047
:20798000C5804FF48060C8F81800C8F80820C8F81010002F45D09B696648E269002B08BFAC
:2079A000034693600CBF00204FF48060DB075DBFCB435B0303F400530023906113621161CE
:2079C000BDE8F081236A2A68143B2362136AD96900297FF776AFDF6959699069002900F0FF
:2079E000A2804FF4806C81605169C0F818C0076100293FF466AF9B694E49D269002B0ABF68
:207A00000B464FF480610021D80793605DBFFB435B0303F40053002391611362176150E7C3
:207A20002062BDE8F081203A2023934043F01803CB603B7D39681F2B3FF674AF202202FA8C
:207A400003F343F018038B6073E7AB68002B3FF451AF1A682C689B885383D4E904375E685F
:207A6000002F7FF44EAF29E0206A2968876803688A69002B50D04FF4806C93604B69C2F81B
:207A800018C017619BB14368CA692A491761002B0ABF0B464FF4806100219161D907936032
:207AA0005DBFFB435B0303F4005300231362002384F82430002E3FF41DAFC6E71A7D196847
:207AC000DD611F2A1CD9203A2023934043F01803CB60002333603368D4F8188043F0100346
:207AE00033604146304603F089FD3368626843F00103336093889BB243F00203938037E77D
:207B00002023934043F018038B60E2E710460A4AFF2502F8545F36E79C46074B4FF0FF0E35
:207B200003F854EFA9E78C4603494FF0FF0E01F854EF58E7FCC70020D00A002070B5046824
:207B4000236A9B68002B45D0054600260EB1337B23B1AB6813B11A689B885383226A6368FA
:207B60001068226A5168226A926802F1FF3CA2B128B3024612F801EB10461A899207FCD5C5
:207B8000A3F80CE01A89D207FCD59A8992B209B101F8012BBCF1010CEAD2236A1B7B3BBB3C
:207BA000236A1B6973B1236AD5F894001B69984701280BD0022805D10023236270BD4FF027
:207BC000FF0EDAE7266A236A14332362236A9B68002BBBD1236A1B688BB1236AD3E9000111
:207BE00000222162BDE87040C3E90022C3F788B9AB68002BD4D01A689B881383D0E7236269
:207C000070BD00BF38B53E4DEB6B2C6E002B42D0A289238850069BB201D5590618D42B6CA2
:207C200003B3A28A2388D0079BB204D5190744BF4FF6F7732380A2892388D2069BB206D56F
:207C4000DB0604D56B6B03B198472388A38838BD95F87230002B2CD04FF6BF7323802B6C2F
:207C6000002BDED1A289238812069BB2D9D51B06D7D5AA6A6B6A9A422FD0AB6AA9692A69F6
:207C8000CB5CDBB2A380AB6A0133B3FBF2F102FB1133AB62C5E7A289238892069BB2B7D5F2
:207CA0009B06B5D5EB6AEBB1A088296B80B29847AEE795F87100C3F76BF82A6E938923F064
:207CC00008031B0401211B0C938185F872100028C2D02021C2F7A6FFBEE7E36823F080033F
:207CE000E3609EE7A3886969EA69DBB28B54EB69EA680133B3FBF2F102FB1133EB6187E79A
:207D0000180F001038B5484DD5F8B030D5F8D440002B4CD0A289238850069BB201D5590627
:207D20001AD4D5F8B43013B3A28A2388D0079BB204D5190744BF4FF6F7732380A2892388BF
:207D4000D2069BB207D5DB0605D5D5F8A83003B198472388A38838BD95F8E630002B36D090
:207D60004FF6BF732380D5F8B430002BDCD1A289238812069BB2D7D51B06D5D5D5F89C2025
:207D8000D5F898309A4237D0D5F89C30D5F88C10D5F88420CB5CDBB2A380D5F89C30013354
:207DA000B3FBF2F102FB1133C5F89C30BCE7A289238892069BB2ADD59B06ABD5D5F8A030CA
:207DC000FBB1A088D5F8A41080B29847A2E795F8E500C2F7DDFFD5F8D420938923F00803B2
:207DE0001B0401211B0C938185F8E6100028B7D02021C2F717FFB3E7E36823F08003E36017
:207E000092E7A388D5F88810D5F89020DBB28B54D5F89030D5F880200133B3FBF2F102FBB4
:207E20001133C5F8903075E7180F001038B5484DD5F82431D5F84841002B4CD0A2892388D7
:207E400050069BB201D559061AD4D5F8283113B3A28A2388D0079BB204D5190744BF4FF634
:207E6000F7732380A2892388D2069BB207D5DB0605D5D5F81C3103B198472388A38838BDEB
:207E800095F85A31002B36D04FF6BF732380D5F82831002BDCD1A289238812069BB2D7D59A
:207EA0001B06D5D5D5F81021D5F80C319A4237D0D5F81031D5F80011D5F8F820CB5CDBB287
:207EC000A380D5F810310133B3FBF2F102FB1133C5F81031BCE7A289238892069BB2ADD58D
:207EE0009B06ABD5D5F81431FBB1A088D5F8181180B29847A2E795F85901C2F749FFD5F836
:207F00004821938923F008031B0401211B0C938185F85A110028B7D02021C2F783FEB3E796
:207F2000E36823F08003E36092E7A388D5F8FC10D5F80421DBB28B54D5F80431D5F8F4205F
:207F40000133B3FBF2F102FB1133C5F8043175E7180F001038B5484DD5F89831D5F8BC41B4
:207F6000002B4CD0A289238850069BB201D559061AD4D5F89C3113B3A28A2388D0079BB2C3
:207F800004D5190744BF4FF6F7732380A2892388D2069BB207D5DB0605D5D5F8903103B1BF
:207FA00098472388A38838BD95F8CE31002B36D04FF6BF732380D5F89C31002BDCD1A289A3
:207FC000238812069BB2D7D51B06D5D5D5F88421D5F880319A4237D0D5F88431D5F8741173
:207FE000D5F86C21CB5CDBB2A380D5F884310133B3FBF2F102FB1133C5F88431BCE7A28988
:20800000238892069BB2ADD59B06ABD5D5F88831FBB1A088D5F88C1180B29847A2E795F842
:20802000CD01C2F7B5FED5F8BC21938923F008031B0401211B0C938185F8CE110028B7D09B
:208040002021C2F7EFFDB3E7E36823F08003E36092E7A388D5F87011D5F87821DBB28B54B8
:20806000D5F87831D5F868210133B3FBF2F102FB1133C5F8783175E7180F001038B5484DB3
:20808000D5F80C32D5F83042002B4CD0A289238850069BB201D559061AD4D5F8103213B3DE
:2080A000A28A2388D0079BB204D5190744BF4FF6F7732380A2892388D2069BB207D5DB06BF
:2080C00005D5D5F8043203B198472388A38838BD95F84232002B36D04FF6BF732380D5F84C
:2080E0001032002BDCD1A289238812069BB2D7D51B06D5D5D5F8F821D5F8F4319A4237D0F9
:20810000D5F8F831D5F8E811D5F8E021CB5CDBB2A380D5F8F8310133B3FBF2F102FB113302
:20812000C5F8F831BCE7A289238892069BB2ADD59B06ABD5D5F8FC31FBB1A088D5F80012AB
:2081400080B29847A2E795F84102C2F721FED5F83022938923F008031B0401211B0C938108
:2081600085F842120028B7D02021C2F75BFDB3E7E36823F08003E36092E7A388D5F8E41109
:20818000D5F8EC21DBB28B54D5F8EC31D5F8DC210133B3FBF2F102FB1133C5F8EC3175E7A9
:2081A000180F001038B5484DD5F88032D5F8A442002B4CD0A289238850069BB201D55906DF
:2081C0001AD4D5F8843213B3A28A2388D0079BB204D5190744BF4FF6F7732380A289238849
:2081E000D2069BB207D5DB0605D5D5F8783203B198472388A38838BD95F8B632002B36D048
:208200004FF6BF732380D5F88432002BDCD1A289238812069BB2D7D51B06D5D5D5F86C22DC
:20822000D5F868329A4237D0D5F86C32D5F85C12D5F85422CB5CDBB2A380D5F86C32013395
:20824000B3FBF2F102FB1133C5F86C32BCE7A289238892069BB2ADD59B06ABD5D5F8703281
:20826000FBB1A088D5F8741280B29847A2E795F8B502C2F78DFDD5F8A422938923F00803E9
:208280001B0401211B0C938185F8B6120028B7D02021C2F7C7FCB3E7E36823F08003E360F3
:2082A00092E7A388D5F85812D5F86022DBB28B54D5F86032D5F850220133B3FBF2F102FBC8
:2082C0001133C5F8603275E7180F00104749DFED484A4B7808788A781B0203EB00431A4499
:2082E00018020B79C87849794FEA032303EB0043194448BF02F17F421B0248BF01F17F4160
:208300003C4B07EE901AB8EEE77A07EE902AB3F90E20B3F90C00D3ED016A374905EE902A97
:20832000B3F9102006EE100A05EE102AF8EEE77AB3F912200878B3F91810B8EEC66A27EEC2
:20834000247AF8EEE66A67EEA47A04EE902AB3F91420E7EE066A112804EE102A93ED026AB4
:20836000B3F91620B8EEC66AF8EEE55AB8EEC55AF8EEE44AB8EEC44A21D0A7EE845AE7EE5A
:20838000A45AA5EE276AA5EE876AE7EE866AB3F9022007EE902AB3F90020C3ED076A06EE14
:2083A000102AF8EEE77AB8EEC66A67EE877AB6EE007AE6EE077A0120C3ED087A704703EEA2
:2083C000901AB8EEE33A03EE902AA7EE834AF8EEE33AA4EE275AE7EEA34AA5EE276AE4EE55
:2083E000A75AA5EE876AE7EE866AD0E760C80020082184365CBD002058BD002030B10A4BAD
:20840000D3ED077AFDEEE77AC0ED007A51B1064B9FED067AD3ED087A67EE877AFDEEE77A65
:20842000C1ED007A704700BF5CBD00200000C84201207047012070470120704701207047FB
:20844000FF2140F201124FF6017C817543F201110023A0F814C0A0F80B204FF4987C01808E
:20846000428043F201510122A0F804C0C1800272C0F80E30438270470F4B4FF6FF7200B548
:20848000A0F803200281A0F80D2003F1120E13F9012CB3F800C002EB8202063320F802C09D
:2084A000811813F8042C8A7033F8032CA1F803209E45ECD15DF804FB69A4050800234FF464
:2084C000007203808370A0F8032070474FF44F73038070474FF4007241F2014340F2344C25
:2084E00000210280438040F68C222F23A0F806C0816082818373704742F601410222002330
:2085000001808270C3707047104A114B114910B4C2610E224FF0070C80F8242000220E4C4D
:2085200080F802C0426040F2067C4FF08072C0F815304FF4F0730462A0F819C05DF8044B5C
:208540008160C0F811200380704700BF2602D0070203040521202A2BE803A807014B03606C
:20856000704700BF2829FFFF43F63D624FF0013302604360704700BF00230360704700BF74
:2085800000230360704700BF002306214FF47A72C0E9012301700373704700BF0E4A4FF0A5
:2085A000FF3310B503604360836002F10F044FF03F0E12F9013C333BD9B205294EFA03FC93
:2085C00005D81CF0010F1CBF118820F8131003329442EED110BD00BF7DA4050840F2212CF0
:2085E0000022A0F800C04FF4087C8270A0F803C042714FF4957C02724FF40E72A0F806C051
:20860000A0F80F2040F22B1C4FF48C720121A0F809C0428240F2392C40F21322FF23C1723F
:20862000A0F80CC0017540F2292C4FF49471028340F22F3283734374A0F815C0C37583762E
:20864000A0F81B104377C28380F82030704700BF00230370704700BF00234021426D10B516
:20866000A0F87433C0F87C1380F8773311680C040AD4B0F87A43184B04F00F0443EA845318
:20868000164C0C402343136003698469DA6942F48032DA61002140224FF4807C80F81F112A
:2086A000A0F81CC1C0F824212268A0F82211110404D40A491140084A0A432260DA69D0F836
:2086C000E81542F001020124DA6180F812414B6880789847002010BD40800010007833EC5F
:2086E00010B5D0F8E83504461B699847032384F81231002010BD00BF08B5042290F8121104
:20870000D0F8E83580F8131180F81221DB689847002008BD08B5D0F8E435DB6903B19847B1
:20872000002008BD08B5D0F8E4351B6A9847002008BD00BF08B5D0F8E4355B6A984700204C
:2087400008BD00BFC269036910B540F201110024A0F844111460DA69816D22F002024FF0EA
:20876000010CDA61A0F89CC30C60DA69016A4FF4817C22F40032DA61A0F86CC10C60DA6969
:2087800022F00402DA6100F0CFF8204610BD00BF10B5064C2068FF2806D005498A680C31C4
:2087A00000F0C8F8FF232360002010BD280B002060C80020432301480B8070472C0B002094
:2087C000426A036910B540F203110024A0F894111460DA69C16922F0080240F2011CDA618E
:2087E000A0F844C10C60DA69816D22F002024FF0010CDA61A0F89CC30C60DA69016A4FF44E
:20880000817C22F40032DA61A0F86CC10C60DA6922F00402DA6100F087F8204610BD00BFB0
:20882000642301480B807047700B002010B5064C2068FF2806D005498A680C3100F07AF810
:20884000FF232360002010BD280B002060C80020034610B4D9691A69002040F20114A3F817
:2088600044410860D1699C6D21F002014FF0010CD161A3F89CC32060D369044923F40033E9
:2088800008755DF8044BD361704700BF60C80020202301480B807047D40B002008494A7DE0
:2088A000531CDBB201EBC2020520042B08BF002310764FF40450D0614B754FF0FF3070479B
:2088C00060C80020064A074B1278A3F114004FF0120CA1F800C0012A18BF1846704700BFF0
:2088E000C0160020080C0020042301480B8070471C0C0020704700BF704700BF704700BFF2
:20890000704700BF704700BF704700BF704700BF034B044A00200521C3E90E0011607047BB
:2089200060C80020B8250020014B002018607047B8250020212838B50C4622D0222814D0B2
:20894000202810D179B1072A0DD1154DEB6B13B10968286C98472168A288A3796964A5F81C
:20896000482085F84A30002038BD0029FBD0022AF9D10B4A936B002BF5D00988D06C9847AA
:20898000F1E70029EFD0072AEDD1054B596CB3F8482093F84A302160A280A371E3E700BFBB
:2089A00060C8002030B51A4C1A4A256803E023685B1B012B26D892F8503003F0FF0C002BF2
:2089C000F5D1F9B100F1FF3E256803E023685B1B012B19D8536D906D0133C3F30A038342F2
:2089E000F4D0506D536D1EF8015F0CF1010C10440133C3F30A03614580F85C505365E3D135
:208A000088B230BD002030BD1FFA8CF030BD00BFCC13002060C8002010B4124CD4F85C3818
:208A2000D4F860289A1AC2F30A020A44B2F5006F14D879B101444A1E013810F801CFE1183C
:208A4000904203F1010381F864C8C3F30A03F4D1C4F85C3800205DF8044B704702205DF8DD
:208A6000044B704760C8002070477047014BDA649963704760C80020014BC3E90F127047E5
:208A800060C8002001207047044BD3F85C08D3F86038C01AC0F30A00704700BF60C8002080
:208AA000104B2DE9F0410C4611461A68BAB11B68052B14D10C4D0D4F2E684FF0010800292A
:208AC0000DDD2046FFF76EFF2B68091A0029A3EB0603C8BF87F80080322B0444EFD9BDE8D5
:208AE000F08100BFB8250020CC13002084190010012380F851307047054BD3F85C08D3F87F
:208B00006038C01AC0F30A00C0F50060704700BF60C80020094AD2F86038D2F85C188B4293
:208B20000AD0D118013391F864180170C3F30A03C2F86038012070470020704760C80020BC
:208B400007B501A8FFF7E6FF0028FAD09DF8040003B05DF804FB00BF30B50468A30AA3F5EE
:208B60008013522B4CD8324A12F803C0BCF10D0F46D84379022298088240034690B20CEBCD
:208B80008C020CEB4202002945D01A44A389294D9BB20343101D05EB8202516005EB800277
:208BA00000215160A381EFF3118E502383F312882C2202FB0CF3E818E95849B3416204315C
:208BC0000CEB8C031C480CEB43039B00184410332B4453F8042F0AB10A60111D8342F8D166
:208BE00000225FFA8EF30A6083F311882C2303FB0C535B6A2BB1A3899BB243F00103A381DF
:208C000030BDA38923F001031B041B0CA38130BD00F12401D4E71344A289064D92B222EAD7
:208C20000002A28105EB830251605161BBE700BFE4530508041100202411002010B50268D9
:208C40001178012982B00ED0022902D0002002B010BD136A002BF9D10D4A06238021FEF72D
:208C600067FC0120F3E7034692F90400094A2C2101FB0022517E01F0FF020029E6D1044C0F
:208C8000197900940623C3F7EBFA02B010BD00BF60C80020F80C0020184B194910B5044668
:208CA00018682062002384F82430142204F125000BF0E1FF134B1B784FF48072A4F8392079
:208CC00013B984F83B3010BD0F4B186859689A68D3F80CC0C4F80CC020606160A260D3F84A
:208CE0001CC0186959699A69A2610123C4F81CC02061616184F83B3010BD00BF28F50508B3
:208D000018F50508507F0020517F00200F4B002200B5026042608260C260028203F1120E89
:208D200013F9012CB3F800C002EB4202063320F812C000EB420113F804CC33F8032C8A80CE
:208D4000734581F802C0EBD15DF804FB8DA4050810B53422044600210BF03EFF0D4A0E4966
:208D600022610E4A0E48A060C4E905120D480E49E061012340F20112C4F82510A37384F825
:208D80002130A4F8292021460848BDE81040F3F7A1BA00BF6400DC051A046C070019750386
:208DA0000C00010043080E001E1E1E7DE8FA05082DE9F043002483B006460480214630463A
:208DC0000134F6F7E9FD082CF8D10023DFF8608086F8EA30C6F8EC30C6F8F030C6F8F43082
:208DE000C6F8F8309946FC361F464A46414601A8C7F73CFB3446032301A802E004F8011B1F
:208E00005BB110F8011B1D46013B0029F6D120462A4620210BF0E0FE2C4409F10109B9F185
:208E2000080F277006F10406DFD103B0BDE8F0839CF905082DE9F041B0F8CC35D0F8CE15CB
:208E4000B0F8D225B0F8D07584B04FF0010C03F01F0565450446ADF80830C3F30728CDF874
:208E60000A10ADF80E20C0F8402180F811C14FEA114E3ED0022D4646DBB289B210D0002D6C
:208E800042D1B8F1090F38D8DFE818F004017F003700900037001A01A5003700CB00DB0000
:208EA00003F06003202B5FFA8EF268D0012E00F06781032E00F0328116BB90F81231022B5C
:208EC00000F0B081032B18D11EF0800F40F0DC8102EB820200EBC20393F87633003B18BFC9
:208EE0000123A449022241F8843D204607F0B2FC06E090F81231032B16D0204607F0D0FB4B
:208F0000002004B0BDE8F0811B061FD4426D80F876C30023A0F874331368002043F40013AC
:208F2000136004B0BDE8F0815FFA8EFEBEF1010FE3D8D0F8E43502A99B689847BDF80E3034
:208F4000002BDDD1204607F0E3FBD9E74FF48073816980F81EC1A0F81C310B68002B01DB67
:208F6000C3F3807C844A4FEA8C3C02EA13424CF0200C4CEA020C6CF31F430B60C0E7D0F8E8
:208F8000E43502A99B689847BAE790F81231023B012BB2D80129B3D1D0F8E43500229B6818
:208FA000C0F8182102A920469847CBE7012900F065810229A4D15FFA8EF3002BA0D103699C
:208FC0004FEA1E22023A5B68032A00F24D82DFE802F092A3A19F0D0A022DADF8062000F0FC
:208FE000B181032D00F07581012D86D1D0F8EC3580781B680DF106019847BDF80630002B46
:209000003FF47EAFBDF80E20002A3FF479AF9A4228BF1A4601462046ADF8062007F01AFCE0
:209020006EE7012A7FF469AF90F81231022B00F04C81032B7FF461AF00F5887107F00AFCD4
:209040005EE7C9B24B4D012905F8941C3FF655AF90F81231022B00F02381032B7FF44DAF7F
:20906000002900F07E8190F8101101293FF46AAFD0F8E4355B68984715F8941CD4F8E43594
:2090800084F810111B6820469847D4F8E8359B68984757E790F81231023B012B3FF62DAF1D
:2090A000344BD0F81821002143F88C1C12B1022243F88C2C31490222204607F0CBFB1FE78B
:2090C00017437FF41AAF90F81231032B3FF415AF036901F07F0580F814511A6861F30A1755
:2090E00017431F6007F014FB002D00F03681022384F8123104E702221E49012062F30613D4
:2091000084F81601204641F8883C07F001FBF7E60522F1E70422EFE70322EDE790F81231CA
:20912000022B64D0032B7FF4E8AEC9B912F07F0116D01EF0800F40F0698102EB820300EB99
:20914000C303002183F87423012004EB820283F8760383F87513526D136843F40013136094
:20916000D4F8E43502A99B6820469847204607F0CFFAC5E658D90020DFBFFFFFCCD8002095
:2091800090F81231022B67D0032B7FF4B6AE00297FF4B6AE12F07F033FF4D4AE1EF0800FC5
:2091A00040F0518102EB820300EBC303282004EB820500FB024083F8761383F8742383F8FE
:2091C000751390F87723696D0B68023A012A23F40013D4F8E4258CBFC3F30070012060F351
:2091E0001C7392680B60204602A99047AAE612F07F033FF485AE1EF0800F40F0BF8002EB20
:20920000820300EBC303002100EB820483F876C383F8742383F87513626D136843F4001329
:2092200013606DE612F07F033FF46AAE1EF0800F40F0C28002EB820300EBC30300EB8204F6
:2092400083F876C383F8742383F87583626D136843F40013136053E612F07F033FF450AEE0
:209260001EF0800F40F0BD8002EB820300EBC303002100EB820483F87683C9E7D0F8E4352A
:20928000C0F818119B688DE602F07F0202EB820200EBC20393F81E31003B18BF012320E6CD
:2092A00000293FF44FAE01210322D0F8E43580F8101180F812211B689847D4F8E8359B689B
:2092C0009847204607F024FA1AE6684907F0C2FA16E6C9B205293FF610AEDFE801F02B2332
:2092E0001B130B03D0F8EC3580789B690DF10601984782E6D0F8EC3580785B690DF1060157
:2093000098477AE6D0F8EC3580781B690DF10601984772E6D0F8EC358078DB680DF1060144
:2093200098476AE6D0F8EC3580789B680DF10601984762E6D0F8EC3580785B680DF1060145
:2093400098475AE6D0F8E43580789B6A0DF1060198474570C4F8F0054FE6012384F81231AE
:20936000CEE50222D0F8E43580F8122180F810115B689847204607F0CBF9C1E503EB830215
:2093800000EBC20200EB830482F81EC182F81C3182F81DC1A0690268002A01DBC2F3807C0A
:2093A00033494FEA8C3301EA124143F020030B4363F31F420260A3E503EB830200EBC20294
:2093C00000EB830482F81EC182F81C3182F81DC1A0690268002A45DBC2F3807324499B0333
:2093E000E1E703EB830200EBC20200EB830482F81E8182F81C3182F81D81A0690268002A7C
:2094000001DBC2F380761A49B303CCE7282202FB0102012300EB810082F81E3182F81C11AF
:2094200082F81D3180690268002A01DBC2F380730F499B0301EA124143F020030B4363F335
:209440001F4202608CE6282202FB030080F81C3104EB830380F81E1180F81D8190F81F21CE
:209460009969B1E60123B9E7012245E6C8D80020DFBFFFFF70B5044640210222E369C4F8E9
:209480004C1140F20110A4F84401A4F847211A680121A4F84A11110404D43048304910407E
:2094A000014319602369A16DDA69012042F00202DA61A4F89C0302224020C4F8A403A4F8C2
:2094C0009F230868060404F567750AD4B4F8A263244A06F00F0642EA8652204E0640324346
:2094E0000A60DA69216A42F40032DA6108224FF48170C4F874210322A4F86C0184F86F21A8
:209500000222A4F872210A68100404D413481040154A02430A60DA69144942F00402DA61CE
:209520000223A1F8E430FFF7F3F9E278104BC4F8A8334021C4F8B01301218A424FF000001E
:20954000C4F8B403A4F89C13204608BFC4F8AC33294607F02FFA002070BD00BF007833EC53
:20956000408048104080081008808C10280B0020D8D8002038B540F203140323A0F89441EB
:20958000426A80F897310924C0F89C411468A0F89A31230404D4074D074B25402B43136053
:2095A0000269D36943F00803D361FFF763FF002038BD00BF007833EC0980CC10F8B5244C4D
:2095C00094F85020012A034603D0022A09D00020F8BD204E56F8405C8DB984F85050002094
:2095E000F8BD002540F20112C0E95455C0E95655A0F8442100F5A27107F0DCF9EDE7402D94
:209600001DD94027A16D144AC3F858710A44C3E9542240F20112A3F844210022C3F85C21EE
:2096200003F5A271184607F0C5F9A36D3B44ED1BC3F30A03A36546F8405C0020F8BDAAB29F
:20964000402A01D02F46DDE7022284F85020D8E760C8002058D90020BCC8002001EB81011C
:2096600038B500EBC101244DB1F88C1304462846FFF7D2F994F803C0A06DC4F8A8530123E7
:20968000A4F89C339C45D4F8A43308BFC4F8AC5300220568C4F8B423016903F13F02B2FBEB
:2096A000F3F2C2F3090202FB03F3C3F31203BCF1010F62F3DC41C4F8B03363F3120108BF49
:2096C000D4F8AC33016108BF436194F89F33012B08D0C5F3076363F07B0363F31F6505607E
:2096E000002038BD94F8A13313B145F00055F0E745F08055EDE700BFD8D80020F8B5254C45
:2097000054F83C3C0F2B04D05A1C44F83C2C0020F8BD214D95F85030002244F83C2C002B1C
:20972000F5D1AA6D6B6D9A42F1D0AA6D6B6D9A4228D86E6DAB6DF61A402E27D8B3B2402BCC
:2097400013BF3746402702230123AA6D85F85030124BC0F858711344C0E9543340F201134B
:20976000A0F844310023C0F85C3100F5A27107F021F9AB6D3B44F61BC3F30A03AB6544F8A4
:20978000406CC4E7AE6DC6F50066D5E701234027DBE700BF58D9002060C80020BCC8002031
:2097A00001291AD082B000220192019A42F020020192019A0346032060F38A12D968019262
:2097C000019A064B0A610A690192013B02D0019A9206F8D4002002B07047EFE6410D030070
:2097E00001EB810138B500EBC101244DB1F88C1304462846FFF710F994F803C0A06DC4F8D9
:20980000A8530123A4F89C339C45D4F8A43308BFC4F8AC5300220568C4F8B423016903F138
:209820003F02B2FBF3F2C2F3090202FB03F3C3F31203BCF1010F62F3DC41C4F8B03363F3B3
:20984000120108BFD4F8AC33016108BF436194F89F33012B08D0C5F3076363F07B0363F30B
:209860001F650560002038BD94F8A13313B145F00055F0E745F08055EDE700BFD8D80020F8
:20988000F8B5254C54F83C3C0F2B04D05A1C44F83C2C0020F8BD214D95F85030002244F810
:2098A0003C2C002BF5D1AA6D6B6D9A42F1D0AA6D6B6D9A4228D86E6DAB6DF61A402E27D888
:2098C000B3B2402B13BF3746402702230123AA6D85F85030124BC0F858711344C0E9543340
:2098E00040F20113A0F844310023C0F85C3100F5A27107F05FF8AB6D3B44F61BC3F30A03EC
:20990000AB6544F8406CC4E7AE6DC6F50066D5E701234027DBE700BF58D9002060C8002007
:20992000BCC80020F0B4404C404B414A44F8383C00231375C0F85C31C269D0F84C6104F801
:209940002C1C0D2340F20111C0F85831394B1768A0F84411116906F10C0CBCFBF6FC03EAFB
:20996000CC4301F0604143F00D030B4390F84711C678A4F138050129C0E9545523D0012E27
:2099800013611AD15561C7F3076363F07B0363F31F6717601F210022C0E9EC120122264BCD
:2099A000C0F8A8339642A0F89C2300F5677108BFC0F8AC33F0BC06F0FDBF01694B6B43F009
:2099C00002034B63DFE79C4661F35E7C012EC2F810C000D1556103699B6813F4807FC7F38F
:2099E00007630CBF63F05B0363F06B0363F31F671760002ECED1D0F8D4300C4A1A6054F8B8
:209A0000342C1A6054F8302C1A6054F82C1C0A4A1960C0F8A82301231F22C0E9EC2600F551
:209A20006771A0F89C33C5E758D900205553425360C800200000F81F30D9002010B4354BE1
:209A4000C46913F81C2C13F808CC53F8203C13B152EA0C0231D040F20112012380F8463199
:209A6000A0F844212268002A01DBC2F380732A499B0301EA124143F020030B4363F31F4207
:209A8000BCF1020F226002D05DF8044B7047C278224BC0F8A8331F240021C0E9EC41012ABA
:209AA0004FF00101A0F89C135DF8044B08BFC0F8AC3300F5677106F07DBF816D012380F893
:209AC0009E33A0F89C330A6842F400120A6040F20112A0F8442180F84631216800290A46F7
:209AE0000CDBC1F380730C489B0343F0200300EA11410B4363F31F422260C5E7064B03EAE3
:209B0000114343F4804343F0200363F31F422260BAE700BF58D90020DFBFFFFF30D90020F2
:209B200030B5C5690369002283B02A60D9694FF0010C21F00201D9610446A0F89CC3806DBD
:209B40000260D96921F40031D96140F20111A4F844114021C4F84C110221A4F8471138499A
:209B6000A4F84AC10A752A68110404D435491140354A0A432A60DA69012142F00202DA6145
:209B8000A4F89C1302224021C4F8A413A4F89F2301680D040AD4B4F8A2532C4A05F00F05AC
:209BA00042EA8552274D0D402A4302602849DA69096828480968002542F40032DA6100F84C
:209BC000085C284688470095009AE168224B42F010020092009A0A610A690092013B02D011
:209BE000009AD006F8D400230193019B43F020030193019A184B012060F38A120192019AB0
:209C00000A610A690192013B02D0019A9206F8D4E278124BC4F8A8331F200021C4E9EC017E
:209C200001218A42A4F89C13204608BFC4F8AC3304F5677106F0BEFE002003B030BD00BF21
:209C400060C80020007833EC40804810408008108815002058D90020410D030030D90020AD
:209C60002DE9F041894C14F8193C84B00D4644F8040C5A2B75D8DFE813F08600740074008A
:209C8000940074007400740074007400740074007400740074007400740074007400B80020
:209CA0007400740074007400740074007400D8006E00740074006E0074007400740074000C
:209CC0007B017400EA007400740013017400B60174007400740074005B00740074007400FC
:209CE000740074007400740074007400740074007400740074007400740074007400740024
:209D0000740074007400740074007400740074007400740074007400740074007400740003
:209D20007400740074007400740074007400A10114F8183C9B0700F13B8234F8123C54F8DF
:209D4000172CA1685BBA12BA9BB2D0188842C4E9032300F2A28100232380002004B0BDE8B0
:209D6000F0814B4E737D05204FF4005106EBC3020133DBB2042B1076D161737500F0A981D0
:209D80004FF0FF30EAE754F8203C002BE9D1414B1B6808469B689847002840F0E18120805E
:209DA000DBE73D4B3A4800217022C3E900111A700C22457DDA71A27819829542C3E9021157
:209DC0000CD000EBC2000132858B007E9870D2B2042A68BA988114BFA270A17014F8153CF1
:209DE000122293422280B8D8B6E714F8183CDA0700F14481274B14F8150C1B68DA6901EB43
:209E0000C10102EB810213790533834228BF03462380002BA1D020481A44034412F8011DE3
:209E200003F8011D8342F9D197E71A4B1A4E1A6800230821C6E90033D2682180284690475F
:209E400000288AD0B37863F07F03B37085E7114B124A1B68111D5B6828469847002840F020
:209E60007F8162680C49A36812BA013B4A60082222801A0E62F307001A0C62F30F201A0AE8
:209E800062F3174063F31F60086066E758D9002060C8002088150020C8E300205CD9002016
:209EA000BF4E337D002B40F0178114F91C3C002B80F2EB80DFF8F082D8F8003008469B68EB
:209EC0009847002840F0648134F8127C54F8172CA3687FBA12BABFB2D1199942E26027610D
:209EE00000F2E180636803FB07F154F8207C03FB02F20220B942C4E90321307540F0C5806C
:209F0000B2FBF3F2D8F800102846A64DD1F81080B7F5805F4FF4805128BF4FF480572180D4
:209F2000B7FBF3F329469BB2C0470028C0F2C38054F8040C0023C0E9567340F20113A0F8DA
:209F40004431C0E9545500F5A27106F033FDD4E903233A44DB1BC4E9032354F8302CD21B4D
:209F600044F8302C002B7FF4F8AE03233375F4E68C4E8D4A0023C6E900331268B36053685F
:209F8000084602AA03A99847002840F0EF800822F270BDF80820039B52BA72810C22013B05
:209FA0002280BDF80A2072721A0C190EF37172711B0A02223171B3713272CFE67A4B794EB4
:209FC0001B6808224FF4C06122800022DB68316072602846984700283FF4BFAEF37863F033
:209FE0007F03F370B9E66E4E337D002B7AD114F91C3C002B49DB6C4F3B6808469B689847B9
:20A00000002840F0C5803B682846DB689847002840F0DA8034F8125C54F8177CA3686DBA13
:20A020003FBAADB27A199A42C4E9037500F2C680636803FB05F503FB07F754F8203C9D42B6
:20A04000C4E9037521D154F8040C564AC478C0F8A8230123B5F5805F28BF4FF48055002161
:20A060009C42C0F8B4133375C0F8B053A0F89C3300F5677106D006F09DFC6EE607234B4A74
:20A080002380C8E6C0F8AC23F5E7737D052006EBC3024FF4005101336BE6FEF7FFFB002811
:20A0A000BFF659AE6CE60192FEF7F8FB0028019ABFF618AF64E6737D042006EBC3024FF481
:20A0C00088510133DBB283421076D16173757FF457AE0023737553E6D4E903276368DFF83C
:20A0E000C8800DE7304A276912682E4D6368D2F81480E268B2FBF3F2B7F5805F28BF4FF46B
:20A1000080570846B7FBF3F329469BB2C047002862DBD4E903233A44D91BC4E9032154F8E8
:20A12000302C54F8040CD21B44F8302C11B9FFF7F9FB12E6B1F5805F0B46C278C0F8A85373
:20A1400028BF4FF480530021C0E9EC3101239A42A0F89C3300F5677108BFC0F8AC538AE7F8
:20A160000F4E0220737D4FF46851FFE50C4E727D531CDBB206EBC2020221042B08BF00235A
:20A1800011764FF46851D16173754FF0FF30E5E5737D022006EBC3024FF468510133E8E525
:20A1A00060C80020C8E3002088150020A0A405080D4E0520737D4FF41051D7E5FEF76EFB50
:20A1C0000028BFF635AFDBE5737D022006EBC3024FF41C510133CCE5737D042006EBC302D7
:20A1E0004FF4407101336DE760C80020F8B5314E337D022B04462ED0033B012B29D82E4D64
:20A200002E4B45F8383C40F20113A0F84431A5F138030027C0E954330D23C0F85831C0F870
:20A220005C7100F5A27105F82C7C377506F0C2FB1F23C4E9EC37E3780122283D9342C4F8BF
:20A24000A853A4F89C2332D004F56771204606F0B1FB0020F8BD184D15F81B1CFFF700FD5C
:20A260000028F6DAA5F138030027C4E9543340F201120D23C4E95637A4F8442137750F4A05
:20A2800045F8382C012604F5A271204605F82C6C06F090FB1F23C4F8B033E378C4F8B4734F
:20A2A000283DB342C4F8A853A4F89C63CCD1C4F8AC53C9E760C8002058D900205553425314
:20A2C0002DE9F041514E357D0446DDB3012D02D00020BDE8F0814E4F17F81B1CFFF7C0FC41
:20A2E0000028F5DA4B4B47F8383C40F20113A4F84431A7F138034FF00008C4E954330D2349
:20A30000C4F8583104F5A2712046C4F85C8107F82C5C86F8148006F04DFB1F23C4F8B03335
:20A32000E378C4F8B483283F012BC4F8A873A4F89C5308BFC4F8AC7304F56771204606F00B
:20A3400039FBC5E7324FB0F8B43357F8202C47F8302C1F2B57F8242C47F8342C08D12E4BFD
:20A3600057F8282C9A4203D117F81B1C012916D9737D5A1CD2B206EBC303042A18BF15462A
:20A380000222204607F8082C05214FF4005275751976DA61FFF752FB0020BDE8F08117F809
:20A3A0001A3C013B0F2BE3D8FFF75AFC002824DB337D013B022B8BD93B8813B304223275D0
:20A3C000164AC4F85C51C4E9542257F8202C07F82C5C934228BF134657F8302CC4F858316A
:20A3E00040F20111A4F84411D21A04F5A271204647F8302C06F0DEFA6AE72046FFF71EFB9B
:20A4000066E719462046FFF78DFA61E760C8002058D900205553425355534243C8E3002097
:20A4200010B5044629B990F81121032A0DD0002010BDD0F8E4359B69002BF8D090F81221E7
:20A44000032AF4D19847002010BDD0F890230B46D0F87C138A4219D9521AC0F8902394F8FA
:20A4600003C0D0F880038A4228BF0A46BCF1010F92B219D0C4E9E22304F55D71C4F8800329
:20A48000A4F87433204606F081F9D0E7D0F8E4351B691BB190F81221032A03D0204606F0A4
:20A4A00037F9C4E79847F9E70844C4E9E22304F55D71C4F88003A4F87433C4F88403E1E7B0
:20A4C00038B5044649B990F81131022B11D094F81631012B39D0002038BDD0F8E4355B69A9
:20A4E000002BF8D090F81221032AF4D19847002038BDD0F83831D0F8242193422FD990F825
:20A5000003C09B1ABCF1010F0D46C0F83831D0F828116ED09BB2C0F830314FF48073C0E90E
:20A520004A11C0F8345100F58E71A0F81C3106F02DF9C4E9E255C4F8805304F55D71A4F8B8
:20A540007453204606F022F9C1E73F4B226953F8881C5160002384F81631002038BDD0F89D
:20A560003C31B3FBF2F502FB15350DBB9A421FD8D0F8402193421BD24FF48073A0F81C31F1
:20A5800000F58E71C0E94A55C0E94C5506F0FEF8E378C4F84051012BC4E9E255C4F8805302
:20A5A000A4F8745308BFC4F8845304F55D71C8E7D4F8E435DB681BB194F81221032A15D0A3
:20A5C000E27800230521012A84F81111C4E9E233C4F88033A4F8743304F55D7124D020467A
:20A5E00006F0D4F8636D194A1A6170E720469847E6E79BB21144C0F830314FF48073C0E9E8
:20A600004A11C0F8345100F58E71A0F81C3106F0BDF8C4E9E255C4F8805304F55D71A4F848
:20A620007453C4F884538CE7C4F88433204606F0ADF8636D0548186104F2CC525A614FF035
:20A6400080211A68196042E758D900201800086070B50B7813F060020D46044624D0202A7C
:20A6600004D0204606F01CF8022070BDCA8848781AB31B063FD5314E3146FEF75BF9EB8881
:20A680004FF480720221A4F81C21002284F81111C4E94E33C4E94A66C4E94C3204F58E711B
:20A6A000204606F073F806E04B780A2B0FD00B2B08D0062BD5D0002070BD02221144FEF777
:20A6C00039F9F8E78B78ABBB1D4A5361F3E7022180F811114FF48071A0F81C1119490123CF
:20A6E000C0E94A11C0E94E33C0E94C3200F58E7106F04CF8DFE71449144B0860E0789A609B
:20A7000000210C3301284FF00305C4F88C13A4F87413C4E9E42284F81151C4F88823C4F837
:20A72000803304F55D7108BFC4F88433204606F02DF8C0E705F0B4FFBDE700BF6CC80020DE
:20A7400058D900206CD90020280B002060C8002010B50B7813F0600323D0202B16D00123B2
:20A76000C0E94E334FF0020C344A80F811C14FF48071A0F81C110021C0E94C31C0E94A2245
:20A7800000F58E7106F002F8002010BD4B78023B092B0FD8DFE803F012250E0E0E0E0E0E88
:20A7A000201C4A78062A1FD00A2AD8D0244B8A781A62E9E705F074FF022010BD214A0123FD
:20A7C0000224C0E94E334FF4807180F81141D0E71B4B8A789A61D7E74B88194A1B0AD361C4
:20A7E000D2E7194A0123EBE74A88120A222A1DD0212A14D01A461C46022180F811114FF42F
:20A800008071A0F81C110021C0E94C21C0E94E22C0E94A4300F58E7105F0B8FFB4E7CA886F
:20A820000A4B092A28BF09221C46E5E7CA88084B362A28BF36221C46DEE700BF78D90020B5
:20A8400058D9002074D9002070D900206A0C0020200C0020F8B50B7803F00305012D0C4644
:20A86000064627D0022D23D18A88832A24D013F0600229D0202A2ED1CA88487882B31B06B0
:20A880004BD5374F3946FEF755F8E38886F811514FF48072A6F81C210022C6E94E33C6E9F5
:20A8A0004A77C6E94C3206F58E71304605F06EFF002513E08B8823B921463046BDE8F84017
:20A8C00046E7BDE8F840C3E64B780A2B12D00B2B0BD0062BECD1304605F0E2FE2846F8BD7E
:20A8E0002A460231FEF726F8E2E78B78A3BB1D4A5361DDE74FF48071A0F81C111A4980F8C5
:20A9000011510123C0E94A11C0E94E33C0E94C3200F58E7105F03AFFCAE71449144B086065
:20A92000F0789A6000210C3301284FF00304C6F88C13A6F87413C6E9E42286F81141C6F821
:20A940008823C6F8803306F55D7108BFC6F88433304605F01BFFABE705F0A2FEA8E700BFDC
:20A960006CC8002058D900206CD90020280B002060C800202DE9F0410B7813F0600282B0D1
:20A98000044628D0202A2DD14A78FE2A37D0FF2A2AD14A88002A39D1CA88002A36D11F066A
:20A9A00034D49448944B0275C4F8B423E278012103F8081CA4F89C13283B1F21012AC4F85A
:20A9C000B013C4F8A83304F5677100F00F81204605F0F0FF06E04B780A2B1BD00B2B09D0AA
:20A9E000012B2BD0002002E005F05AFE022002B0BDE8F081804B4A8883F82520F2E74E88EB
:20AA000026B9CD88012D01D11B0666D4204605F047FEEBE7022180F811114FF48071A0F8AC
:20AA20001C1176490123C0E94A11C0E94E33C0E94C3200F58E7105F0A9FED3E78B88C0682C
:20AA40001E06D9B267D40192019A6D4B42F010020192019A026102690192013B02D0019AAA
:20AA6000D206F8D401EB810204EBC2020023206982F8753382F8741304EB81025E4D526D65
:20AA800015F8086C136001228A4062F31F43C26922EA0303C36140220223204605F020FFBC
:20AAA000022E9FD10123E06984F8463140F20112A4F8442102685349002AA8BFC2F3807311
:20AAC0009B0301EA124143F020030B4363F31F420023026005F8083C84E74B4B1B689B69F1
:20AAE0009847454BC0B283F8240000288ED00222243384F811214FF48072C4E94E55C4E9F5
:20AB00004A33C4E94C56A4F81C2104F58E71204605F03CFE66E70092009B43F020030093A0
:20AB2000009B61F38A130093009B0361344B01F07F0C02690092013B02D0009A9506F8D4F0
:20AB40000CEB8C0304EBC3035FFA8CFC0126226983F81CC183F81D6104EB8C030027986930
:20AB6000254D076006FA0CFC6FEA0C03D06915F8088C6FEA03436FEA13430340D361204687
:20AB80000223402205F0ACFEB8F1020F8AD0B8F1010F3FF427AF1D4B45F8383C154BC4F884
:20ABA0005C711F7540F20113A4F84431A5F13803C4E954330D23C4F8583104F5A2712046F1
:20ABC00005F82C6C05F0F6FE1F23C4F8B033E378C4F8B473283D012BC4F8A853A4F89C63F5
:20ABE00008BFC4F8AC5304F56771F0E6C4F8AC33EDE600BF60C8002058D900207DD90020F0
:20AC0000410D0300DFBFFFFF881500205553425390F85020531C0244DBB280F8503082F8A1
:20AC20003C1090F851200AB1132B01D905F00ABD7047002280F8512005F004BD2DE9F04F73
:20AC400087B014289DF840700291009203D01E46C3B2382B04D90024204607B0BDE8F08FC6
:20AC6000DFF808A11AF90040002CF5D0013C4FFA84F9DFF8FC80742303FB09F308EB03042F
:20AC8000E56E002D00F0768294F8712084F8380007F008010191002A00F0B78194F870207B
:20ACA0000A4301D106F0FE062C4A48F80320009BA360D5E90A32C4E905236B8EE3602B8E40
:20ACC00023616B682366264BA36695F82000002840F0078295F900B05FFA8BF2382A039281
:20ACE00000F206811AF90B30002B00F00181584603F1FF3AD9F70AF804905846D8F7F6FF5D
:20AD0000BBF1140F049B05905FFA8AFA00F0E681039A333A052A00F2E181ABF1330B3F2234
:20AD200042FA0BF212F0010F0CBF00220B2203920C484FEA430B00EB430393F928C05FFA40
:20AD40008CF3012B00F29281074A08234FF00C0E1EFB0C3E02F5137310E000BFA8A4050886
:20AD6000E5C3000858D90020505E0508B4630508180F00101C329A4200F0788111780429F3
:20AD8000F8D151785145F5D152F80E100029F1D00CEB4C0C834402EB8C029BF929C0D3682A
:20ADA000A3645FFA8CF3012B216440F26781B84B5A688A4200F00D821A6B8A4200F00C820A
:20ADC000DA6D8A4200F00D82D3F888208A4200F00D82D3F8B4208A4200F00D82D3F8E0206E
:20ADE0008A4200F00D82D3F80C21914200F0C481D3F838218A4200F00A82D3F864218A4280
:20AE000000F00A82D3F89021914200F00882D3F8BC21914200F00882D3F8E821914200F061
:20AE20000882D3F81422914200F00882D3F84022914200F00882D3F86C22914200F008821A
:20AE4000D3F898228A4200F0C181E26B002A4FD08F4B59688A4200F06C81196B8A4200F055
:20AE6000BE81D96D8A4200F0BF81D3F888108A4200F0BF81D3F8B4108A4200F0BF81D3F89C
:20AE8000E0108A4200F0BF81D3F80C118A4200F09B81D3F838118A4200F0B781D3F86411BE
:20AEA000914200F0B781D3F89011914200F0BA81D3F8BC118A4200F0BA81D3F8E8118A420E
:20AEC00000F0BA81D3F81412914200F0BA81D3F840128A4200F0BA81D3F86C128A4200F03F
:20AEE000BA81D3F898128A4208BF0F2200F022814FF0740A0AFB098A012384F864309AF830
:20AF00007100BFF745FF02238AF872309AF8703094F938A0049383465046D8F7E7FEBAF191
:20AF2000140F039000F0A080AAF13303DAB2052A00F29A803F2242FA03F313F0010F0CBF42
:20AF400000230B23019995F82120002965D0BBF1000F76D017F0400C07F0110E40F0C480FC
:20AF6000B8060CD407F001004A49C0F10200C0B201EB8000006F4FEA401C5FFA8CFCBEF183
:20AF8000000F8BF8063008BF1221039B8BF8073018BF0221584641EA0C01C0F7DFFD3E4BAB
:20AFA00095F82210D86895F82430C043C0F302200F22C0F104050241EDB202EA13129B0957
:20AFC000AB4002F00302DBB21343344A1B015518DBB285F800334809012301F01F018B4017
:20AFE00042F82030029BE362009BA360002323622046E3612671A362677123636362C1F77E
:20B00000B3FA204607B0BDE8F08F94F8702006F0FD06002A3FF446AE46E6B00711D5BBF167
:20B02000000F0ED003998BF8071039068BF806305DD45846222105930192C0F78FFD059BD5
:20B04000019A0193F3070592A9D50498BFF7A0FE0028A4D0039BC371019B059A01338371F1
:20B060002221C0F77BFD9AE700236BE75844216C90F929C05FFA8CF3012B2BD8084B4FF034
:20B080000C0E08221EFB0C2E03F513700DE000BFC002002068A4050800ED00E000E100E069
:20B0A000505E05081C33834214D01A78052AF9D15A785245F6D153F80E20002AF2D00CEBC6
:20B0C0004C0C03EB8C03E263DB68636400297FF46EAEBDE600297FF46AAEB6E600220392EA
:20B0E00026E604F001FEF5E54FF0400C47E74FF0740C0CFB098C01998CF872109CF87200BD
:20B1000000289ED1D4F860800592B8F80C10019321F008010904090CA8F80C104FF0010EAF
:20B12000584620218CF872E0BFF77CFD019B059A87E700222C2101FB02F2991891F92000C8
:20B1400000287FF4D5AE9B58039A059881F82100013281F82020414A41498B4214BF4FF426
:20B1600080034FF40013116B0B4313636B680433E365BDE62C466FE5062207202C2101FB63
:20B1800002F2991891F920C0BCF1000F7FF45DAE9B58039A81F82020059A81F821202F4A4B
:20B1A0002F498B4214BF4FF480034FF40013116B0B43136395F823202A492346C0F76AFA54
:20B1C0006B680433A36540E60622B3E70F221020D4E700220120D1E701220220CEE7012241
:20B1E000A8E702220320C9E70222A3E703220420C4E703229EE704220520BFE7042299E7E6
:20B2000005220620BAE7052294E7072292E707220820B3E708228DE708220920AEE7092260
:20B220000A20ABE7092285E70A220B20A6E70A2280E70B220C20A1E70B227BE70C220D2079
:20B240009CE70C2276E70D220E2097E70D2271E70E220F2092E70E226CE700BF00380240EA
:20B26000006002400DC80008134B70B51C68054600680E46640806F049FFB4FBF6F1B1F55B
:20B28000803F14D2224689B22846C1F7C1FC0B490B4BC1F89838284601F69801FDF75CFC06
:20B2A0002A6813889BB243F00103138070BD012CE5D96408E1E700BF000E002058D90020C0
:20B2C000F7DF000810B5044601224FF6FF71C1F79FFC20681449028892B242F0010200234B
:20B2E000028051F83320904201EBC30C03F1010306D00E2BF5D1BDE810400020C1F762BCEB
:20B300009CF805402046C1F75DFC1B2C06D02E2C09D1BDE810402C20C1F754BCBDE810408E
:20B320001920C1F74FBC10BD185D0508084B09498B4202460AD2184602E01C30884205D2FF
:20B340000388C3F30B039A42F7D1704700207047FC2006083029060870B585880B4604460E
:20B36000C5F30B052A460021184609F035FC0A4A61699142034606D3084A914206D3BDE836
:20B380007040184608470029F9D170BD2A46BDE8704009F0C9BB00BF302906089E2B0608F1
:20B3A00038B5064C064DAC4206D2A16820461C34FFF7D2FFAC42F8D338BD00BFFC20060818
:20B3C0003029060870B58588C5F30B059542A8BF15462A460C460646806809F0A5FB621969
:20B3E0009442B569064B08D0064814F8011B00FB03F3A24283EA0103F7D12B60012070BDD3
:20B40000C59D1C8193010001014488420ED010B40346074C074813F8012B04FB00F09942FB
:20B4200080EA0200F7D15DF8044B70470148704793010001C59D1C81214A936803F00C0381
:20B44000042B10B43AD0082B1FD01E4B1C4C0360A1681D4AC1F30311114491F87C10CB40EC
:20B460004360A168C1F38221114491F87C1023FA01F18160A1685DF8044BC1F342310A444D
:20B4800092F87C20D340C36070475368516813F4800F536814BF0D4A0A4AC3F3881301F014
:20B4A0003F01B2FBF1F202FB03F3054A5268C2F3014201325200B3FBF2F3C7E7034BC5E708
:20B4C000003802400024F40068A4050800127A000268364910B4002322F001022124884241
:20B4E0000260036043608360C3600361446138D02F4B98422ED02F4B98423CD02E4B9842C8
:20B5000040D02E4B984232D02D4B984241D02D4B984246D02C4B984217D02C4B98423CD066
:20B520002B4B984216D02B4B984224D02A4B984228D02A4B98421AD0294B984229D0294B56
:20B5400098422ED0284B984208D14FF03D5243F8AC2C03E04FF4746243F8202C5DF8044BE5
:20B560007047224B5DF8044B3D229A607047204A43F8642CF2E74FF474125DF8044B43F83D
:20B58000382C70474FF074625DF8044B43F8502C7047184A43F87C2CE0E73D2243F8082C8F
:20B5A000DCE7154A43F8942CD8E700BF106002402860024040600240586002407060024086
:20B5C00088600240A0600240B8600240106402402864024040640240586402407064024027
:20B5E00088640240A0640240B8640240006002403D000020400F002000003D2030B40B6857
:20B60000CC684A69056823431343D1E9064223431343D1E9084223438C6A13434A6B23438B
:20B6200013430C4C8A6B2C4013432343CA6A036043690C6B23F0070C42EA040343EA0C03F0
:20B640000C694361D1E901234460826030BCC360704700BF3F801CF082B00922274B8DF8C9
:20B660000720DA68D00319D4DA68D10640D4DA68D20541D4DA6812F0E00F3BD1DB6813F0C1
:20B68000020F0CBF092308238DF807309DF80730012B0AD09DF8070002B0704701238DF83B
:20B6A00007309DF80730012BF4D1144A12E0D368DB0519D4D36813F0E00F17D1D36813F0EB
:20B6C000020F0CBF092308238DF807309DF80730012BDFD1D168C8034FF00103F4D4D36889
:20B6E000D906E4D50623EFE70223EDE70723EBE70623D4E70723D2E70223D0E7003C02409D
:20B7000082B0064B002201920193019B03EB80030193019B196002B0704700BF50280040C7
:20B7200082B0064B002201920193019B03EB80030193019B186802B0704700BF50280040A0
:20B7400030B4274D03884C680A88A8429BB23BD0244DA84218D0B0F1804F27D0A5F5803585
:20B76000A84223D005F58065A8421FD005F58065A8422CD01C4DA8422ED10380C4620285ED
:20B78000012330BC8382704723F070039BB24D882B430D8923F440732B430380C4620285C9
:20B7A0008B7A0386012330BC838270474D8823F070039BB22B43098923F440739BB20B4322
:20B7C0000380C4620285DBE723F07003DFE74D8823F070032B43EEE7044DA842CDD0EAE7E4
:20B7E000000001400004014000100040001400400B88B1F802C00A8910B5B1F804E0C988EB
:20B800001BBB038C23F001031B041B0C0384038B9BB223F0F3034EEA030343EA0213028CED
:20B820009BB2038393B223F00A034CEA030343F001030384038B23F00C031B041B0C03835A
:20B84000038B9BB20B43038310BD042B2FD0082B56D0120342EA0E22B0F820E02EF4805ECC
:20B860004FEA0E4E4FEA1E4EA0F820E0B0F81CE0048C45F6FF73234043EA0C3340F6FF4CC5
:20B880000CEA0E0C9BB24CEA020243F4805392B282830384838B23F440631B041B0C838323
:20B8A000838B9BB243EA01239BB2838310BD038C23F010031B041B0C0384048B038C4FEAE3
:20B8C0000E2E9BB24EEA023E23F0A00340F6FF4243EA0C1322409BB242EA0E0243F01003BD
:20B8E00092B202830384038B23F440631B041B0C0383038B9BB243EA01239BB2038310BD18
:20B90000038C23F480731B041B0C0384838B9BB223F0F3034EEA030343EA0212038C9BB202
:20B9200023F4206343EA0C239BB243F4807392B282830384838B23F00C031B041B0C83834E
:20B94000838B9BB20B43838310BD00BF70B5037805460E461446DBB1013006F021FD431CE3
:20B96000DBB201335B00DAB223800323327073702C7864B12846022300215A1CD2B2F45422
:20B98000B15410F8014F0233DBB2002CF5D170BD02221346E8E700BF10B5044C04480A46AD
:20B9A0002146FFF7D3FF204610BD00BFF8E10020F4FA050810B5044C04480A462146FFF764
:20B9C000C5FF204610BD00BFF8E1002070F4050810B5044C04480A462146FFF7B7FF20461D
:20B9E00010BD00BFF8E1002014FB050810B5044C04480A462146FFF7A9FF204610BD00BFFE
:20BA0000F8E1002020FB050810B5044C04480A462146FFF79BFF204610BD00BFF8E1002072
:20BA20002CFB0508704700BF704700BF704700BF704700BF04F08CBA024B0020402118607A
:20BA4000BFF716B9B425002010B51C20BFF7A0F970B104461121BFF70BF92046BFF74AFA61
:20BA6000C820BFF75BF82046BDE81040BFF732BA10BDF8B504462A20E5F7F6FF60BB184F77
:20BA80003D6895F93800D8F71DF9032818D008DC431EDBB2012B06D800212846D0F700FB16
:20BAA00001E00428F8D00F4E0025A5420DDB0E4A1388013313800D4B1A680D4B1A60F8BD45
:20BAC0000C4B5B7A002BEED0E6E716F8011B3868D0F7E6FA0135E8E7074B00221A70EAE73F
:20BAE000FC25002086C40020AEC40020CC130020E4C40020D8730020ACC400201A490A7862
:20BB00007AB32D2A30B405461ED000242046234610E0CA5C00EB8000A2F1300CBCF1090F7C
:20BB20004FEA40009CBF303880180E2B16D80133CA5C7AB12E2AECD101335DB15A194FF07C
:20BB4000000C01F802C0E4E701231C46CA5C0020002AEFD104B1404230BC7047002030BCB7
:20BB600070470020704700BF08C200202DE9F8439E4A9F4C158BD4F8DC6142F2107303FB0C
:20BB800005F5A368B5FBF3F5AE422DED028B00F0B180012E00F0ED80B4F90C3194ED657A7A
:20BBA00007EE903AD4F8B031F8EEE77A013337EE277A012B84ED657AC4F8B03100F08580CA
:20BBC00094ED685A94ED6A6A07EE103A77EEC55AB8EEC77AC5EE876A36EE857A77EEC77AB6
:20BBE00084ED697AA5EEA76A84ED6B6AB4F90E31D4ED666A84ED687A07EE903AD4F8C431B7
:20BC000084ED6A6AF8EEE77A013376EEA76A012BC4ED666AC4F8C4315ED094ED6D5A94ED9A
:20BC20006F6A07EE103A77EEC55AB8EEC77AC5EE876A36EE857A77EEC77A84ED6E7AA5EE28
:20BC4000A76A84ED706AB4F91031D4ED676A84ED6D7A07EE903AD4F8D83184ED6F6AF8EEEC
:20BC6000E77A013376EEA76A012BC4ED676AC4F8D83138D094ED725A94ED746A07EE103A54
:20BC800077EEC55AB8EEC77AC5EE876A36EE857AF0EE466A77EEC77A84ED737AE7EEA56AFC
:20BCA000C4ED756ADFF8508184ED727AC4ED746A98F80030013E502BC4F8DC6101D14D4B83
:20BCC000DE80BDEC028BBDE8F8839FED4C6AC4ED697AB0EE677A89E79FED486AC4ED6E7A14
:20BCE000B0EE677AAFE7DFED456AC4ED737AB0EE677AD7E7B4F90C319FED400A08EE103AD9
:20BD00000123B8EEC88A9E4284ED3A0A84ED658AC4F8B03184ED698A84ED688A84ED6A0AC9
:20BD200000F04281B4F90E21DFF8CC8084ED3B0A07EE102AB4F91021C4F8C43107EE902A2E
:20BD4000B8EEC77AF8EEE77A84ED667A84ED6E7A84ED6D7A84ED6F0A84ED3C0AC4ED677A80
:20BD6000C4F8D831C4ED737AC4ED727A84ED740A9EE7B4F90C3194ED658AD4F8B011DFF891
:20BD8000788007EE903AF8EEE77A4B1C37EE888A012B98F8009084ED658A0746C4F8B03171
:20BDA00030D094ED685AD4ED6A6A07EE103A77EEC55AB8EEC77A85EE876AB0EE667A36EEFB
:20BDC000056A77EEC67A84ED696AA5EEA77A84ED6B7A40F38C8107EE901AF8EEE76AF0EE0D
:20BDE000467A87EE266AF1EEC68A11E00C72002028130010880D0020850D0020000000000E
:20BE00000AD7233C1FED037AC4ED697AF0EE478AB9F1130FC4ED687A84ED6A7A00F03E81B3
:20BE2000B9F1500F00F03381002F00F04D8107EE907AF8EEE77AF4EEE78AF1EE10FA40F3B3
:20BE400043810120B4F90E31D4ED666AD4F8C41107EE903AF8EEE77A4B1C77EEA66A012BD1
:20BE6000C4ED666AC4F8C43100F02081D4ED6D4A94ED6F6A07EE103A37EEE45AB8EEC77AA4
:20BE8000C5EE075AB0EE467A75EEA45A77EEE57AC4ED6E5AA5EE277A84ED707A40F32C8123
:20BEA00007EE901AB8EEE76AF0EE657AC7EE065AB1EEE56AB9F1500FC4ED6D7A84ED6F7A31
:20BEC00000F0D780002F00F0098107EE907AF8EEE77AB4EEE76AF1EE10FA40F3FF8001207D
:20BEE000B4F91031D4ED676AD4F8D81107EE903AF8EEE77A4B1C77EEA66A012BC4ED676A7D
:20BF0000C4F8D83100F0D980D4ED724A94ED746A07EE103A37EEE45AB8EEC77AC5EE075A9A
:20BF2000B0EE467A75EEA45A77EEE57AC4ED735AA7EE857A84ED757A40F3E38007EE901AD7
:20BF4000B8EEE76AF0EE657AC7EE065AB1EEE56AB9F1500FC4ED727A84ED747A00F0908025
:20BF600047B107EE907AF8EEE77AB4EEE76AF1EE10FA13DC07EE905AB8EEE76AB2F91030F7
:20BF8000C6EE867A07EE103A5FED636AB8EEC77AE7EE667AC4ED3C7A002853D0BDEC028B11
:20BFA000C4F8DC51BDE8F883DFF8888198F80030132B00F0AB80502B02D1574B00211980D5
:20BFC000B4F90E3184ED3A8A07EE103A0123C4F8C4310023C4F8BC3198F80030B8EEC77AB9
:20BFE000502B84ED667A84ED6E7A84ED6D7A02D1494B00215980B4F9103184ED3B7A07EE5A
:20C00000903A0123C4F8D8310023C4F8D03198F80030F8EEE77A502BC4ED677AC4ED737ADB
:20C02000C4ED727A02D13C4B00219980B2F91030DFED3A6A07EE103AB8EEC77AE7EE667A99
:20C04000C4ED3C7A364B1B680022C3E90622C3E909229A63334B1B782BB1334B1B6833F496
:20C0600080537FF425AE0120D1F7A6FDD4F8DC611EE6FDEEC67A284B17EE901A598021E7E0
:20C08000FDEEC67A244B17EE901A998068E7FDEEE87A214B17EE901A1980C5E6B0EE680A33
:20C0A00007F0F4FA1C4B214AD880BDE69FED207AC4ED6E7AB0EE476AFCE69FED1D7AC4ED0A
:20C0C000737AB0EE476A43E707EE905AB8EEE77A0020C8EE077AC4ED3A7AB3E607EE905AE0
:20C0E000B8EEE77AC6EE877AC4ED3B7AF8E6DFED108AF0EE467A8BE69FED0D6AF0EE657A0B
:20C10000D8E69FED0B6AF0EE657A21E707F0BEFA014B064AD88053E7880D00200AD7233CC9
:20C12000981A0010DCB50020982500200C72002000000000850D00202DE9F047DFF894A007
:20C14000DAF8003080461A6818461268894698F800109047DAF8000098F8011003681B6816
:20C160009847B8F804304FF6FC7293422CD0DF1CBFB20337002508F1020647442C46DAF8DD
:20C18000000016F8011B03680C441B68E4B298472544BE42EDB2F2D1DAF800000368214653
:20C1A0001B689847DAF80000036829461B689847074B98F80310DA68D97709F1010983F809
:20C1C00020901A61BDE8F08700252C46E4E700BF6076002008C1002010B5234B93F8243006
:20C1E0004FF47A74A4B0B4FBF0F463B3842200210DF10A0008F0F0FC1C49019143F221020F
:20C200000220032101238DF814004FF0150CADF81020ADF816208DF81A1042F2210201A85C
:20C2200000218DF80B308DF80E30ADF812408DF81830ADF81C208DF81E30ADF808C0FFF77F
:20C240007BFF24B010BD4FF00110A2B206230390074CADF80A20012101A80194ADF8083004
:20C26000FFF76AFF24B010BD60760020B562068AB562060890ED064ADFED1E7AD0ED056A9F
:20C280009FED1D3A90ED006A9FED1C5A9FED1C7ADFED1C4AD0ED035AD0ED043A90ED022AC0
:20C2A00064EE277AA0EE056AE6EE837A24EE077A90ED015AA6EEA47A75EEA32A77EE827A0F
:20C2C000A5EE246AE2EEA47AA0EE245AE4EE036A77EE255A37EE237A80ED006A80ED015ABF
:20C2E000C0ED027AC0ED035A80ED047AC0ED056A704700BF76CC2B3117B7D13817B75138C2
:20C30000BD3706350AD7233C70B5224A537C012B1FD0022B17D0204C2368DA690AB1904753
:20C32000236822795AB11D4E00255B6AB6EC010AE8B29847237901359D422368F5DBBDE8A0
:20C340007040DB6A18479379002BE4D09378082BE1D0114C23681A6A0AB19047236822798B
:20C360005AB10E4E00255B6AB6EC010AE8B29847237901359D422368F5DB9A690AB19047A5
:20C380002368DB6A98472368DB6913B1BDE87040184770BDCC15002078190010D81B0010D5
:20C3A00007290EDC10B44B1C064CC1F1080103EBC0004A0004EB400000215DF8044B08F047
:20C3C0000BBC7047E473002070B5084E336805465BB1002430682D210134CFF7B1FCA54262
:20C3E000F8DCBDE87040C5F7D1BE70BD5076002070B5094E0546002456F8041B2846C3F736
:20C400005FF810B9054B185770BD0134072CF3D14FF0FF30F8E700BFF4A40508ED630508D6
:20C420002DE987480C4617460646D7F73FFC2046D7F73CFC434BDFF81491DFF814A10021F0
:20C440000846002F08BF1F46CFF736FD00210120CFF732FD94F9383001933B4BD3F80080A9
:20C4600000253046CFF740FE28B399F80030DAF8002003F0010322B191881268002B54D0E3
:20C4800011833046CFF738FE83462046CFF730FE0028FAD059462046CFF702FE5846B84719
:20C4A000DAF8003099F800102BB19A881B68C80754BF1A835A832046CFF716FE0028D0D0F4
:20C4C000DAF800303BB199F800109A881B68C9074CBF1A835A832046CFF70EFE834630465C
:20C4E000CFF706FE0028FAD059463046CFF7D8FD019B142B1FD0144BBBF12B0F1B681CD151
:20C50000002D14DCA3EB0808B8F57A7F15D30135DAF800203AB199F8000091881268C007D4
:20C5200054BF1183518398469BE75183A9E7012D05D0C0F721FA4346EAE70025E8E7022572
:20C54000E6E700BF8DFB0108CC130020D4130020D81300202DE9F8430D46C5F70FFE0E4EE4
:20C560000E4FDFF83C80DFF83C90002456F8042B52B10123A3402B4206D0002C0CBF3946C4
:20C5800041464846C5F766FE01341D2CEED1BDE8F843C5F7FBBD00BF04700508190B060863
:20C5A00022FC0508D11B060870B500238AB00B604B608B60CB600B610268204E05A80C4665
:20C5C000950E864645FA03FC1CF0010F714604D016F803C001F801CB8E460133062BF1D176
:20C5E000174D184EC2F303210023695C8DF81C108EF80030C2F307350DF11D0145FA03FCFE
:20C600001CF0010F8E4603D0F15C0EF8011B71460133072BF2D100230B70C2F3835107AB2F
:20C62000CDE90131009002F00F030749C2F303122046C3F71BFF0AB070BD00BFC8FA0508B5
:20C64000BCFA0508B4FA05083CFB0508084A002312F9011B884205D1064A02EB8303D3F84E
:20C660008C0070470133072BF2D10348704700BFED63050868A40508D61B060810B40B68E1
:20C6800014681B1B036054684B681B1B43608B6892685DF8044B9B1A8360704710B4164C37
:20C6A0000FCC87B00DF1040CACE80F0088422268CCF8002004460B4601DC03460C46DDE9A6
:20C6C0000420824202DC014610460A46A2420399A8BF22469842B8BF1846914202DB1346A0
:20C6E0000A4619469042A8BF10468842B8BF084607B05DF8044B70479C92002030B5314DAA
:20C7000095F800E0AEF13003092B57D82B4605F10F011C4613F801EFAEF13002092A03D8C4
:20C720008B42F6D1002030BD5D1B022D254A4FF0000011DD944612F8011B00EB8000303941
:20C74000A4EB0C0C01EB4001BCF1020F01F0FF00F0DC1D4901FB00F093424FF0000C0DD933
:20C7600012F8011B0CEB8C0C303901EB4C01934201F0FF0CF4D1154A02FB0CFCBEF12E0F7C
:20C7800005D0134BA3FB0C3C00EB9C0030BD0133042100221C7802EB8202303C5200092C99
:20C7A00001F1FF3192B202D82244013392B211F0FF01EFD1642303FB02CCE2E700202B46ED
:20C7C0008446DBE708C200208096980040420F00ABAAAAAA01EB020C614511D001390CF143
:20C7E000FF3C11F8012F0823504042B24000002AC0B2B8BF80F0D500013BF6D18C45F0D1E9
:20C80000704700BF4840082342B24000002AC0B2B8BF80F0D500013BF6D170472DE9F0475C
:20C82000DFF87CA01D4E4FF001093C274FF000081AF8010BBEF7ACFA0446A8B180F807907C
:20C8400087719AF8033003F07F02012A1AD01B064FF00105204610D42268A18886F804802D
:20C86000002351837371346009F10109B9F1050F06F10806DCD1BDE8F0873571BEF72AFB39
:20C880002B46EFE71A0606D401212046BEF7F0F99AF80330DBE7BEF71DFBF5E7006D002074
:20C8A000F8E2002038B50D4C0D4D2078BEF770FA62780C49003A18BF01222A70086040B1D1
:20C8C000A1782B220029C2800CBF01211121BEF7CFF9BDE838400020CFF76ABC3825002045
:20C8E000F8920020F49200202DE9F047174D184F95F8AB39174E3B7005F6A81500244FF034
:20C9000005094FF0010815F8010BBEF741FA012146F8040B04EB010A80B180F8069080F898
:20C9200007A0BEF77FF93B7856F8042C08FA04F41C401AB1918813682CB919835446032CF3
:20C94000E1D1BDE8F0875983F8E700BF58D90020D4130020D8130020184BD3E900129B68F8
:20C9600041EA0200184300D1704700B509B212B21BB206EE901A07EE102A07EE903A9FED8E
:20C98000106A104B1048F8EEE66AB8EEC77AF8EEE77A85B066EE866A27EE067A67EE867AA3
:20C9A000002201A91A70CDED016A8DED027ACDED037A05F03FF905B05DF804FBC0B2002007
:20C9C00035FA8E3CCC0A0020BCBC00202DE9F04F464E85B001230C460DF10F02014605469B
:20C9E0003046CFF7CDF99DF80F3034EA030202D105B0BDE8F08F44EA030233681C78012C03
:20CA00000BD0022CF4D11B6A002BF1D12946304605B0BDE8F04FFAF75FBB93F9047096F8BF
:20CA200004B08DF80F20781CE2D0022FE0DC304A2C2607FB06F602EB0609D9F804A0BAF175
:20CA4000000FD5D099F8191001F0FF0301930029CED1BDF7B9FC2036254A019B4FEA4B0BC0
:20CA60000DF10F015FFA8BFB89F81AB089F81B5089F81D4089F81E30915116448046716012
:20CA800089F81C4089F8194089F81830BAF8043099051ED4BAF80030DA0513D442F20F7441
:20CAA00005E0BDF791FCA0EB0803A34215DCBAF800309B05F5D4BAF800309BB243F4807340
:20CAC000AAF80030BAF804309BB243F44073AAF804303846BFF79CFB8AE7064A1388013336
:20CAE0009BB238461380BFF763F981E7A8900020F80C0020B01600202DE9F04F2DED108BF2
:20CB0000B7EE008AC8EE006A83B0DFED7D7AF4EEE76AF1EE10FA00F11E827A4A9FED7A6AEF
:20CB20001388DFED7ACA7A497A4C7B4896790CEE103A53880DEE103AB8EE4CCAB8EECDDA82
:20CB4000B6EE007AB4EECCDA26EE877AF1EE10FAB8BFB0EE4CDAB4EEC7DAF1EE10FA88BFC3
:20CB6000B0EE47DAC7EE0D7A938800220DEE903AF4EEC87AF1EE10FAB8BFF0EE487AFDEEA9
:20CB8000E77AF8EEEDDA17EE907AF8EEE77A634B2760C6EEA78A1A61DE6088EE277A68EEF1
:20CBA000868A6DEEACCA83ED1A0AF0EE40BA8CEE280AC1ED008AC3ED00CA83ED01CA83ED1F
:20CBC00002DA80ED007A06F061FD554B0128B8BF01208DEE280A0446186006F057FD514B88
:20CBE0002328A8BF232018604F4B232CF2EE087A6BEEA77AA8BF2324C3ED007A4B4B93F80A
:20CC000000B04B4BA042B8BF2046D3ED008A494B012FA0EB040AB8BF01270AF1010AA046DD
:20CC2000814614339AFBF7FABBF1000F40F09D809FED4B0A9FED40FA9FED40BADFED40AA75
:20CC40009FED40AADFED409A9FED409ADFED408ADFED40EA404D0193B0EE40EA5C461EE03D
:20CC6000B1EE676AB1EE667A002943D1F0EE667AF0EE466A013407EE104A66EEAE6A67EEF7
:20CC8000AE7AB8EEC7EA242CC5ED006AC5ED017A2EEE0F0A05F1080564D006F087FAF0EEBB
:20CCA000407ADEEE0F7ABDEEC07AB0EE6A6A17EE102A27EEA77AF0EE496AA7EE0B6AD00727
:20CCC00002F00201E7EE296AF0EE4A5AE7EE065AB0EE686AA7EE266AF0EE486AE7EE256AB7
:20CCE00067EE867ABCD40029C4D0F1EE666AF1EE677ABFE7F0EE676AF0EE477ABAE700BFCF
:20CD00000000FA44F8B20020398E633C0AD7233C58270010441E0010541E0010001C0010B6
:20CD20008C260010882600105C270010A02B0010641E0010681E0010398E633D762FA7BC6E
:20CD400000D8813ECEE99DBF4AD99E3DA04B25BF8E0FC93F72F97F3F64250010BC297E3F53
:20CD600000000000019B5FED038A1FED038A7E4C0025002243E9052843E902A743F80C9C83
:20CD80004FF490721846002107F026FFA4F59072034682ED4D8A82ED4E8A0832A242F8D15B
:20CDA0000135032D37D002F5157403F51573BBF1000F00F0CD804FF4157303FB05F56A4B96
:20CDC000DFF8D4B19FED698AEC183A461435A3F590732B4447460025B046164643E9055715
:20CDE00043E902A643F80C9C4FF490721846002107F0F2FEA4F59072034682ED4D8A82ED38
:20CE00004E8A0832A242F8D104F51574A34503F51573E3D1464607EE906A554AB8EEE77A94
:20CE2000C2ED008ADFED537A534A0123F7EE006A86EE878A1370C7EEADEA7BEEABBA002EC0
:20CE400000F081803DEE4CDADFF850B19FED4BBADFED4BAA9FED4BAADFED4B9A9FED4B9AC3
:20CE600028EE0D8A9FED4ADA4FF00008ABF114090BF5C87AF6EE008A4C465F460025B7EEA4
:20CE800000EA07EE905AF8EEE77AB0EE4C7A77EEA87A0135A8EE277A6BEE87DAA7EC017A62
:20CEA000B0EE6D0A06F082F97DEEC07AF0EE4B5A67EEA76AB0EE696AE6EE8D5AA6EE8A6AAA
:20CEC000BDEEC07A17EE103AB0EE6A7AA5EEA67ADA07F0EE495AE6EE265AB0EE4E6AA5EE4A
:20CEE000A66A27EE277A05D5F1EE477AB0EE467AB0EE676A9B0744BFB1EE477AB1EE466AD1
:20CF0000C7EE067AC4F87880C4F87C801434AE42B0EE4E6A77EEAE6A27EEAE7AA6EEA76A83
:20CF20006CEEA77ACEEE066AC4ED187A67EE267AC4ED166AC4ED177AA3D109F18C09CA458D
:20CF40000BF11C0B98D103B0BDEC108BBDE8F08F4FF0010B0DE70F4B0022DA6003B0BDECD9
:20CF6000108BBDE8F08F00BF881F001000000000641E00100000C842A02B0010A04B25BF36
:20CF80008E0FC93F762FA7BC00D8813ECEE99DBF4AD99E3D001C001084260010141C001016
:20CFA0002DE9F0432DED0E8BD44B83B01E780190002E00F09D811A899FEDD15ADFF86C83A0
:20CFC000DFEDD05A9FEDD06AC8F8006006EE902A1A7907EE900A08EE102ADA88B8EE67EA1C
:20CFE00007EE102ADFEDC97A5A7887EE8E4A07EE902AF8EEE77AB8EE477AF4EEC57A9A7844
:20D0000088ED067AF1EE10FAD8BF27EEA57AF8EEE66A07EE902A66EEA54AF8EEE77ADFED2C
:20D02000B85ADB7888ED054AF4EEE57AC8BFB7EE007AF1EE10FA88ED017AD8BF9FEDB17AB9
:20D04000DFEDAF5AC8ED074AD8BF27EE877A07EE903AF8EEE77AC8BFB7EE007AF4EEE57A5B
:20D06000F1EE10FAAA4B88ED027AD8BF9FEDA57A93F80090B8EE488A2EEE066AD4BF67EE98
:20D08000877AF7EE007A88ED048A88ED086AC8ED037AB9F1000F00F0198138EE088ADFED4D
:20D0A000987ADFED9CBA9FED9CCADFED9CAA9FED9CBA9FED9CAADFED9C9A9C4C28EE068AF4
:20D0C000C7EEA68AC9EB091708EBC7070025B0EE480A06F06BF838EE406AF0EE6B6A26EED1
:20D0E000067AF0EE6A7AE7EE0C6AE7EE0B7AF0EE4A5AE6EE875AF0EE696AE7EE876AF7EEB6
:20D1000000EA66EE866ABDEEC06AF0EE6E7AE5EE877A16EE103A03F00102002AB1EE667A85
:20D1200008BFB0EE677AC3F3400308BFF0EE667AB1EE676A002BF1EE476A08BFB0EE676ACA
:20D140000CBFF0EE477AF0EE667AC6EE27CAF0EE6E7A38EEAC7AB0EE089AE7EE2C7A28EE1F
:20D16000099A8EEEA7DA38EE088A6DEE2CDA012EC4ED09CA84ED0ADAC4ED0BDA2563656308
:20D180002564A5636564E563A56400F09B80B0EE480A06F00BF878EE406AFDEEC07AB0EE1D
:20D1A0006A6A17EE903A66EEA67AF0EE6B5AA7EE8B6AD807E7EE8C5AB0EE697AA7EE867A7B
:20D1C000B0EE4A6AA7EEA56A27EE267AF0EE6E6AE7EE866A05D5F1EE477AB0EE667AF0EE53
:20D1E000676A990744BFB1EE477AF1EE666AC7EE267A022EA565E565A5662566E566656627
:20D200002567F0EE6E6A38EEA77AC4ED137AE7EE876A8EEEA67A67EE277A84ED147AC4ED3F
:20D22000157A4FD0B0EE490A05F0C0FF79EE407ABDEEC07AB0EE6A6A17EE103A27EEA77A9E
:20D24000F0EE6B5AA7EE0B6ADA07E7EE0C5AF0EE696AE7EE066AB0EE4A6AA7EE256A67EE44
:20D26000A67AF0EE6E6AE7EE066A05D5B1EE677AF0EE667AF0EE476A9B0744BFF1EE677A87
:20D28000F1EE666A87EEA67AC4F88050C4F88450C4F89050C4F88850C4F89450C4F88C50C6
:20D2A000C4F89850F0EE6E6A78EE877A84ED1D7AE7EE276ACEEEA67A27EE277AC4ED1E7A64
:20D2C00084ED1F7A7834BC427FF451AF16FB09F300EE103ADFED167AB8EEC00A20EE270AD7
:20D2E00020EE0E0A05F018FFBDEEC00A88EDF90A03B0BDEC0E8BBDE8F08300BFDC920020B5
:20D300000000C8420AD7233CBD3786350060EA48D011001000D8813E762FA7BCA04B25BF23
:20D320004AD99E3DCEE99DBF8E0FC93FB02700106E12833A70B50F4D0F4C104E05F1040CD3
:20D34000A4F1050E15F8010B002301E0322B0ED014F8332082424FEAC30103F10103F5D1EF
:20D3600071440B7906F8013B6545EBD170BDFF23F8E700BF28B40020D19B0508809F002033
:20D38000234A244BD2ED9D7A10B5F5EEC07AF1EE10FA2DED028B93ED008A35D9B7EE007A32
:20D3A000C7EE086A37EEA67AC6EE877A1A4A1B4B12783A2AC3ED147AC3ED1A7AC3ED167AD2
:20D3C000C3ED1C7AC3ED187AC3ED1E7A0CD0272A07D19FED130A27EE800A06F057F9114B8E
:20D3E0001881BDEC028B10BD9FED0D0A0D4C27EE800A06F04BF9B0EE480AA08106F046F976
:20D40000BDEC028BE08110BDF7EE007ACEE700BF3C1600108C060020850D002070B80020C7
:20D4200000007A44880D00202DE9F0479AB0DDE923A9229E04460D461746984603E020684D
:20D440000368DB689847206803685B6898470028F5D1014662220DF1060007F0BDFB234BD0
:20D46000CDF85CA08DF804500293002D3AD0AB1E012B39D9042D14BF002303238DF8053038
:20D480001B4B03961B68CDF814901E440123069404968DF85B3037B14246394607A807F042
:20D4A00043FB8DF85A80134E00231893B378B3B97078642202FB0060043001A907F034FB3A
:20D4C0004FF48073A6F80130236843B143463A46294620461AB0BDE8F047F2F725BB1AB0B1
:20D4E000BDE8F0870523C9E70223C7E7D4BB0020CC13002024BC002003689A6A70B50446D9
:20D500000AB1904723685D6A5DB1104908222046A8472368DB6AC3B12046BDE870401847E3
:20D5200023689B68204698470728F9D9074D05F10806236815F8011B1B6820469847B5424C
:20D54000F7D12368DB6A002BE6D170BD94A305082DE9F34105460E4617469846D2F71EFFD6
:20D56000044648B143683BB92846D6F7ABFB022806DC002806DC11D0002002B0BDE8F08109
:20D580000428F9D19DF82430009342469DF8203039462846FDF752FB30B9EDE70548064A24
:20D5A000C0F8AC2900F6AC1080F83850C4E90006E3E700BF58D9002010A50508034689B15A
:20D5C0000A6B824213D9144AD06A814208D30A6B934202D38A6B93421AD94C398142F6D204
:20D5E000002070470C4AD16A0A6B90420ED3086880B10A6B9342084602D38A6B934204D9E6
:20D6000051F84C0F0028F4D1704770470846DEE708467047704700BFE81300202DE9F84311
:20D62000234ECC01376B40D10346224A43F8082B4FF0FF324260022418464FF07E09051D58
:20D6400009F1FF3939464FF001080EE0A04214BF13466FF0704345F8043C1446043509F1B9
:20D66000FF33B9F1000F18D099460B6BA34202D88B6BA34204D22046FFF7A0FF014678B1A7
:20D680000B79486B621C002BE0D1A04202D0E2D31346E0E76FF07043DDE73163BDE8F883E6
:20D6A000013445F8048C3946D8E74FF08009C6E7E8130020F8FFFF0F2DE9F043CF4BD04F13
:20D6C000D04ED14C082285B0C3F888203B6B002543F001033B638046894630460323022258
:20D6E0004FF4C051CDE9005503F03CFA736AC4F8E49523F47043C4F8EC857362736ADFF810
:20D700002CC3C249DFF8208343F420437362736A23F470237362736A43F4202373627B6CB7
:20D7200043F480437B647B6B43F080037B63B84BB84F01225A61C4F818C00CF5007CC4F8E1
:20D7400054C0ACF5F07CC4F81CC00CF5007CC4F858C0ACF5F07CC4F820C00CF5007CC4F8DD
:20D760005CC0ACF5F07CAC4BC4F824C00CF5007C6360C4F860C04023ACF5EC6CC4F814C0E1
:20D780009C444FF0A0462160C4F8CCC002210CF1C00CE2722172C4F8E875E660C4F810803D
:20D7A000C4F890C00CF1200CC4F894C00CF1200CC4F898C00CF1200CC4F89CC00CF1200C7D
:20D7C000C4F8A0C00CF1200CC4F8A4C00CF1200CC4F8A8C00CF1200CC4F8ACC00CF5226CB7
:20D7E000C4F8D0C00CF5805CC4F8D4C00CF5805CC4F8D8C00CF5805CC4F8DCC00CF5005CED
:20D80000C4F8E4C00CF5805CC4F8E8C00CF5805CC4F8ECC0ACF5E44CC4F80CC14FF0502C0D
:20D82000C4F8E0C04FF4807CA4F81CC140F2011CA4F844C14FF4817C032084F81221A4F836
:20D840004A21A4F87211C4E94935C4E95335A4F86CC184F81451A4F8225184F81F51C4F87D
:20D86000305184F84751C4F8585184F86F51C4E95D35C4E96735C4E9DF35C4E9E935C4F8A2
:20D88000CC33C4F8F43340F20313A4F89C23A4F8A223A4F8C413A4F8CA13A4F89A01A4F8E3
:20D8A000EC03A4F8F203A4F89431C4F8805184F89751C4F8A851A4F87453A4F87A5384F899
:20D8C0007753C4F8885384F89F53C4F8B05384F8C753C4F8D053C4F8D85384F8EF53C4F8E4
:20D8E000F853C4F80054B36823F00103B360F36843F04003F36002F009FB637A47495B1B8B
:20D9000018BF01231B0143F02103A94663F31749C6F83890F368C3F3076222F0600242F04E
:20D92000400262F31F63F360C6F8005ED8F8003065F3CC23C8F80030D8F8003043F00303EF
:20D94000C8F8003080237362354BB162E022C6F804314033C6F80821C6F80C310395039B4C
:20D9600043F020030393039A2E4B102161F38A120392039A326132690392013B02D0039AE4
:20D980009106F8D400230293029B43F0100302934FF0A041029A234B0A610A690292013B1C
:20D9A00002D0029AD206F8D41F48204900244FF0FF35046144618561C4610B68A3424FF042
:20D9C000FF02ACBF23464FF090430B600C618A600B6AA342ACBF23464FF090430B620C6382
:20D9E0008A620B6CA342ACBF23464FF090430B640C658A640B6EA3421AE000BF00E100E053
:20DA000000380240000002406456002008040100003C01406406002040004001800020003B
:20DA2000A0004000410D03000008005000090050B8BF4FF09046264BA8BF26460E660C674D
:20DA40008A661968A142ACBF21464FF0904119601C619A60196AA142ACBF21464FF0904158
:20DA600019621C639A62196CA142ACBF21464FF0904119641C659A64196EA142B4BF4FF04E
:20DA80009041214619661C679A660369114943F4807303614FF0A0436FF080429C615A61FD
:20DAA0005D605A61996199690B4A0A439A619A6842F001029A603B689847084B084ADA60C3
:20DAC00002212246432005B0BDE8F04303F026B8000B00500008008018383C0000ED00E0BE
:20DAE0000005FA0570B50D6800240BE0052E1BD8A0F137030A2B17D104EB840415F8010BDB
:20DB000003EB4404A0F130035FFA83FCBCF1090FA0F1610EA0F14106EED9BEF1050FE5D84F
:20DB2000A0F157030A2BE7D00D60146070BD00BF0848002302461178022902F1060204D003
:20DB40000133062BF7D10020704703EB430300EB43007047A87600202DE9F04F2DED068B6A
:20DB600085B00346C0220021BF48039307F034F8BE48DFF83C93BE4A0379137099F80420FC
:20DB8000BC49003A18BF01220A7099F80220BA490160042A00F2FF80DFE812F0EB00FD006B
:20DBA0000500F800F5009FEDB58AF0EE488A78EE887AB5EE007A87EE27AADFF8AC82DFF851
:20DBC000F4A244460025DFEDAE9A9FEDAE9A28EE298AAB4240F3C7801AF801BF09EB0B0314
:20DBE0000BF1010B1B7A02935FFA8BFB18465A460321CFF713F9029B0746002800F01D8180
:20DC00001A09561E052E03F00F0C00F2FB809E4B33F8160040FA0CF111F0010100F0F580F6
:20DC2000012303FA0CF3013B184007F0C7F9974B9B5D0344964800EBC300032380F807B077
:20DC400060618371FA790221BDF788FF894B93F800B0BBF1000F00F0BC80B9F800308D4A90
:20DC600000EE103A8C4BB8EEC00A18683B68FCEEC07A934217EE901A00F09F80874A9342A5
:20DC80000CD002F58042934208D002F58062934204D002F58062934218BF40084FF6FF733C
:20DCA000B0FBF1F21A44120CB0FBF2F2BBF1000F40F08B80194699F8020007EE902A042808
:20DCC000F8EE676A05BF07EE901AF8EE677A68EE267A67EEA97A0399009129EE677A99F83F
:20DCE0000300C4ED027AA8EEA67A394684ED037A01902046C0F770FB002D00F088806368C8
:20DD0000D8F8042093424BD0012D00F08580D8F81C20934244D0022D00F08380D8F83420C1
:20DD200093423DD0032D00F08280D8F84C20934236D0042D00F08680D8F8642093422FD079
:20DD4000052D00F08580D8F87C20934228D0072D40F08480D8F89420D31A4FF0010118BF72
:20DD6000012323746174012005B0BDEC068BBDE8F08F9FED438A3F4901220A700022F0EE61
:20DD8000488A039213E79FED468AF4E79FED458ADFED458A0BE79FED458AF0EE488A06E70B
:20DDA000002301352374082D4FF00103637404F11804D8D02E4B1B780BE7B0FBF1F303F5E6
:20DDC0007F43FF331B0CB0FBF3F2B2FBF1F18BB271E7B0EE4A0A05F09FF92F4B2D4A186884
:20DDE0003B68FCEEC07A934217EE901A7FF446AFB0FBF1F24FF6FF731A44120C1946B0FBA5
:20DE0000F2F258E70023636120E761611EE70125257465741834CDE72574657418340225AD
:20DE2000C8E701232374637403251834C2E701232374637404251834BCE70C4B18600C4BB4
:20DE4000187091E701232374637405251834B1E701232374637406251834ABE701232374CC
:20DE6000637407251834A5E77409001078190010380A0010BA01002040A5050828293038C1
:20DE80006F12833A00007A44D8530508205E0508040E002000040140000E002000000140DD
:20DEA00000000000ACC5A737ACC5A7366F120339CC150020DE15002010B584B0012481F065
:20DEC000010300214279ADF80C10A3400068029401A9ADF80420ADF80630FDF789FC04B045
:20DEE00010BD10B50446006804F010F90D4B1A684FF6FF7152082046BEF78AFE00212046CE
:20DF0000FFF7DAFF0849094BC1F89C38204601F69C01FAF721FE226813889BB243F001034D
:20DF2000138010BD000E002058D900200D9C00082DE9F04FB04BB14E5FFA81F81978336804
:20DF400085B0044615462BB19A881B68C80754BF1A835A8373682BB19A881B68890754BF0B
:20DF60001A835A83CEF72CF8022D19D0042D00F02082B8F1070F11D8032D4FF496472ED06D
:20DF80009F4BDFF88C9243440022187A0321CEF745FF804668B90023C9F8003A002003E230
:20DFA000B8F1FF0F6FD04FF41647B8F1070FE7D9F4E7C9F87800827912F0020AEBD1FDF77F
:20DFC00081F999F8040A00285AD052460321CEF725FFC9F87C040028DDD0FDF773F9DFF8E4
:20DFE00030B2884ACBF834200BF17C0003224FF48061ABF83820CBF8480000220BF590607D
:20E000004FF00108032DCBF854208BF89358CBF85020CBF83C70CBF85C20CBF86020CBF8FC
:20E020004010CBF84C00CBF84410CBF858208BF88428ABF88088CBF88C28ABF890288BF800
:20E0400092280FD0DBF878A09AF80400BCF7A0FECBF874005046BFF7A8FF41460BF1340074
:20E06000BFF748FF322005F1FF38BCF757FDB8F1030F15D8DFE818F0D4000B006900D0008E
:20E08000C9F87C84ABE703254FF41647A7E7DBF87800BFF7A0FFDBF87C043946FDF7E4F895
:20E0A000594BCBF8003A4FF0050A5FFA88F7022D23D0DBF8000ACEF717F8F0B14E4B3168F3
:20E0C0001A7802F0010229B188880968002A00F0B1800883DBF8000ACEF706F8002840F090
:20E0E000AB80454B31681A7802F0010229B188880968002A40F0A98008832046CDF7F4FFBF
:20E10000E8B13D4B71681A7802F0020229B188880968002A00F09B8008832046CDF7E4FF55
:20E12000002840F09680344B71681A7802F0020229B188880968002A40F039810883042D66
:20E14000B7D00520BCF7EAFCB1E74FF0000A51462E488BF894A8402206F03EFD8DF80FA006
:20E16000DFF8B0A09DF80F20072A04D926480121BFF7C0FE8FE7DAF800209DF80F005269DB
:20E18000904790B39DF80F00CDF73AFF68B39DF80F201B4B1A44107A38B300220321CEF7A1
:20E1A0003DFE814608B3FDF78DF84846BFF713FF9BF894189DF80F000191CDF721FF0199E0
:20E1C000124B43F8310099F80610CA0706D59BF8941803EBC10C01218CF804109BF8942820
:20E1E000CBF87C9401328BF894289DF80F200132D2B28DF80F20B5E7D4130020D8130020FD
:20E20000CC15002080A505088CD900207C1E002058D9002078190010DBF87800BFF7DBFEC0
:20E22000DBF87C043946FDF71FF8DBF87800FFF758FE35E748834DE7DBF8000ACDF75CFF53
:20E2400001462046CDF72CFF44E7488355E7488363E72046CDF750FF9BF8132A0146052A1C
:20E2600009D8DFE802F003141A1F313B242902D101228BF8132A022F04D820460191CDF77C
:20E280000FFF0199DBF8000ACDF70AFF45E7A1F14D035A425A415200EBE73C2914BF002269
:20E2A0000322E6E70A2904D94FF000038BF8133AE1E700228BF8052A8BF8082A8BF8061A56
:20E2C0008BF8071A0422D4E79BF8072A8BF8141A4A408BF8072A8BF813AACCE79BF8052A51
:20E2E0009BF8068A9BF8070A424509D248408BF8070A501C5A448BF8050A82F8091ABAE7FF
:20E300008142D1D19BF8149A0622B9F1F40F8BF8132AB0D1B8F1000FADD1242120468BF8DD
:20E32000138ACDF7BDFE4D212046CDF7B9FE3E212046CDF7B5FE41462046CDF7B1FE494647
:20E340002046CDF7ADFE49462046CDF7A9FE032D1FD0DBF87800427904680221920801FA3F
:20E3600002F2D24392B222824579A289CD40A94092B222EA0102A2812021BFF705FEDBF88A
:20E3800078004146FAF7E8FBDBF87820106803F0BDFEDBF87C040021FAF7DEFBDBF87C3458
:20E3A000186803F0B3FE012005B0BDE8F08F4883C5E644F6C017F8E52DE9F04F8B4BDFF8D9
:20E3C0005CA299B01846482200211C46029306F003FC9AF8003013B19AF8013023719AF8B2
:20E3E000033023B1029A9AF8043082F828309AF809301BB1029A9AF80A3013779AF8063091
:20E400001BB1029A9AF8073013749AF80C300793013B5AB2DBB20193134603925A1C00F01F
:20E42000D2807348714A029200EBC3014FF0010BD1F8489191F84C1104910BFA03FB00F571
:20E44000F0760023CDE905920724D9461546984600F5B0779E46B3462E79B6B3019B022B91
:20E4600033D8644802E0083058452ED00378B342F9D1437813EA090FF5D03046BCF788FCB4
:20E480004FFA84FE844640B100218CF807108CF806E01321BCF7C6FB2E79002017F83030F2
:20E4A000B34200F0938001301028F7D1002185F805804FF0070308F101084FF0010E2960EE
:20E4C000AB715FFA88F885F807E00134E4B20D2C05F10C05C0D10498DDE90592CDF814E095
:20E4E00001F002FC444845494468214041F4403141600399DDE9053201B98BB94048414C13
:20E50000416C41F48071CDE90423416402212046BCF7B8FCA168DDE9042341F00101A1608C
:20E52000354C3849606840F400006060486820F480504860886B20F4401040F480108863DB
:20E54000C86840F46000C8608C6B84F44010C0F301501F2500EB800005FA00F624EA060450
:20E56000112606FA00F020438863C86840F4E010C8608E6BC6F30150C0F10400C0B200EB95
:20E5800080001024854026EA0506844034438C63BAF80E1031B31C480160BAF81000F0B1E1
:20E5A0001A490860BAF81210B1B1194D0492029A0124091A82F84340164882F8374090FBA3
:20E5C000F1F1296063BB19B0BDE8F08F084B03EBC000D0F864116AE70F49C98DE5E70E4965
:20E5E000888DDDE70C49498DD5E700BF8C8E002068A40508C8A5050800230140E030FCFF60
:20E600000038024000200140C8B50020CCB50020D0B5002080380100007AFF1FC073002098
:20E6200041464846BCF72EFC5E4E049A4FF01F0C0727D3791BB313789179092B40F29480DD
:20E64000A3F10A00D9F80C5000EB4000814007FA00F025EA00000143C9F80C10062C72D866
:20E66000611ED9F8340001EB81018B400CFA01F120EA01010B43C9F834300134E4B20C325D
:20E680009642D6D1D9F80820039B019942F40072C9F80820D9F8082042F48072C9F808202F
:20E6A000D9F808209A4442F00102C9F808209AF914200220BCF786FE0446002883D04568D3
:20E6C0002846CDF7E7FB079A0621CDF7CDFB00283FF479AF2846CDF7DDFBBCF7C1FF284664
:20E6E000FCF7F6FEA2680992B8F1010F2E4A0B9294BF0022012292020F924FF400614FF40C
:20E700000052CDE910124FF480714FF40032CDE912120022CDE91422CDE916220C920E9212
:20E7200009A909F14C020A92CDF83480FCF766FF2A6842F001022A60D9F8082042F0804234
:20E74000C9F808203FE70C2C1BD8E11FD9F8300001EB81011F258B4005FA01F120EA010104
:20E760000B43C9F8303088E7D9F8105003EB4300814007FA00F025EA00000143C9F8101073
:20E780006CE7A4F10D01D9F82C0001EB81011F258B4005FA01F120EA01010B43C9F82C30A1
:20E7A0006BE700BFBC8E0020D48E0020F8B50409013C052C27D8144B33F8142000F00F0078
:20E7C00042FA00F3DB071ED501238340013B03EA02000D4606F0F2FB0C4B0D4A1E5D0D4F68
:20E7E000D2F8183A0644013307EBC604C2F8183A4122A271E37129462046BCF713FA57F809
:20E800003630A2881A83F8BDD8530508205E050858D90020040E002000287ED02DE9F0470D
:20E82000154682883D4CDFF804C12668DFF80091B2FA82F29A464FF00047C2F11F0327FADC
:20E8400002F24CF82310804626EA02064B4426600021626193F8E061BCF7E4F9B8F8043036
:20E86000D8F80020B3FA83F3DF40C3F11F0303F0FC0000F1804000F59C3002F13F4202F5C4
:20E880007E0203F00303D0F808C09B00C2F387224FF00F0E9A400EFA03F32CEA0303836043
:20E8A00083681A43826023681D4A23EA07032360636823EA07036360D2F8003C3B43C2F8BF
:20E8C000003CA36809EB8A0923EA0703A360E36899F8F01123EA07031029E36016D001F108
:20E8E000804101F59E310B681F430F600D4B9A5DAA4201DCBDE8F0870B499D55885D0022CD
:20E90000C5F38711BDE8F04702F008B9A3683B43A360E3683B43E360E8E77047003C01407D
:20E92000003001406C1400204CFB05082C14002068A40508F8B55A4CE2780AB90020F8BDB4
:20E94000A378013B022BF9D803EB8301554E564D16F831C0012085F8D400BCF1020F06EB8A
:20E96000C100E8644FEAC10100F08280DBB24F4F1B01FB584360002BE0D0022373544FF456
:20E980008073838105F15C03836105F19803C3611609013E052E02F00F0258D8444B33F814
:20E9A000160040FA02F3DB0751D501239340013B184006F003FB3F4B2278995D3E4B0144A3
:20E9C00003EBC100531C2222C371092182716865BCF728F96B6D13B11A689B881383374A8B
:20E9E0001368632BFCD9364A364B1268B3EB920F47D2B3EBD20F46D2B3EB121F45D2B3EB4B
:20EA0000521F44D2B3EB921F43D2B3EBD21F42D2B3EB122F41D24FF480732B48A5F85030B0
:20EA2000F8F7AFFBB0B96C6D002C87D0274AD2F8183A41210133A171E37120212046C2F88E
:20EA4000183ABCF7EFF82368A2881A8376E700236B65C4E7EB6C85F81C011B78012B0BD0F2
:20EA6000022B03D11A4A1378013313700120F8BD437B013343738BE7164A1378013313705D
:20EA8000F4E70223C9E70423C7E70823C5E71023C3E72023C1E74023BFE78023BDE700BF43
:20EAA00060250020F81500202813001080160020D8530508205E0508040E0020CC1300208F
:20EAC000000E002040420F007413001058D90020587600205976002010B5114CA37A23B997
:20EAE000104B4FF480225A6110BD4FF0E022D2F8103D23F00603C2F8103DBFF71DFBA37AE8
:20EB0000002BEDD023699B68DB07E9D5D4F80C21136823F0030161F307031360E0E700BFFC
:20EB200064560020003C01402DE9F84FBBF776FC274F284B284EDFF8A480DFF8A4E00546FD
:20EB40004FF010094FF0E02C4FF47A744FF0010A7268C2F30802DAB9EFF31182C2B91A68F9
:20EB6000DCF8180019688A42F9D1DEF800108842F5D8D7F800B004FB0BF1091AB1FBFBF1E0
:20EB800004FB0212521BB2F57A7FE1D3BDE8F88FEFF3118289F31288DCF818B0DCF810105A
:20EBA000C90344BFC8F800A0DCF818B01868D8F80010D2B282F311880144386804FB00F2C2
:20EBC000A2EB0B02B2FBF0F204FB0122DAE700BF20140020CC13002000ED00E024140020F2
:20EBE0002814002008B501210320FCF789FD72B6BDF77AFE2DE9F04F944A954B52681C7889
:20EC000083B02AB113689188A5074CBF198359838E4B196829B10B688888E40754BF1883D3
:20EC2000588305278B4B8C4D8C4CDFF844C24FF0100B384632B11668928877693A4214BFE7
:20EC40007283328331B10A6889885669314214BF51831183824A1288002A40F060818149CD
:20EC6000814A09781268002900F0528112B1116892880A834FF032094FF0E0216268C2F3C6
:20EC80000802002A40F01681EFF31182002A40F011811A688F691E68B242FAD1DCF8006025
:20ECA000B742F6D8D5F8008001904FF47A7606FB08FEAEEB070E4FF47A77BEFBF8FE4FF0A5
:20ECC000010806FB02EE6268C2F30802002A40F0D180EFF31182002A40F0CC801A68886978
:20ECE0001E68B242FAD1DCF80060B042F6D8D5F800A007FB0AF6301AB0FBFAF007FB020287
:20ED0000A2EB0E02B2F57A7FDDD3B9F101090198B4D14E4A516831B10A688988566931424C
:20ED200014BF51831183494A116831B10A6889885669314214BF51831183494A1288002A63
:20ED400040F007814749484A09781268002940F0F98012B1116892880A83322681464FF0CB
:20ED6000E02130466268C2F30802002A40F0B980EFF31182002A40F0B4801A688F691E68FD
:20ED8000B242FAD1DCF80060B742F6D8D5F800E0CDF800904FF47A7606FB0EF8A8EB0708DB
:20EDA000B8FBFEF84FF47A7E06FB02886268C2F3080252BBEFF311823ABB1A68D1F81890F1
:20EDC0001F68BA42F9D1DCF80070B945F5D8D5F800A04F460EFB0AF9A9EB0707B7FBFAF784
:20EDE0000EFB0272A2EB0802B2F57A7FDED30138DDF80090B6D109F1FF3010F0FF0000F071
:20EE0000B7801249D1E9001214E7EFF311828BF31288D1F818900F69FE0304D5134E0127C0
:20EE20003760D1F81890114E1F68D6F800A0D2B282F311885744D5F800A00EFB0AF2A2EB4A
:20EE40000902B2FBFAF20EFB0722CBE7D8130020D4130020CC1300202014002000ED00E0F8
:20EE60003E250020F8920020F49200202414002028140020EFF311828BF312888E69086916
:20EE8000C00303D53C48C0F800808E691868D2B20092394AD2F800A0009A82F31188504465
:20EEA000D5F800A007FB0AF2921BB2FBFAF207FB002225E7EFF311868BF312888F690A6975
:20EEC000D20303D52C4F01223A608F692A4AD3F80080D2F800E0F6B286F3118808EB0E022F
:20EEE000E0E6EFF311868BF312888F690A69D20303D5214F01223A608F691F4AD3F80080CA
:20EF0000D2F800E0F6B286F3118808EB0E023DE7002A3FF4AFAE116892884A83AAE6174E57
:20EF20007269002A3FF4A6AE154A1788002F3FF4A1AE3168134AB2FBF7F201273A410A60FD
:20EF4000777497E6002A3FF408AF116892884A8303E70A4A516900293FF4FFAE08490988F2
:20EF600000293FF4FAAE1668002131605174F4E603B0BDE8F08F00BF24140020402500204B
:20EF80005825002040420F002DE980489C4C9D4DDFF888B2DFF88892DFF888A283B00A272C
:20EFA000FFF728FE4FF4FA7E4FF0E021964B5B68C3F30803002B40F0F281EFF31183002B66
:20EFC00040F0ED812368886922689342FAD1DAF800209042F6D82E6884464FF47A7000FBD3
:20EFE00006F2A2EB0C02B2FBF6F200FB03224FF47A70854B5B68C3F30803002B40F0B881B4
:20F00000EFF31183002B40F0B3812668D1F8188023689E42F9D1DAF800309845F5D8D5F84E
:20F0200000C000FB0CF3A3EB0803B3FBFCF300FB06339B1AB3F57A7FDBD3BEF1010EB5D164
:20F04000724BDBF804201E7806F002002AB191881368002800F0F3811983DBF800302BB1F8
:20F0600019689888F60754BF088348830C2032B1116892884E69324214BF4A830A8333B1AB
:20F080009A881B6859690A4214BF5A831A83604B1B88002B40F0A3815E4A5F4B12781B6844
:20F0A000002A40F0B68113B11A689B8853834FF0FA0E4FF0E0218446534B5B68C3F308030D
:20F0C000002B40F03381EFF31183002B40F02E8120688A6923689842FAD1DAF800309A4218
:20F0E000F6D890462A684FF47A7606FB02F3A3EB0803B3FBF2F306FB00304FF47A7201978D
:20F10000414B5B68C3F30803002B40F0CF80EFF31183002B40F0CA8026688F6923689E4229
:20F12000FAD1DAF800309F42F6D8B8462F6802FB07F3A3EB0803B3FBF7F302FB06331B1A2B
:20F14000B3F57A7FDCD3BEF1010E019FB4D1DBF80430604633B19A881B6859690A4214BF65
:20F160005A831A83DBF8003033B19A881B6859690A4214BF5A831A83254B1B88002B40F0C0
:20F180004F81244A244B12781B68002A40F03A8113B11A689B8813834FF0FA0E4FF0E0211A
:20F1A0008446194B5B68C3F30803002B40F09C80EFF31183002B40F0978020688A69236838
:20F1C0009842FAD1DAF800309A42F6D890462A684FF47A7606FB02F3A3EB0803B3FBF2F321
:20F1E00006FB00304FF47A720197074B5B68C3F30803002B3CD1EFF31183002B38D113E06C
:20F20000CC1300202014002000ED00E0D41300203E250020F8920020F4920020D8130020E9
:20F22000241400202814002026688F6923689E42FAD1DAF800309F42F6D8B8462F6802FB1B
:20F2400007F3A3EB0803B3FBF7F302FB06331B1AB3F57A7FC9D3BEF1010E019FA1D10CF10E
:20F26000FF3010F0FF0000F0EC80DBE90032FEE6EFF31183102686F312888F690E69F60303
:20F2800003D50126C9F800608F692668D9F80080DBB283F311884644D5F8008002FB08F30C
:20F2A000DB1BB3FBF8F302FB0633D0E7EFF31183102686F312888F690E69F60303D50126AC
:20F2C000C9F800608F692668D9F80080DBB283F311884644D5F8008002FB08F3DB1BB3FB27
:20F2E000F8F302FB06332AE7EFF31183102282F31288D1F818800A69D20304D50122C9F8BF
:20F300000020D1F818802668D9F80020DBB283F31188286832444FF47A7606FB00F3A3EB96
:20F320000803B3FBF0F306FB02305BE7EFF31183102282F31288D1F818800A69D20304D583
:20F340000122C9F80020D1F818802668D9F80020DBB283F31188286832444FF47A7606FBF3
:20F3600000F3A3EB0803B3FBF0F306FB0230C4E6EFF31183102686F31288D1F818800E69FC
:20F38000F60304D50126C9F80060D1F818802668D9F800C0DBB283F3118866443FE6EFF386
:20F3A0001182102383F312888E690B69DB0303D50123C9F800308E692068D9F80030D2B23D
:20F3C00082F31188D5F800C003444FF47A7000FB0CF2921BB2FBFCF200FB032207E65B492C
:20F3E0004B69002B3FF463AE594B1E88002E3FF45EAE0A68574BB3FBF6F35B101360012386
:20F400004B7454E6002B3FF4C7AE1A689B885383C2E6002B3FF44BAE1A689B88138346E63F
:20F420004A4B5A69002A3FF4B7AE494A1288002A3FF4B2AE196800220A605A74ACE659837F
:20F440000BE64FF47A7E4FF0E021434B5B68C3F30803002B59D1EFF31183002B55D1236887
:20F46000886922689342FAD1DAF800209042F6D82E6884464FF47A7000FB06F2A2EB0C02C4
:20F48000B2FBF6F200FB03224FF47A70324B5B68C3F3080313BBEFF31183FBB92668D1F83A
:20F4A000188023689E42F9D1DAF800309845F5D8D5F800C000FB0CF3A3EB0803B3FBFCF316
:20F4C00000FB06339B1AB3F57A7FDFD3BEF1010EBBD1013F7FF464ADFFF784FBEFF31183F7
:20F4E000102686F31288D1F818800E69F60304D50126C9F80060D1F818802668D9F800C051
:20F50000DBB283F311886644D2E7EFF31182102383F312888E690B69DB0303D50123C9F82E
:20F5200000308E692068D9F80030D2B282F31188D5F800C003444FF47A7000FB0CF2921BE2
:20F54000B2FBFCF200FB03229EE700BF402500205825002040420F0000ED00E02DE9F04FD7
:20F56000974B98495A680D7883B003462AB111689088AE074CBF088348839149096829B15E
:20F5800008688C88ED0754BF04834483013B5FFA83FA8D4D8D4B8E4CDFF848C24FF0100BB9
:20F5A00032B1106892884669324214BF4283028331B10A6889885069014214BF51831183FA
:20F5C000844A1288002A40F065818349834A09781268002900F0578112B1116892880A831B
:20F5E000FA204FF0E02106466268C2F30802002A40F01B81EFF31182002A40F016811A68FE
:20F600008F6918688242FAD1DCF800008742F6D8D5F800E0CDF804A04FF47A7000FB0EF834
:20F62000A8EB0708B8FBFEF84FF47A7E00FB02886268C2F30802002A40F0D680EFF3118211
:20F64000002A40F0D1801A68D1F818901F68BA42F9D1DCF80070B945F5D8D5F800A04F46AE
:20F660000EFB0AF9A9EB0707B7FBFAF70EFB0272A2EB0802B2F57A7FDAD3013EDDF804A020
:20F68000B2D14F4A516831B10A6889885069014214BF518311834A4A116831B10A68898887
:20F6A0005069014214BF518311834A4A1288002A40F00A814849494A09781268002940F088
:20F6C000FC8012B1116892880A83FA204FF0E02106466268C2F30802002A40F0BD80EFF323
:20F6E0001182002A40F0B8801A688F6918688242FAD1DCF800008742F6D8D5F800E0CDF87F
:20F7000004A04FF47A7000FB0EF8A8EB0708B8FBFEF84FF47A7E00FB02886268C2F3080283
:20F7200062BBEFF311824ABB1A68D1F818901F68BA42F9D1DCF80070B945F5D8D5F800A076
:20F740004F460EFB0AF9A9EB0707B7FBFAF70EFB0272A2EB0802B2F57A7FDED3013EDDF84A
:20F7600004A0B6D10AF1FF3A5FFA8AFABAF1FF0F00F0B9801249D1E9001211E7EFF31182D7
:20F780008BF31288D1F818900F69F80304D5144801270760D1F8189011481F68D0F800A0F0
:20F7A000D2B282F311885744D5F800A00EFB0AF2A2EB0902B2FBFAF20EFB0722C9E700BFD8
:20F7C000D8130020D413002020140020CC13002000ED00E03E250020F8920020F492002024
:20F7E0002414002028140020EFF311828BF31288D1F818900F69F80304D53C4801270760F8
:20F80000D1F8189039481F68D0F800A0D2B282F311885744D5F800A00EFB0AF2A2EB0902D0
:20F82000B2FBFAF20EFB072222E7EFF311808BF312888F690A69D20303D52C4F01223A6019
:20F840008F692A4AD3F80080D2F800E0C0B280F3118808EB0E02DBE6EFF311808BF312887A
:20F860008F690A69D20303D5204F01223A608F691E4AD3F80080D2F800E0C0B280F3118871
:20F8800008EB0E0239E7002A3FF4AAAE116892884A83A5E616484269002A3FF4A1AE154A91
:20F8A0001688002E3FF49CAE0168134AB2FBF6F2012632410A60467492E6002A3FF405AF5D
:20F8C000116892884A8300E7094A516900293FF4FCAE0849098800293FF4F7AE1068002152
:20F8E00001605174F1E603B0BDE8F08F24140020402500205825002040420F002DE9F04FD4
:20F90000431C85B0DBB2974C974F984EDFF864B2974D03934FF00A0AFFF76CF94FF4FA7352
:20F9200001934FF010084FF0E0227368C3F30803002B40F0D580EFF31183002B40F0D0802E
:20F940002368916920688342FAD128688142F7D8D7F800904FF47A7000FB09FEAEEB010EB2
:20F96000BEFBF9FE00FB03EE4FF47A7C4FF00109CDF808A07368C3F30803002B40F09480F1
:20F98000EFF31183002B40F08F802368916920688342FAD128688142F7D8D7F800A00CFB52
:20F9A0000AF0411AB1FBFAF10CFB0313A3EB0E03B3F57A7FDED3DDE9013A013B0193B4D1F7
:20F9C0000398FFF7CBFD4FF47A7301934FF010084FF0E0227368C3F30803002B40F0A1805A
:20F9E000EFF31183002B40F09C802368916920688342FAD128688142F7D8D7F800904FF4B9
:20FA00007A7000FB09FEAEEB010EBEFBF9FE00FB03EE4FF47A7C4FF00109CDF808A07368EC
:20FA2000C3F3080323BBEFF311830BBB2368916920688342FAD128688142F7D8D7F800A0BD
:20FA40000CFB0AF0411AB1FBFAF10CFB0313A3EB0E03B3F57A7FE2D3DDE9013A013B0193D0
:20FA6000B8D1BAF1010A7FF457AF05B0BDE8F08FEFF3118388F3128890691169C90344BF28
:20FA8000CBF8009090692168DBF800A0DBB283F311885144D7F800A00CFB0AF31B1AB3FB97
:20FAA000FAF30CFB0133D2E7EFF3118388F3128890691169C90344BFCBF8009090692168C3
:20FAC000DBF800A0DBB283F311885144D7F800A00CFB0AF31B1AB3FBFAF30CFB013365E7B8
:20FAE000EFF3118088F31288D2F818901369DB0304D50123CBF80030D2F818902368DBF8F2
:20FB00000010C0B280F311880B4439684FF47A7000FB01FEAEEB090EBEFBF1FE00FB03EEFC
:20FB200022E7EFF3118088F31288D2F818901369DB0304D50123CBF80030D2F8189023687B
:20FB4000DBF80010C0B280F311880B4439684FF47A7000FB01FEAEEB090EBEFBF1FE00FBDA
:20FB600003EE56E7CC1300202014002000ED00E028140020241400202DE9F84FBAF74EFC2B
:20FB8000264F274B274EDFF8A080DFF8A0E005464FF010094FF0E02C4FF47A744FF0010A52
:20FBA0007268C2F30802D2B9EFF31182BAB91A68DCF8180019688A42F9D1DEF80010884204
:20FBC000F5D8D7F800B004FB0BF1091AB1FBFBF104FB0212521B042AE2D9BDE8F88FEFF3AC
:20FBE000118289F31288DCF818B0DCF81010C90344BFC8F800A0DCF818B01868D8F80010A1
:20FC0000D2B282F311880144386804FB00F2A2EB0B02B2FBF0F204FB0122DBE7201400201B
:20FC2000CC13002000ED00E024140020281400202DE9F84FBAF7F2FB264F274B274EDFF816
:20FC4000A080DFF8A0E005464FF010094FF0E02C4FF47A744FF0010A7268C2F30802D2B9A0
:20FC6000EFF31182BAB91A68DCF8180019688A42F9D1DEF800108842F5D8D7F800B004FB1C
:20FC80000BF1091AB1FBFBF104FB0212521B092AE2D9BDE8F88FEFF3118289F31288DCF8B4
:20FCA00018B0DCF81010C90344BFC8F800A0DCF818B01868D8F80010D2B282F31188014486
:20FCC000386804FB00F2A2EB0B02B2FBF0F204FB0122DBE720140020CC13002000ED00E066
:20FCE000241400202814002000F01F0240090123032803FA02F30DD0042806D0022808D1D3
:20FD0000074A516C0B4353647047054A116B0B4313637047024A116C0B431364704700BFCF
:20FD2000003802402DE9F0436C4D6D486D4C83B02422002104F050FF6E7800232360002E42
:20FD400033D1BEF7F7FC83682BB3654BB0F800C09E46194600220878032801F106011DD020
:20FD60000132062AF7D10CF1FF3080B200221978022903F1060375D00132062AF7D1216826
:20FD8000052908D002FB01E3013121600221002219705A80988003B0BDE8F083062101FB1B
:20FDA00002E25088013880B2E0E74F4F287807F10409C7F800900028C3D0BAF7E9FF8046A9
:20FDC000F860002852D090F906300BB1412BB8D146483146F7F7FEFB0028B2D0444EC7F82A
:20FDE00098602023A8F8063009214046BAF740FFF868BBF76FF83F48BEF732FA0123388194
:20FE0000322086F83430C6F83090BAF787FE04230027364801970DEB03029F21F7F788FB68
:20FE200039469DF805709DF8043033483F0247EA03479DF806304FF00C0C1F4301E09742FB
:20FE40001FD0CBB20CFB03F30131C2580344002AF5D12878B2802021C6E902223282FEF727
:20FE6000A5FC6EE7062303FB02E38FE731464846F7F7B0FB00283FF464AF1D4EC7F89860DC
:20FE8000B2E75989188931820902B08001FB00F01A4DB160F0609988DB88194F0020B07474
:20FEA000184805FB01F105FB03F33960036096F834104FF48073F3800123994286F82930AD
:20FEC00001D1114B3360336872611B68002B3FF438AF07480021984733E700BF7825002046
:20FEE000A8760020CC1E0020C8F30020CCF300207C130020404B4C0064A6050840420F00D2
:20FF0000C41E0020BC1E002050A805080E4B82B0D9680E4B002201920A690192013B10D0E4
:20FF2000019A002AF8DA019A084B42F001020192019A0A610A690192013B02D0019AD207E6
:20FF4000F8D402B0704700BF64560020410D03002DE9F04F974FFB685A69D4078BB002D534
:20FF60000BB0BDE8F08F5A699E691640F8D0C6F307433003019300F1D080019B580738D4A8
:20FF8000B407F5B202D5FB6802225A61002EC0F2A7823005C6F3072400F17D812B0706D5C8
:20FFA000854B8448DB689847FB6808225A61EE0600F14682E50600F1A081A00600F1028177
:20FFC000019BDA0607D57C4B7A48DB699847FB684FF480125A61019B9B06C1D5764B7548D9
:20FFE0001B6A9847FB684FF400125A610BB0BDE8F08F3B699D69DB691D40ADB2002DBFD0E5
:020000040805ED
:200000006C4C039604F118084FF0000BEA0779D53969D8F8002008694B6B23FA0BF3DB0141
:20002000DBB203439068034013F00109D8B200F06F824B6B012000FA0BF023EA00034B63B0
:20004000012393605C4B5B485B685FFA8BF19847FB78012B00F0B28219F0800F52D0D4E98E
:200060004CC1D4F82431D8F800E0ACEB01029342DEF8180028BF134680B20333B0EB930F60
:2000800040D93B6997F80390029566469C46B14237D2D4F82431701A984228BF184600F1A5
:2000A000030AD4F828314FEA9A0AB9F1000F10D182B203329210D8F8B8500AD04946013119
:2000C00053F8046B2E608A42F9D1D4E94C61D4F8283101440344B142C4F82831C4F834111E
:2000E000DEF818300AD194F81C01012202FA00F0DCF8342022EA0002CCF834209BB29A45D5
:20010000C5D3029D6D080BF1010B04F1280408F104087FF47BAF039E32E73B699C69DB69C1
:200120001C40240C3FF429AFDFF88CB007F15405BA464FF000084FF0010908E0640808F1E7
:20014000010805F104050AF1280A3FF416AFE207F4D529683A698B6852691340DAB2DB071D
:2001600040F1DB81FB78C1F80890012B07D10A69DAF87C33C2F312029B1ACAF88C33DBF864
:2001800000305FFA88F138469847FB78012BD5D1B8F1000FD2D197F81131052BCED17B6DD8
:2001A000064A1A61064A5A611A684FF080221A60C4E700BF645600207C0C00201800086020
:2001C000305C00203C69BA69A368C3F34103022B136814BF0021032161F30A031360636847
:2001E00043F4807306A86360FBF726F9FA68079DD36823F47053D360A06810F0060FC0F335
:20020000410100F0AB81A249A2482944814240F2F081A148A5F57401A1F51051814240F2F4
:20022000EC819E499E4829448142C0F0EA819D48A5F18C71A1F54341814240F2E6819A4968
:200240009A4829448142C0F0E4819949994829448142C0F0E2819848A5F1B771A1F5585194
:200260008142C0F0E2819549954829448142C0F0D881944894492844884234BF0620052087
:200280004024012160F38D23D3604FF40053B970BC80536194E600238DF8133097F81231BC
:2002A0008DF81330894B8A485B6998473B69FA689868BB7A4FF400615161002B3FF46EAE22
:2002C000C2077FF56BAE97F81531012B7FF466AE9DF81330032B7FF461AED7F80C317D49E6
:2002E0001A6842F001021A601A6842F003021A600B6943F006030B6150E6D7E903E14A68F2
:20030000002522F001024A600595059A42F020020592059A65F38A120592059ACEF8102016
:200320006D4A2E46734618690590013A02D005988006F8D478789E46002860D0D7F854C0B8
:20034000BB69FF2201289A60CCF8082057D0FB699A60BB6D02289A6051D03B6A9A60FB6D50
:2003600003289A604BD07B6A9A603B6E04289A6045D0BB6A9A607B6E05289A603FD0FB6AD7
:200380009A60BB6E06289A6039D03B6B9A60FB6E07289A6033D07B6B9A603B6F08289A6020
:2003A0002DD0BB6B9A607B6F09289A6027D0D7F878C0FB6B0A289A60CCF808201FD03B6CF9
:2003C0009A60FB6F0B289A6019D07B6C9A60D7F880300C289A6012D0BB6C9A60D7F884308F
:2003E0000D289A600BD0FB6C9A60D7F888300E289A6004D0386D8260D7F88C0082600B2216
:2004000062F3070562F307064FF0FF328A614FF00112CA614D610E610A68304822F4FE62C4
:200420000A60F9787A6D0129106100F09080274B27481B694FF48052CEF814209847BCE56B
:20044000FB689A6922F010029A611A6AC2F34340022802F00F0100F08580062812D101EB3D
:20046000810107EBC101D7F8D050D1F88C03C2F30A1210442A68C7F8CC252A68C7F8D02552
:20048000C1F88C039A6942F010029A6192E500BF401E1BFF3F420F00DFC810002013FBFEB1
:2004A00020D61300FF69180000D3CEFE40771B00C05BB3FEC091210040AC2700C01D6AFEAC
:2004C00040E13300803C36FEE09C41007C0C00206456002000ED00E0410D030018000860FB
:2004E000BB7A3BB1D7F80C21136823F0030161F3070313603A694F4B4F489969536823F0D8
:20050000010353608847FB684FF000425A6140E5030707D508239360F4E5900707D502231C
:200520008B600BE6C6060DD510239360EAE513077FF504AEDBF80830384698472B680822D7
:200540009A60FBE543064CD540239360DAE53B49516111684FF08021116068E74FF400743C
:2005600009208FE647F6F07010428BD0C2F30A1201EB810007EBC00002F1030C5FEAAC0CA0
:20058000D0F88053D7F8D0E04FEA810818BF002006D00130DEF8006045F8046B8445F8D10D
:2005A000414407EBC101D1F880031044C1F88003D1F88C031044C1F88C0363E7BBF1000F2D
:2005C0007FF44AAD97F81131042B7FF445AD7B6D1B4A1A61194A5A611A684FF080221A6089
:2005E0003AE5860758BF81467FF536AD0223936088E5012140240E2044E6012140240D2004
:2006000040E6012140240C203CE6012140240B2038E6012140240A2034E601214024092098
:2006200030E60121402407202CE601214024082028E600BF7C0C002064560020305C00203C
:20064000180008602DE9F84390F85050002380F85030EDB10F4B1A68D2B11B68052B17D1EE
:200660000D4EDFF83880376800F13C044FF0010929462046F8F796F933682D1AA3EB0703AA
:2006800018BF88F80090322B044401D8002DEFD1BDE8F883B8250020CC130020841900103F
:2006A00010B40123846980F81E314FF48072A0F81C2122681449002AA8BFC2F380739B03D6
:2006C00001EA124143F020030B4363F31F42416D22604FF0010C002380F876C3A0F87433F2
:2006E0000B680A4A43F400130B600A61C378634506D100F2CC5048614FF080230A680B60E3
:200700005DF8044B704700BFDFBFFFFF180008608169042330B480F811310C680B6923F4F5
:20072000002323F07F0300224FF4807543F40023A0F81C51C0E94A22C0E94C220B6190F828
:2007400003C0436DBCF1010F25460AD0C4F3076464F07B0464F31F650B4A0D6030BC1A612B
:200760007047C4F3076464F07B0464F31F6500F2CC50054C4A610D604FF080221C61586164
:2007800019681A6030BC70471800086070B44B784E69012B21D00B788A6800EB83035C6DD1
:2007A00025682369BEB923F4002302F07F0242F4002223F07F0313432361C378012B04BF0B
:2007C0000B696361C5F3076363F07B0363F31F65256070BC70474A61E5E78469256823692F
:2007E00036B38A68B24236BF4A6106F07F0202F07F0223F4002323F07F0342F40022134323
:200800002361C378012B15D0C5F3076262F07B0262F31F652560002BDBD14B69002BD8D05C
:2008200002690878516B012383400B435363D0E73246DEE70A78096900EB8202C5F30763AD
:20084000926963F07B0363F31F655161256070BC704700BF022370B480F8113184694FF4E6
:200860008073A0F81C3100232568C0F83431C0E94E22C0E94A112369C0F830214AB1D0F85E
:200880002461B24286BFC0F8306106F07F0202F07F0223F4002323F07F0342F400221343EA
:2008A0002361C378012B11D0C5F3076262F07B0262F31F6525603BB9D0F8303123B10269C2
:2008C000536B43F00103536370BC7047C5F3076363F07B0363F31F6561612560F4E700BFDC
:2008E00030B50C0639D4282401EB810C00EBCC0C04FB010404F55D7E022B4FF000048CF8A0
:200900007413CCF87C238CF877338CF8754345D000EB81044FF0010C0CFA01FC646D0021BD
:200920006CF31F41256815F4004F11D1BEF806C042F0805242F4004242EA83420CF00F033A
:2009400042EA8352194B1340194A2A40134323600369DA691143D96130BD01F07F0101EBB2
:20096000810C00EBCC0C0124022B8CF81C11CCF824218CF81F31ACF822118CF81D4110D0AE
:20098000282404FB010404F58E7E012500EB81048D400021A46965F30F01C3E78CF8784320
:2009A000B6E700248CF82041EAE700BFFF87CC13007833EC2DE9F0474D780A784B6991F834
:2009C00003C0012D2CD000EB82028F68556DC7F312022C682E690BB33B44013BB3FBF7F3F8
:2009E000C3F3090707FB02F2C2F312023B464A6142EAC34262F31C062E61C378012B04BFE5
:200A00000B696B61BCF1010F3FD0C4F3076363F07B0363F31F642C60BDE8F0870123E7E765
:200A200000EB8208D8F818E0DEF80040DEF8106006F0604673BB46F40026CEF81060C57880
:200A4000012D5DD0BCF1010F42D10269926812F4807FC4F307620CBF62F05B0262F06B02A8
:200A600062F31F64CEF80040002DD5D198B203308010D8F8D040CFD0CA682B46013352F818
:200A8000041B21609842F9D1C6E74B7953B344F00054BAE7D1F808A01F4F0AEB030909F198
:200AA000FF39B9FBFAF907EAC947C3F3120947EA09073743BCF1010F3E4616D0CEF810705D
:200AC000C378012B23D0036995405A6B15435D63C4F3076363F07B0363F31F64CEF80040CD
:200AE000BDE8F08744F080548FE76CF35E76CEF81060C578012DA8D10A69CEF81420A4E717
:200B00000A69CEF81420BCF1010F9ED0E0E70B69CEF81430DCE700BF0000F81F0F4BDB68C2
:200B2000DB43C3F3022310B4C3F10404E4B2A1400F2444FA03F31A40094CC9B211432318A5
:200B40000901C9B283F800134209012300F01F00834044F822305DF8044B704700ED00E08B
:200B600000E100E02DE9F04F9B4685B0531EDBB29DF8384002934FF0000E9DF83C300394C4
:200B80000193F44601274FF00309924606E00CF1010CBCF1100F0EF1020E39D007FA0CF368
:200BA00033EA0102F3D1026809FA0EF822EA0802026002680AFA0EF51543029A0560444612
:200BC000012A0BFA0EF66FEA040410D8826814408460826816438660426822EA03034360EE
:200BE000039B426803FA0CF39BB213434360C36823EA0803C360019BC26803FA0EF30CF144
:200C0000010C1343BCF1100FC3600EF1020EC5D105B0BDE8F08F00BF10B40C4B0C4CA342ED
:200C200010D284460A46184602E01C30A04209D20388C3F30B039342F7D15DF8044B614638
:200C4000FAF78ABB5DF8044B704700BFFC20060830290608036A002BFCD1704700B54FF49F
:200C6000806083B0D2F728FF18B3134B90F904001B78124A003B18BF01230121DB00CDE9E3
:200C800000134FF4E1334FF48061FCF761FC0C4B0C49FF2208601A701A7483F8202083F8F3
:200CA000302083F8402083F8502083F8602083F8702003B05DF804FB54B50020590F040874
:200CC00040B2002068C4002080B300B583B040F255120023ADF80020AA228DF804308DF810
:200CE00002108DF80320EC460DF1040E1CF8012B082153405AB2002AB8BF52004FEA43037E
:200D0000B6BF82F03102DBB2D3B20139F2D1F445ECD14FF0AA0C052269468DF803308DF8AC
:200D200004C0CBF7FDF903B05DF804FB704700BFF0B5354F354D3E682D68354B354C364A53
:200D4000364937481B6824781278097890F82400AE4285B038DB334D01AEC5F89C3085F852
:200D6000A04085F8A10085F8A21085F8A3205320ECF77CFED5F89C407F2C07D964F07F002F
:200D8000C0B2E409ECF772FE7F2CF7D8E0B2ECF76DFE95F9A03095F8A000002B02DAECF7D2
:200DA00065FE0120ECF762FE95F8A11095F8A22095F8A33003933046CDE90112EDF700F8CE
:200DC00000233B6005B0F0BD164D8DF80A10D5F89C108DF80B208B428DF8084001938DF815
:200DE000090001AE05F19C0204D096E8030082E80300BCE7716853689942E3D096E803009F
:200E000082E80300B3E700BFECB90020F0B90020148E002098770020248E0020A78D002067
:200E2000C0250020C8F30020F8B540F2014444EA8004B9F7F3FA0B4F0B4E05463B7856F860
:200E40002300E3070AD5BAF745F8640805F1340507D0B9F7E3FA8542FBD8EFE7BAF74AF856
:200E6000F3E7F8BD10BB002044B3002030B50A4C0A4D2388082280EA030141F3000129406E
:200E8000013A81EA530312F0FF029BB24FEA5000F1D1238030BD00BF11BB002001A0FFFFE1
:200EA00038B50F4D04462868CBF71EF90028FAD02868CBF721F90B4920700B8841F2210409
:200EC00083EA002308201AB2002AB5BF84EA42025B0093B29BB20138F5D10B8038BD00BF13
:200EE000A8BA002090BC00202DE9F0411C4E32681A2A0DDC002A04460CDD1A4D2B4605EB67
:200F0000820001E0834207D053F8041BA142F9D1BDE8F081FCD1134D124802F101080023FF
:200F200009E0096891F914C0216891F914108C4507DB9845ECD050F8041B1F46013300294D
:200F4000EFD1D21B920005EB830005EB870103F029FE45F82740C6F80080BDE8F08100BF96
:200F6000D01B00105C1B00102DE9F04387B0D1E900940E46154607460D2200210DF10B00CC
:200F800003F02AFE24238DF808305D4B5B5D8DF80930B6F90A305A1C14BF3E232123A4EBAE
:200FA00009048DF80A30002D44D133898DF80C30FE2C36DDFF238DF80B30ADF80D404FF056
:200FC0000708A8F104030DF10B0212F8011B013B85EA0105F9D24B4609EB0401CA1A002A1D
:200FE00024DC8DF8045001253868CBF789F800287BD03868CBF788F83868424602A9CBF725
:2010000053F8386822464946CBF74EF838682A4601A9CBF749F83868CBF77CF807B0BDE8F7
:20102000F0838DF80B404FF00508CAE713F8012B5540D3E7012D3ED1A31DFF22FE2B8DF81E
:201040000C202FDD8DF80B20ADF812304FF00C08337B8DF80D3005223389ADF80E300DF13A
:201060000D010020ADF81040FBF7B4FB22464946FBF7B0FBA8F104028DF8040000230DF1CF
:201080000B0111F8015B013A83EA0503F9D24A4609EB0405A91A002909DC58408DF80500E4
:2010A0000225A1E78DF80B304FF00A08D0E712F8011B4B40EEE7022DB0D1337B8DF80B3015
:2010C00005223389ADF80C300DF10B010020ADF80E40FBF77FFB22464946FBF77BFB01253E
:2010E0008DF804004FF008087EE73868CBF700F808EB04032B4483427FF77BAF8EE700BF57
:20110000ECFB050852282DE9F84F0C4600F0658420DDA02800F067845FDC6E3883B2142BE4
:2011200058D8142856D8DFE810F08F0055005500550055005500550055005500550055006D
:201140005500550055005500550055005500F40029017E01013883B2372B3BD8372839D84C
:20116000DFE810F0550265026D028A025003380038003800380038003800380038003800A4
:201180003800380038003800380038003800380038003800380038003800380038003800CF
:2011A00038008A03380038003800A401380038003800E20138003800380038003800380042
:2011C00038003800380038003800380038003800380030020020BDE8F88FFE2822D006DC9F
:2011E000B82800F0DA83BD28F4D10120F3E743F20C039842EED10B68FE22591C21601A702D
:201200002268B54B501C0B212060117003CB2268106018889B7810815160937223680B3320
:201220002360E2E7AD4A02F11005216832F9023F481C20600B702168C3F30723481CAA4256
:2012400020600B70F1D1D0E7A54AA648138821680533A0FB0303DB08FF2B01F10105A8BFD4
:20126000FF23A14825600B70216883684D1C83F3100325600B7025689C49C3F307236E1C21
:2012800026602B704D7C9A4B1B881DB1C3F57F7303339BB207EE903A0B7CDFED965A9FED53
:2012A000966A06EE903A91F920302168B8EEE77A07EE903AF8EEE66AF8EEE77A66EEA56A67
:2012C00067EE867A4D1CE7EE267A2560FCEEE77A17EE903A9BB20B7021681B0A4D1C2560D8
:2012E0000B700368216803F30F03481C20600B702168C3F30723481C20600B70216813882C
:201300004A1C22600B7022681B0A511C216013706BE77A4B1F78023717F0FF073FF465AF0F
:20132000774EDFF8F8A1DFF8F891374440F6FA1815E0322D00F0F382A5F13C00C0B213281D
:2013400040F21E8323685A1C22601D7000232268BE4202F10101216013703FF446AF16F8CE
:20136000015B0A2DE5D1B9F800302268511C43452160157040F27583FF23E8E75F4B1F7862
:20138000033717F0FF073FF430AF5E4EDFF89481374427E0322D00F0E982A5F13C00C0B2DC
:2013A000132840F24F830022964613461046216801F1010CC4F800C00D7021684D1C256049
:2013C00081F800E021684D1C25600A702268511C216010702268BE4202F101012160137048
:2013E0003FF403AF16F8015B0A2D00F09C82502DD0D1454A9368126803EB83034FF6FF710E
:201400005B008A42A8BF0A468B42A8BF0B4622EAE27223EAE373D8B25FFA82FEC3F3072363
:20142000C2F30722C3E723683849394A0978581C20601970136822681B89511C216013707D
:201440002168274A481C1B0A20600B701388254920680533A1FB0313DB08FF2B224900F12A
:201460000105A8BFFF232560037020688B68451C83F31003256003702068C3F30723451CBF
:20148000256003700B68216803F30F03481C20600B702168C3F30723481C20600B7023689E
:2014A0001C49581C09782060197027E70A681A4B511C1B68216013702268190A501C206057
:2014C00011702268190C501C2060117022681B0E511C2160137088E690FB0508860D002092
:2014E00094760020CDCCCCCCF49F002038720020828E00200AD7233C0AD72341D01100106E
:20150000DCFB0508CCFB050848B50020A476002034720020A5760020C872002020B500206C
:2015200008B5002058B500200B680222591C21601A7023680622591C21601A7023680A21A1
:20154000581C206019702368012158182060197021689D484D1CB0F9003025600B702168AF
:20156000C3F307234D1C25600B702168B0F90230481C20600B702168C3F30723481C206012
:201580000B702368581C20601A7023685021581C2060197023688D49581C002220601A704D
:2015A0002268B1F90030501C206013702268C3F30723501C2060137022684B88511C216034
:2015C0001370A0E60B680122991821601A7023680522591C21601A7023680A22591C2160D1
:2015E0001A7023680022591C21601A702268784B501C19782060117022685978501C2060A2
:20160000117022689B78511C21601370EDE50B680022591C21601A70236801229918216074
:201620001A7023683022591C21601A70DDE5694A0B68106818600B6804330B60D5E50B68A9
:201640001A22591C21601A7023680622591C21601A7023680122991821601A7022685E4BFE
:20166000501C08212060117003CB236818605960236808332360B8E5584F0B68D7F8072054
:201680001A600B68DFF86CB1554DDFF86C81DFF86CE1DFF86CC10022591D21601A712368AC
:2016A000591C21601A7023680222591C21601A7023680122991821601A702268494B511C86
:2016C00021600921117003CB22681B781060516013722268444B02F10A0121600F215172C2
:2016E00007CB26683060B2601A889B78B2817160B3732368DBF8000003F110024FF0040A58
:20170000226083F80FA023681860D4F800A00AF1040323606968AA68EE682868CAF804009A
:20172000CAF80810CAF80C20CAF8106028696969AA69EE69CAF82060CAF81400CAF81810E0
:20174000CAF81C2023684FF0FE0903F12102226083F820902368BA7B591C21601A7022682C
:20176000B8F80030511C2160137022681B0A511C21601370BEF90A309CF802202168B3FA1B
:2017800083F35B09082A01F1010088BF43F0020320600B7023680022591C21601A70236818
:2017A000591C21601A7023681049581C20601A7023680A78591C21601A7023680C4A591C64
:2017C000127821601A7010E570B3002074B300206CB3002088FB050814F205082C240020A3
:2017E000517F0020B4F4050818F50508587600205976002028F50508281300102C73002019
:20180000CC1500209B4B0A6803CB106018889B789372994B10815160226803CB02F10B03FA
:201820002360C2F80B00C2F80F102168934A01F108031068236088609188927999809A71F9
:201840002368022203F108012160DA7123688C4A581C1021206002F114051970216832F842
:20186000023F481C20600B7021681B0A481C954220600B70F2D1B8E4824B83491A682068E2
:2018800052880532A1FB0252C2F3C702451C256002701A68206812880532A1FB0252C2F3F1
:2018A000C702451C256002701A68206892880532A1FB0212C2F3C702411C216002701A68AC
:2018C00021681289481C20600A702168120A481C20600A7022686D49551CC878256010708D
:2018E00022680979501C206011701A6852882168481C20600A702168120A481C20600A7029
:201900001A6821681288481C20600A702168120A481C20600A701B6822689B884EE6BAF8AB
:201920000030226822E55A4B5A4A197810689368212903D1D168584A9180D0804FF6FF718A
:2019400003EB83035B0088420246A8BF0A468B42A8BF0B4622EAE27223EAE3735FFA82FECE
:20196000D8B2C2F30722C3F3072320E5D8F80430D8F8002003EB83035B004FF6FF7140E57D
:20198000F4F71EFC00283FF4DDAC037822680A2B6ED9531C23601570D8E409683F4A481C4C
:2019A000136820600B702168481C2060180A08702168481C2060180C087021681B0E481C8B
:2019C00020600B7023681179581C20601970216893684A1C22600B706EE50B680022591C36
:2019E00021601A7001E409682D4A481CD2F8103A20600B702168481C2060180A087021680C
:201A0000481C2060180C087021681B0E481C20600B702168D2F8143A481C20600B702168AC
:201A2000481C2060180A08702168481C2060180C087021681B0E481C20600B702168D2F8BB
:201A4000183AC6E7F4F7BCFB00283FF4ACAC03780A2B3FF6A8ACD0E9013203EB83035B003E
:201A60008BE7094A0533A2FB0323C3F3C7036EE443887BE4D8F40508CCF40508C0F4050843
:201A8000EC6F050834720020CDCCCCCC1C730020850D002030B50020880D0020A8250020DF
:201AA0000070FF1F084A138823EA00008342108000D17047054B41F20241FF220E20198013
:201AC0009A70CCF779B800BF448F002004750020074A138818438342108000D17047054B49
:201AE00041F20241FF220E2019809A70CCF764B8448F00200475002070B53C4A3C4E147852
:201B000004EB4403650016F83330032B3FD8DFE803F040150C02254406EBC5056B68002B35
:201B200051D0013B6B60002070BD2B1906EBC3035A6862B1013A5A60002070BD2B19D90001
:201B400006EBC3035A68002AF4D102237354254406EBC5022749137B0968013BDBB2ED00EB
:201B600013734BBB244B906893F800C00134032304F003047355644501F1FF330344B3FB47
:201B8000F1F0506003D0994201D801385060012070BDC9F761FF0028F9D0164B25441A6899
:201BA000ED0001237119735502F51C530F330120B3FBF2F34B60EBE701F2E7330120B3FB0D
:201BC000F1F35360E4E70C4909788C42DFD0013404F0030081421070D9D000EB4004E40025
:201BE0003219022131555360A6E700BF990D00209C0D002038060020980D0020F8B5044649
:201C00000D468E180027B54200D1F8BDE3685A1CE260234415F8011B1972042AF3D194F98A
:201C2000100020B904F108012046BFF769FF2074E760E8E738B5DFED747A2DED068B91EDBF
:201C4000008A28EE278A0D46B0EE480A044601F0ADFA38EE408A9FED6D7ADFED6D6A9FED7C
:201C60006D6ADFED6D5A68EE087AE7EE876A9FED6B7AE7EE865AA7EEA67AFDEEC06A9FEDE0
:201C8000686A16EE903AF7EE006AA7EEA56ADA07E7EE876A28EE068AB0EE66AA05D5F1EEFD
:201CA000487AB0EE67AAB0EE668ADFED577AD5ED018A68EEA78A9B07B0EE680A44BFB1EE60
:201CC000488AB1EE4AAA01F071FA78EEC08A9FED4F7A9FED4F6ADFED4F6ADFED4F5A68EEA9
:201CE000A87AF7EE009AA7EE876AE7EEA65A9FED4B7ADFED4B6AA7EE867ABDEEC06AE7EED7
:201D0000A56A16EE103AD807E7EE879A68EEA68A05D5F1EE687AF0EE698AF0EE679AD5EDFE
:201D2000027A9FED397A27EE879A9907B0EE490A44BFF1EE688AF1EE699A01F037FA79EEE2
:201D4000407A9FED326A9FED327ADFED325A9FED325A67EEA76AA6EE867AA6EEA55A9FEDE0
:201D60002F6ADFED2F5AA6EE876ABDEEC07AE6EE855A17EE103AB7EE007ADA07A6EE867A75
:201D800067EEA57A05D5F1EE676AF0EE477AB0EE667A9B0744BFF1EE677AB1EE477A2AEE4B
:201DA000275A6AEE074A68EE076A28EE276AF0EE453AB0EE644AE6EEA83AA6EE684AE5EE13
:201DC000286AA4EEE86A29EEC88A29EE877A67EEE97AF0EE465AC4ED028AB0EE666A84EDBA
:201DE000058A6AEE296ABDEC068B84ED007AC4ED017AC4ED033A84ED044AC4ED065A84EDE9
:201E0000076AC4ED086A38BD83F9223F762FA7BC00D8813E4AD99E3DA04B25BFCEE99DBFDD
:201E20008E0FC93F2DE9F04705468CB008460C46BEF738FF002878D0504B94F806E0B3F974
:201E400000606779207994F803C0A37822882489002E00F0858002F0030101EB4101013B65
:201E600003EB81034649A2F5FA6231F81330920840F2B55101FB02330CF1FF3C9C44414B5B
:201E80000CEB4C0C83FB062300EBCC0033444FEAE678C8EB63183C4AC0EB001007EB8000A6
:201EA000C8EB08177244C0EB00104FF00009A6EB870702EB80023FB24FF47A7A20464946EC
:201EC000002FC2FB0A014FF000034FF47A72B8BF7F4200F087FA3C2306FB030092B24B46B9
:201EE000C0FB0A2309A8BEF74DFE09A8BEF7DAFE0FFA88F10029B8BF4942BFB289B2044668
:201F0000A0B3BDF824209DF826309DF827C09DF828809DF829009DF82AE0BDF82C4016F14C
:201F20003B0FB4BF2D262B2609E04FF0010C01460446864680466346024607462B26CDE9A3
:201F40000617CDE9020ECDE904461049CDF80480CDF800C02846BEF789FA0CB0BDE8F087F9
:201F600031468046384637462B26E8E74FF0010C8646804663460246D1E700BFE892002029
:201F8000A06D05088988888880436D389CFB050800B507EE102A07EE903A06EE901A9FED2D
:201FA0000D6AF8EEE66AB8EEC77AF8EEE77A85B066EE866A27EE067A67EE867A01A9CDED7F
:201FC000016A8DED027ACDED037AFFF733FE05B05DF804FB88C3E43A2DE9F041224C1546C0
:201FE0002268074652680E46002B2FD0236820465B6898470028F9D01C4B19681C4B1B687C
:20200000994201D3BDE8F08123681A4A5B6916489847194B00221A702B468DB1E288616A17
:202020003068B1FBF2F502FB1511521A824212D83260012322680C48956939463246A847C0
:2020400023680948DB69BDE8F0411847204690470028D1D1D6E7022BECD17168121A8A42AC
:2020600038BF7260E6E700BF7C13002070130020781300207D9400084C02002030B51F4C37
:202080002478012C33D0022C2AD14FEA022C88424CEA016C4CEA004C28BF08469042D4BF5B
:2020A0004CEA000C4CEA020C20251F2214490C8814496FF04040B1F800E0134903FB0503FC
:2020C00001EB8303012000FA02F111EA0C0F0CBF21467146013A43F8041F511CF3D130BDCA
:2020E00042EA014242EA002C18251722DEE742EA012242EA004C18251722D7E7F6C4002009
:202100007A1E0020781E0020585C0020634B984235D0B0F1804F3DD0614B984244D0614B2D
:20212000984221D0604B984249D0604B984251D05F4B984259D05F4B98426CD05E4B9842A0
:202140005ED05E4B984271D05D4B984279D05D4B984200F081805C4B984200F088805B4B30
:20216000984200F08F80704703F50C331A6A42F004021A621A6A22F004021A62704703F599
:202180009C335A6A42F001025A625A6A22F001025A6270474E4B1A6A42F001021A621A6A1D
:2021A00022F001021A62704703F50D331A6A42F002021A621A6A22F002021A62704703F5A4
:2021C0000B331A6A42F008021A621A6A22F008021A62704703F50A331A6A42F010021A6239
:2021E0001A6A22F010021A62704703F509331A6A42F020021A621A6A22F020021A62704791
:2022000003F578435A6A42F480325A625A6A22F480325A62704703F59A335A6A42F00202E5
:202220005A625A6A22F002025A62704703F574435A6A42F400325A625A6A22F400325A6236
:20224000704703F570435A6A42F480225A625A6A22F480225A62704703F508331A6A42F0EC
:2022600040021A621A6A22F040021A62704703F507331A6A42F080021A621A6A22F0800297
:202280001A62704703F506331A6A42F480721A621A6A22F480721A6265E700BF000001405E
:2022A0000004004000080040000C0040001000400014004000040140004001400044014057
:2022C0000048014000180040001C00400020004000380240800AA0F58010522806D8044B91
:2022E0001B5C0D2B02D8034AD056704700207047E4530508BCA9050800000000000000009E
:2023000001F0FF01102A2BDB10F0070F08D010F8013B013A8B422DD010F0070F42B3F6D183
:20232000F0B441EA012141EA014122F007047FF000070023F0E80256083C85EA010586EA30
:20234000010685FA47F5A3FA87F586FA47F6A5FA87F68EB9EED1F0BC01F0FF0102F007022B
:2023600032B110F8013B013A83EA010313B1F8D10020704701387047002D06BF354603388E
:20238000073815F0010F07D1013015F4807F02BF013015F4C03F0130F0BC0138704700BF52
:2023A000034613F8012B002AFBD1181A0138704753B94AB9002908BF00281CBF4FF0FF3114
:2023C0004FF0FF3000F00CB8ADF1080C6DE904CE02F096FCDDF804E0DDE9022304B070476E
:2023E000704700BF7BB972B90029BEBF00204FF0004106E008BF00281CBF6FF000414FF033
:20240000FF30FFF7EDBFADF1080C6DE904CE002909DB002B1ADB02F073FCDDF804E0DDE904
:20242000022304B07047404261EB4101002B1BDB02F066FCDDF804E0DDE9022304B04042AD
:2024400061EB4101524263EB43037047524263EB430302F055FCDDF804E0DDE9022304B04C
:20246000404261EB41017047524263EB430302F047FCDDF804E0DDE9022304B0524263EBFE
:20248000430370471C48016B41F480110163BFF34F8FBAF723F8BAF773FA002103E0174B65
:2024A0005B58435004311648164B42189A42F6D3154A02E0002342F8043B144B9A42F9D3FF
:2024C000134A02E0002342F8043B124B9A42F9D3114A03E05FF0A53342F8043B0F4B9A4208
:2024E000F8D30F48016841F470010160BBF724FE00F01AF87047FEE7003802409E2B060887
:2025000088010020F80C0020F80C002070F4002004000010A42B0010F0F70010F0FF00105D
:2025200088ED00E0FEE700002DE9804889B0BAF749FACBF769F9B6F7B7FABFF7ADFA18B9A6
:20254000F8F72EFFBFF742FCBFF706F90446CBF7EFF84CB1924B1B78B22B05D191499248EF
:202560000522BEF76BF918B1F8F71AFFBFF72EFC8E4C8F4D94F84D8648F0010384F84D361A
:20258000FAF74CF994F83E3685F88D30FAF7ACF901210220C9F790FCB7F7AAF994F8496619
:2025A000844B01205E43F9F7BBF8864206D031460120F9F7A5F872B6BAF796F994F84126C9
:2025C000032A16D87C4B03EB4203B3F8D0329BB1A82B0FD0C02B12D0D82B12D0F02B12D18B
:2025E0000321744A5343D5F8082193420BD00220DFE7A8230021F4E71946A823F1E70121EA
:20260000EFE70221EDE794F853368BB13920B8F7BFFB10B140F23E23C380684A936823F083
:20262000784343F0E04393600A210022B9F7D8FADFF89891B7F774F9614B0727A9F5CC7AEE
:202640004FF0740B013F24D1D4F8683602935D48DFF87C915B4E03F0400354223946039395
:2026600002F0BAFACA46BB461AF9011B317208460491D1F74BFB0028049943DB204490F811
:202680005636002B3ED190F85C06D8BBFF21317240E099F8002099F90000382A30D80AEB72
:2026A000000292F9D8621EB1013E76B20BFB0636D1F72CFB424B06B300281EDB204409F127
:2026C000180290F85C1690F8560609F11C0C29B192F800E08E4508BF86F8701028B192F8A1
:2026E00004E0864508BF86F8710001329445EED1B6F870200AB1C6F86C9009F13409A1E738
:202700000026D5E70846D1F7DDFA032802D1039B002BBBD00BF1010BBBF1070F06F10C06C5
:20272000A2D1029BDFF8ACB094F8C0A684F8C6A6C3F300368BF8D861E3F7BCF8DFED227ADE
:20274000AAF117030026022BCBED837ACBED807A8BF8D46042D8DFF880E00BF1D40AB4462E
:202760009EED007AB5EE407AF1EE10FA04D1002E4BD08BF8D4C048E09EE80F000CF1010C12
:202780005FFA8CFC0AF10406BCF1080F86E80F000EF1100E0AF1100A4FF00106E0D1E8E71A
:2027A00000400008DAFC050833240020F01D0020F80C002040420F00DC60050800380240D2
:2027C000180F00105C2400200000000074620508ED630508FC100010B8240020B74B03EBDA
:2027E000CA0393F818E3D3F81C330293BEF1080F28BF4FF0080E8BF8D4E033B10BF1D40AE0
:2028000076450AF1100AC0F21C81AD4E4FF0000E331D0FCB06F1840C8CE80F0096ED237AFD
:20282000B5EEC07AF1EE10FA0EF1010E44BFC6ED237AC6ED217ABEF1080F06F11006E7D198
:20284000E3F7F8F948F005089BF8D400CAF730FB84F84D86B4F84C87A4F84E87B8F1000F1E
:2028600040F0F980FAF71EF8964BC5F884384FF000084FF02E0A19F9013B02931846B8F7A0
:20288000AFFA064668B1029B1846D1F72FFA86F806A0F07101213046B8F7EAF93368B288BA
:2028A0005A8308F10108B8F1070FE4D194F86A67710700F188808449DFF818E2D1F804800C
:2028C000B8F1000F4DD091F9003091F8089003EB83020EEB02001EF8022090F801C0807861
:2028E0001B014A4504BF05EB030989F88C2991F80A90CC4504BF05EB030989F88DC991F8E5
:202900000C90484504BF05EB030989F88E0991F809904A4504BF05EB030989F88C29CA7ACD
:20292000944504BFEA1882F88DC94A7B904208BFEA182B4408BF82F88E0993F88C2982B10F
:2029400093F88D296AB193F88E2952B18A7B83F88F29CA7B83F890290022C3F8888983F8BC
:2029600094290137032F01F11401A7D1002394F8730784F86C372021FBF718FF94F88037DC
:20298000022B04D194F882072021FBF70FFF202194F88807FBF70AFF94F88F3794F88D0716
:2029A000002B0CBF20210121FBF700FF0020B9F71BF90120B9F718F946F004060220B9F7F5
:2029C00013F984F86A6794F86A3795F8C9091A075CBF43F0080384F86A3768B1B8F7D8F9E2
:2029E000C5F8C40908B13D23C38095F8CA39002B62D02021B8F73CF9DFF8DC9099F838349F
:202A0000002B6BD00320F8F78BFE032866D10123002184F89037F8F773FE002389F838345B
:202A2000F9F762FF95F88D38012B01D1BCF7CCF8B8F7C4FEB8F7FCF9002840F0B582B9F72A
:202A40006DFF029B03EB06130FCBAAF10C0C8CE80F000136D4E694F848A700222B215046E6
:202A6000CAF7DCF906465046B8F792F900283FF4FBAE002E3FF4F8AE2B23C4F86407C380E1
:202A8000F2790221B9F7ACF8A4F868870F4AB2FBF8F34FF00008C3F34F0100919BB20C4859
:202AA000CDF804803146BBF797FCD4F85037C3F8008084F86187D7E640219BE7DC60050836
:202AC000D011001046240020D464050840420F0040250020701600208801002094F890377E
:202AE000002B9DD1D5F8C4396BB11A689B881269134095F8CA29002A40F05282003B18BF24
:202B00000123002B8CD11B20B8F742F9002840F04D821C20B8F73CF908B12923C380F8F766
:202B200093FF95F8C839B94E012B0BBFB849B94901F12C00A1F11C00FAF7BEFD00210420B8
:202B4000F8F7DEFD00210520F8F7DAFD4FF0000A73680393002B48D096F900702C2303FB56
:202B600007581A460021404602F036F8AA4906227A438B188A5C049200215A7805920291BB
:202B80003246117A049881420AD1CDE90623B8F7FFF8069A079B517AC8F8080088F81010FE
:202BA000117E059881420AD1CDE90623B8F7F0F8069A079B517EC8F80C0088F811100299BC
:202BC00001310829029102F10202DAD12C2293485743C1198A6842B1CA6832B1039A4A607F
:202BE000C6519A789B888A748B820AF1010ABAF1030F06F12C06ABD10020B9F7D9F8012054
:202C0000B9F7D6F80220B9F7D3F8FBF7D5FBF9F7A3FEE9F7A9FE60B994F84A06012802D1CE
:202C20000221B6F709FDD4F8A83743F00103C4F8A83794F84D3694F8AC07784F43F00203F4
:202C400084F84D36E9F71EFEBEF79AF894F8AC07E9F718FEDBF83002C8F796FEE9F7F6FCD3
:202C6000DBF830326E4ADFED6F6AD4F8B447CBF83C3507EE903AB8EE677ADFED6B7AC9F80F
:202C8000B03467EE277A2046C2ED007AC6EE877A0A26C2ED017AE6F76DFD2046E5F7BAFF7A
:202CA000E2F7ECFEC9F7B8F9FAF744FB01210846C9F702F900210846C9F7FEF8002102201D
:202CC000C9F7FAF8594CD5F8E43633B19A881B6859690A4214BF5A831A83D7F8E03633B109
:202CE0009A881B6859690A4214BF5A831A831920B7F714FFD4F8B82712F400330CD0D4F84E
:202D0000C43723B119689B8809690B420BD1D4F8C837003B18BF012302F480321A4302D1CC
:202D20000120C9F745FA1920B7F7F8FE0020C9F73FFA013EC7D131463046C9F7BDF83146CD
:202D40000120C9F7B9F884F8CC67E2F741FBA4F8D06784F8D267E9F7B9F8D4F868562F0645
:202D600001D5EDF7D9FAF2F77BFFEE0304D5ECF787FC012384F8F8372D0101D5FDF76EFFFF
:202D8000F8F75AFE94F86A37D80707D4FCF7CAFF94F86A3743F0010384F86A37BBF7B8FE60
:202DA000EAF716FE94F8C036214D052B08BF4FF4C8734FF0000008BFA5F87838E9F712FC78
:202DC0001C4B93F8B6340D2B40F0F380012384F8F937E6F7E3FC94F8053803F0010384F874
:202DE0000438E6F71DFDE2F7EBF8ECF793FD4FF40030D0F761FE08B3037989F8BA340E4BD9
:202E0000C4F80838F4F789F818E000BF10650508C40500200C06002084250020F80C002009
:202E20003C16001000247449BD378635F01D0020FC10001088010020440600204FF40060A1
:202E4000D0F73AFE28B303235A2190F904000022CDE900314FF496534FF40061FAF778FB2D
:202E6000C4F80C08A8B10123A4F81038A4F81238A4F81438A4F81638A4F81838A4F81A388F
:202E8000A4F81C38A4F81E38504BC4F80838F4F744F84FF40050D0F70FFE98B194F85C38C2
:202EA00090F90400003B18BF0123DB0001930323009300224FF416534FF40051FAF748FB91
:202EC000C4F86008D4F8603823B1414BC4F80838F4F723F8D5F77CF9ECF7E4FD012384F863
:202EE0006438D3F705F94FF428720021394801F073FED3F7FFF9D4F868365A0501D5F3F742
:202F000023F9D4F8A83743F40073C4F8A837B8F755FCD5F87C381B6803B19847C9F75CF8FA
:202F2000D4F868361B062CD52B4B2C4A9A67B4F8902B9FED2B7A07EE902AF8EEE77AB4F8DE
:202F4000982B67EE877A03F12C05C3ED1F7A07EE902AF8EEE77A00225A629A6267EE877AC4
:202F6000D3E90901C3ED157A9A6443F8982F85E803005A60012384F80D3B40F20113A4F858
:202F8000883BB7F73FFFB6F76FFCCAF74FFC94F84D3663F07F0384F84D36D3F7ADFFFCE722
:202FA000B3FA83F35B09ACE5B9F7B0FC2923C380AFE50C4B00221A600023642284F8F93732
:202FC000A4F80028A4F8023803E700BF480600204C06002058260020F8280020FDF7653F58
:202FE0000000C842EC25002008B52DED048BB0EE608AB0EE409A00F0B3FEB4EE488AF1EE3C
:2030000010FAF0EE408A0BD6B5EE409AF1EE10FA17D1B5EE408AF1EE10FA06D1F7EE008A33
:20302000B0EE680ABDEC048B08BDB0EE480A00F023FB0028F4D0B5EEC08AF1EE10FAEFD5FF
:2030400025E000F019FB88B1F5EE408AF1EE10FAE6D1B0EE490A00F00FFB0028E0D0B0EE80
:20306000480A00F009FB0028DAD010E0B0EE490A00F002FB0028E7D0B0EE480A00F0FCFAB5
:203080000028E1D0F4EE688AF1EE10FA04D601F045FD22230360C3E701F040FD2123036066
:2030A000BEE700BF10EE103A194923F000428A421BD9B2F1FF4F02D330EE400A704700B553
:2030C00083B0684600F062F900F003000128DDED010A9DED000A13D002280BD098B90120E5
:2030E00000F00CF903B05DF804FBDFED0A0A002000F004B9012000F001F9B1EE400AF1E75B
:2031000000F07AF8EEE700F077F8B1EE400AE9E7D80F493F0000000010EE102AC2F3C753EA
:203120007F3B162B22F0004132DC002B104618DB1A4919410A422AD0DFED197A70EE277A5E
:20314000F5EEC07AF1EE10FA21DD002A04DD4FF4000242FA03F3184420EA010300EE103A47
:203160007047DFED0F7A70EE277AF5EEC07AF1EE10FA0CDD002A08DBDFED0A7A0029B7EE2A
:20318000000A08BFB0EE670A70479FED070A7047B1F1FF4FFBD330EE000A7047FFFF7F002A
:2031A000CAF24971000000000000008010EE103AC3F3C7527F3A162A194615DC002A0CDBA8
:2031C0000C481041184205D04FF4800313410B4423EA000300EE103A7047013203F000434A
:2031E000F8D143F07E53F5E7802AF3D130EE000A704700BFFFFF7F0010EE103A23F00043FF
:20320000B3F1485F2CD2FDEEC07A17EE903A002B60D060EE007A9FED317A9FED315ADFED34
:20322000315A9FED316ADFED316AA7EE875A9FED307AE7EE855AA7EEA56AA7EE867AE7EE07
:20324000876A67EEA66A60EEC00AB6EE007AE7EEA60AB7EE000AD7EE870A30EE600A704719
:2032600060EE007A9FED1D7A9FED1D5ADFED1D5A9FED1D6ADFED1D6A1E4AA7EE875A934204
:203280009FED1B7AE5EE275AA5EEA76AA6EE277AE7EE276A66EEA76AD5D9174A934214D845
:2032A00003F17F4307EE103AB7EE006A36EE476A60EEC00AF6EE005A97EEA57AE7EEA60AB6
:2032C00037EE607A36EE470A7047B6EE076AB5EE027AEDE7B7EE000A704700BF4ED747AD7D
:2032E000F6740F317CF293B4010DD037ABAA2A3D610BB6BA9999993E0000483F10EE103AEA
:2033000023F00043B3F1485F04D2FDEEC07A17EE903A5BB360EE007A9FED157ADFED155A16
:203320009FED156ADFED156AE7EE875A9FED147AA5EEA76A20EE275AE6EE276AA6EEA77A1A
:2033400030B9DFED106AE7EE876AA6EE850A704727EE457AF6EE006AA0EEA67ADFED0A6A8E
:20336000D7EE270AE5EE260A30EE600A704700BFD3C92E2F342FD7B21BEF3836010D50B9E2
:203380008988083CABAA2ABEABAA2A3E70B510EE103A884A23F00044944286B0054671D9A7
:2033A000854A94421E4624D823F00042002BDFED837A834922F00F02B0EE407A40F3E080E5
:2033C0008A4270EE677A09BF9FED7E7ADFED7E6ADFED7E6A77EEC77A37EEE67A77EEC77A5D
:2033E00080ED007A77EEE67AC0ED017A012006B070BD774A944252D9B4F1FF4F48D2E2152F
:20340000863AA4EBC25307EE903ABDEEE77ADFED716AB8EEC77A77EEC77A8DED037A67EEFD
:20342000A67ABDEEE77AB8EEC77A77EEC77A8DED047A67EEA67AF5EE407AF1EE10FACDED26
:20344000057A40F09880B5EE407AF1EE10FA0CBF01230223604901910221009103A8294642
:2034600000F060F9002EC2DA95ED007AD5ED017AB1EE477AF1EE677A85ED007AC5ED017AC7
:203480004042B4E7002285ED000A42600020AEE770EE407AC0ED017AC0ED007AF6E700F0E6
:2034A000DFF89FED4E7A9FED456AF6EE007AE0EE077A9FED457AFDEEE77A17EE900AF8EEDD
:2034C000E76A1F28A6EEC60A66EE877AB1EE666A20DC434A411E26F0004352F8212023F04D
:2034E000FF03934216D030EE677A30EE470A002E30EE670A85ED007A85ED010ABFF677AFA0
:20350000B1EE477AB1EE400A85ED007A85ED010A40426CE730EE677AE21517EE103AC3F329
:20352000C753C3EBD453082BDFDD9FED267A9FED275AF0EE405AE6EE075A70EE657AE6EEB6
:20354000077AD6EE857A35EEE77A17EE103AC3F3C753D21A192A10DD9FED227A9FED225A38
:20356000B0EE650AA6EE070A75EEC07AE6EE077AD6EE857AB7E703236CE7B0EE650AB4E725
:203580008A4270EE277A09BF9FED0E7ADFED0E6ADFED0E6A77EE877A37EEA67A77EEC77AAB
:2035A00080ED007A77EEA67AC0ED017A4FF0FF301DE700BFD80F493FE3CB1640800FC93F3C
:2035C000D00FC93F004435374344353708A3852E800F494300008043601C060884F9223FBD
:2035E000E01B060800A3852E32318D2400F044BF10EE103A184923F000428A421AD9B2F105
:20360000FF4F02D330EE400A704700B583B06846FFF7BCFE00F003000128DDED010A9DEDA7
:20362000000A10D0022809D090B9FFF7E5FD03B05DF804FBDFED090AFFF7DEBDFFF7DCFD36
:20364000B1EE400AF3E7FFF759FEB1EE400AEEE70120FFF753FEEAE7D80F493F00000000F4
:2036600010EE103A23F0004300EE103A704700BFB1EEC00A704700BF10EE103A23F0004084
:20368000B0F1FF4FACBF00200120704710B485B08DED010A019BC3F3C752A2F17F011E2995
:2036A00031DC16294FEAD37425DC1D4BDDED017A03EB840393ED007A77EE277ACDED037AE4
:2036C000DDED037A77EEC77A17EE903A33F000400DD0C3F3C7507F381FD4C3F3160343F471
:2036E0000003C0F1170023FA00F004B1404205B05DF8044B7047C3F3160343F40003963AD2
:2037000003FA02F0F1E7DDED017AFDEEE77A17EE900A05B05DF8044B70470020E5E700BFF7
:20372000781F06082DE9F04F2DED048BDBB01C46944603930A46CD4B68991CF1040F53F8B5
:203740002160824604F1FF38C0F24982BCF1030348BF0CF10403DB10029301334FEAC30EFB
:20376000ACEB0E030593029B16EB0800A3EB080316D401309FEDBE7A699C18441EA9002B98
:20378000A4BF54F8235007EE905A03F10103ACBFF8EEE77AF0EE477A8342E1EC017AEED113
:2037A000002EC0F2B182039B1EA901EB830446AD4FEA83094046F7180AEB8301B8F1000FA0
:2037C000DFEDAB7A09DBA3465346F3EC016A3BED017A8B42E6EE877AF7D10130B842E5EC3F
:2037E000017A04F10404E9D10DF1280B0BEB8603CDE9062E043B9FEDA09ADFED9E8A059867
:2038000004930AEB090446AF0BEB86090096CDF820C05AAB03EB8603002E13ED140A4FEA59
:20382000860515DD7B195A4660EE097AB0EE407AFDEEE77A73ED016AF8EEE77ABB42A7EEBE
:20384000E87A37EEA60ABDEEC77AA2EC017AEBD1019000F08FFFF4EE007AB0EE408A20EE9F
:20386000270A00F0BFFDF2EE007AA0EE678A01980028FDEEC89AF8EEE97A38EE678A6CDDDB
:2038800006F1FF3EC0F108035BF82E2042FA03FC0CFA03F3D21AC0F1070119EE903A4BF8A7
:2038A0002E200A416344002A09EE903A00F3F080B5EE408AF1EE10FA40F09D80009B9E425C
:2038C0000ADD5D44002355F8041D4D4543EA0103F9D1002B40F0F280009B013B5BF82330F8
:2038E000002B40F0E780049B012153F8042D0131002AFAD0731C31449C46029D039A05EB91
:20390000030E0EF1804E699D32440EF1FF3E07EB83061EAB05EB8E0E03EB8205DEED017A86
:20392000F8EEE77AB8F1000F0EF1040EE5EC017ADFED4F7A09DB2A465346F3EC016A32ED40
:20394000017AA342E6EE877AF7D10CF1010C6145E6EC017AE2DA0E465BE740F08F80731E4B
:203960005BF82320D211002AA2DD19EE903A002E03F1010309EE903A40F3D48159464FF007
:20398000000E51F8043B002B6AD0C3F5807341F8043C04E00B68C3F1FF0341F8043B0EF184
:2039A000010E7645F6DC01239E4600280ADD012878D0022806D1711E5BF8213003F03F0C71
:2039C0004BF821C0022A7FF473AFB7EE000A734630EE488A002B3FF46BAF0992019000F016
:2039E000C9FE38EE408A0198099AB5EE408AF1EE10FA3FF463AF9246DDE9062EDDF820C0B2
:203A00000196AEEB0C00B0EE480A009E009200F0B1FEDFED186AB4EEE60AF1EE10FADDE91C
:203A20000023F0EE407AC0F250819FED137A059920EE077A0831BDEEC77A0591B8EEC77A60
:203A40005C1CE7EE667ABDEEC77AFDEEE77A17EE901A4BF8231017EE103A4BF8243046E0D0
:203A60000EF1010EB6458CDB9E469EE7AC1F060800000000000080430000803BF6EE007AB8
:203A8000B4EEE78AF1EE10FA80F2988000220FE70133002E09EE903A3FF770AF00230128C4
:203AA0009E4686D1711E5BF8213003F07F0C4BF821C087E7731C9C4619461EE73346924662
:203AC000DDE905125C1EA1F108005BF82410009E059061B903F18043013B0BEB830301466B
:203AE00053F8040D013C08390028F9D0059105980092B7EE000A00F03DFE002C009AB0EEF8
:203B0000407AC0F20581601C46AD5FED256A81000BEB800305EB800073ED017AF8EEE77ADD
:203B20005B4567EE877A27EE267A60ED017AF3D10DF1C8080B1F46A8C718C646A44600256E
:203B40009146002E73DB844ADFED847A3846002301E0AB4208DCF2EC016AB0EC017A013393
:203B60009E42E6EE877AF4DA0CF1FF3CBCF1FF3FEEEC017A05F10105A7F10407E1D1689BF6
:203B8000022B4A4656DC002B2EDC0ED1DFED737A414431ED017A414577EE877AF9D15346FC
:203BA000002B40F0AE80C2ED007A19EE903A03F007005BB0BDEC048BBDE8F08F19EE903A50
:203BC000002E03F1010309EE903AC8BF02223FF7D5AEF7EE007A37EEC88A022268E600232F
:203BE0004FF0080E0293BBE59FED5C7A414471ED017A414537EE277AF9D1DDED327A534656
:203C000077EEC77A002B75D182ED007A64B133A90123B1EC017A01339C4277EE877AF8DA2D
:203C200053460BB1F1EE677AC2ED017ABDE7DFED4B7A99E7689B032BB7D1002C7ED008EB6A
:203C4000840595ED007AA0002B46294671ED017AF0EE476A37EE277A414577EEC77A81ED97
:203C6000007A77EEA67AC1ED017AEFD1012C65D095ED007A08F1040173ED017AF0EE476A96
:203C800037EE277A994277EEC77A83ED007A77EEA67AC3ED017AEFD1031DDFED307A434466
:203CA00008F1080833ED017A984577EE877AF9D15346DDED326A9DED337A73B9C2ED006AD8
:203CC00082ED017AC2ED027A6FE7FDEEC07A1C4617EE901A4BF8231009E7F1EE666AB1EE8F
:203CE000477AF1EE677AC2ED006A82ED017AC2ED027A5AE7B1EE477A82ED007A002C86D108
:203D000090E7F1EE677A4EE7039B4FEA83096BE5689B022B0EDC002B13DC7FF446AFDFED1C
:203D20000F7A3CE7022A7FF4C3ADF7EE007A37EEC88ABDE5689B032B7FF437AFDFED077A79
:203D4000B6E75346DDED327A13B9002313606BE74FF00043136065E7801F06080000000015
:203D60002DE9F0432DED028B83B0CDED010A8DED000ADDE9004535F0004610D184F4800484
:203D8000640014F5000F1BD9DDED007A9DED017A37EE870A03B0BDEC028BBDE8F08324F09F
:203DA0000047B7F1FF4F02D8B6F1FF4F0FD9B4F17E5FE9D185F480056D0015F5000FE3D894
:203DC000B7EE000A03B0BDEC028BBDE8F083002CB84616DBB6F1FF4F00F0F780B6F17E5F38
:203DE00000F02681B5F1804F00F04681B5F17C5F40F0388103B0BDEC028BBDE8F043FFF7DF
:203E000037BCB6F1974F80F0F080B6F17E5F80F01981B5F1804F00F02F81B5F17C5F40F0EE
:203E20002181FFF71DFCB7F1FF4FB3D04FF00009002F00F0F280B7F17E5F00F0E580E20FB4
:203E4000013A59EA020300F02181B6F19A4F40F24581924B9F4240F23E82914B9F4200F266
:203E60004782F7EE007A30EE670A9FED8E6ADFED8E5AF5EE007AA0EE676AF6EE006AE6EE75
:203E8000406A20EE007ADFED897A9FED896A27EE267A67EEC77AE0EE257AF0EE676AE0EE6D
:203EA000066A16EE903A6FF30B0306EE903AB0EE667AA0EE467A77EEC77A6FF30B0507EEBD
:203EC000105A9DED016ADDED015A36EE476A67EEA57A26EE877AE6EE267A09F1FF3959EA17
:203EE0000209BFEE008A77EE876AB7EE006A16EE903A18BFB0EE468A002B23F0004240F355
:203F0000B981B2F1864F00F2388200F01C82B2F17C5F00F20082002210466FF30B0305EEE8
:203F2000903A75EEC76A9FED637A9FED633A9FED632ADFED633A9FED634ADFED634A9FEDD1
:203F4000635A77EEE67A25EE877ADFED616AA7EEA67AF0EE002AF0EE476AE5EE836AB7EE83
:203F6000000A26EEA66AF0EE667AE6EE023AE5EEC37AF0EE445AE3EE865A77EE677AB0EE24
:203F8000647AA5EE867AF0EE455AE7EE065AB0EE667AA5EEC67AE6EEA77A66EE875A37EE5E
:203FA000626A85EE867A77EE677A77EEE67A30EE670A10EE103A1344B3F5000FC0F295810A
:203FC00000EE103A20EE080AE4E6B7F17E5F3FF4F7AE32D99FED3F0ADDED017A002DB8BF99
:203FE000F0EE407AB0EE670AD4E6B6F1FF4FECD04FF002099DED000AFFF732FBB7F1FF4FB8
:2040000002D0002F7FF417AF002DBCBFF7EE007A87EE800A002CBFF6BDAEA7F17E5757EA66
:20402000090740F0208170EE407A87EEA70AB1E6002D1ADB9DED000AACE6002D21DB9FEDCD
:20404000250AA7E6F315C3F1960346FA03F202FA03F3B34200F0FA80B6F17E5FE8D0B5F1E7
:20406000804F09D04FF00009C4E79DED007AF7EE007A87EE870A8DE6DDED007A27EEA70ABF
:2040800088E6DDED017AB1EE670A83E6DDED007A77EEE77A87EEA70A7CE600BFF3FF7F3FF3
:2040A0000700803FABAAAA3E70A5EC363BAAB83F00AAB83F8CBEBF350072313F4CBB3133BE
:2040C0000EEADDB555B38A38610B36BBABAA2A3E1872313F000000000000804B14F0FF4F5B
:2040E00040F0F7805FED047A60EE277A6FF0170317EE908AA9484FEAE851C8F316087F39D4
:204100008045194448F07E5340F3DB80A448804540F3F8809FEDA35A0131F0EE453AA3F5DA
:204120000003F7EE005A002006EE103A76EE257AB7EE007A87EE270A5B1043F0005303F52E
:204140008023034476EE656A07EE901A26EE803AB8EEE77A13EE101A07EE903A924BDFED3B
:20416000930A9FED938A9FED931ADFED932ADFED931A9FED932A77EEE55A194004EE901ADC
:2041800036EE656A63EE035AE4EEE76AF0EE607AE5EE887AE4EEC66AA7EEA51A66EE806A3A
:2041A000E1EE252A73EE247AE2EEA51A25EEA58AA1EEA52A67EEA67AB0EE084AB0EE446A02
:2041C000E8EE027AA4EEA46ADFED7E0A9FED7E1ADFED7E2A36EE276A16EE101A194006EED1
:2041E000101A76EE445AE4EEE45A77EEE57A67EE837AE6EE867AF0EE675AE4EE865A15EE45
:20420000901A194005EE901AF0EE656AE4EEC66A77EEE67A67EEA07AE5EE817A77EEA37ACB
:20422000F0EE676AE5EEA26A76EE856A76EE876A16EE901A194006EE901A36EEC77A37EE19
:20424000457AA5EEE27A77EEC77A36E6B6F17E5F3FF4EEAEB5F1804F3FF40EAF02F0010241
:20426000C2F10209C6E6B9F1010F7FF493ADB1EE400A8FE556498A4200F287807FF447AE3E
:2042800076EEC76AF4EEE76AF1EE10FA7DDA03F50043504AC3F3C7517F39C3F316000A41A4
:2042A00040F40000C1F117011A400841404206EE902A37EE667AC20577EE876A16EE903A3D
:2042C0002BE69FED385AF7EE005AF0EE453A00202AE700230EE7002D0CDB002003B0BDEC3A
:2042E000028BBDE8F04300F0D5BA00F043FA69E6002DF2DD002003B0BDEC028BBDE8F04381
:2043000000F0CEBA9FED345ADFED343AF7EE085A4FF4001008E7D2157E3A4FF40001114113
:2043200019442C4AC1F3C7547F3CC1F31600224140F40000C4F11704002B40FA04F002EAAA
:204340000102B4DAB2E79FED266A76EEC76A37EE866AB4EEE66AF1EE10FA0EDC03F500436D
:204360001C4AD9157F39C3F316000A4140F40000C1F117011A40084199E7B5EEC08AF1EE2D
:2043800010FA4CBF01200020B5E7B5EEC08AF1EE10FA4CBF01200020A0E700BF71C41C0072
:2043A000D6B35D000000000000F0FFFF55326C3E42F1533E05A38B3EABAAAA3EB76DDB3E49
:2043C0009A99193F4F38763FA0C39D360038763F00001643000080FF00C0153FDCCFD13556
:2043E0003CAA383310EE102AC2F3C7537F3B162B22F0004129DC002B104618DB1A491941E1
:204400000A4221D0DFED197A70EE277AF5EEC07AF1EE10FA18DD002A04DA4FF4000242FA7D
:2044200003F3184420EA010300EE103A7047DFED0F7A70EE277AF5EEC07AF1EE10FA03DDF3
:20444000002A08DB9FED0A0A7047B1F1FF4FFBD330EE000A7047DFED077A0029BFEE000A2E
:2044600008BFB0EE670A7047FFFF7F00CAF24971000000000000008010B582B0CDED010A80
:20448000019B23F00042B2F1FF4FF0EE407A30D810EE100A20F00041B1F1FF4F29D8B3F19C
:2044A0007E5F42D09C1704F0020444EAD07431B37AB3B2F1FF4F40D0B1F1FF4F29D0891A50
:2044C000B1F1F45F4FEAE15234DA002B42DA3C3240DA9FED340A012C4ED0022C43D064B133
:2044E0009FED317ADFED317A30EE070A30EE670A03E09DED017A37EE270A02B010BD022C65
:2045000010D09FED2B7A032C08BFB0EE470A02B010BD9FED280ADFED287A0028A8BFB0EECD
:20452000670AEAE79FED210AE7E702B0BDE8104000F04AB89FED200ACDE7B1F1FF4F04F1CC
:20454000FF3420D0022C26D81C4B03EB840393ED000AD2E79DED017A87EE870AFFF780F874
:2045600000F032F8B7E79FED107ADFED107A30EE070A37EEC00AC0E710EE103A03F10043D3
:2045800000EE103AB9E7022C08D80D4B03EB840393ED000AB1E79FED030AAEE79FED090A79
:2045A000ABE700BF000000002EBDBB33DB0F4940DB0F49C0DB0FC9BFDB0FC93FB81F060822
:2045C000C41F0608DB0F493F38B510EE105A25F00044B4F1A14FF0EE407A0DD3B4F1FF4FCA
:2045E0005BD8DFED517A9FED517A002DCCBFB0EE470AB0EE670A38BD4D4B9C425CD8B4F1A0
:20460000445F4DD34FF0FF3327EEA76A9FED495A9FED497ADFED495ADFED494A66EE066A30
:204620005A1CA6EE857AE6EEA54A9FED465ADFED465AA7EE265AE4EEA65A9FED447ADFED19
:20464000444AA5EE267AE5EEA64A9FED425ADFED425AA7EE265A9FED417AA4EEA67AE5EE65
:20466000265A27EE267AA5EE867A27EE877A38D03B493C4A01EB8301D1ED006A37EE667AAD
:2046800002EB8303D3ED006A37EE677A002D36EEC70AB0DAB1EE400A38BD30EE000A38BDD0
:2046A0009FED317A30EE077AF7EE006AB4EEE67AF1EE10FAA6DD38BDFEF7D2FF2B4B9C4258
:2046C00012D8A3F5D0039C4223D8F0EE007ABFEE007AA0EE277A002330EE270AC7EE007A5D
:2046E00092E737EEC70A38BD214B9C420BD8F7EE087AB7EE007AA0EE277A022330EE670AC0
:20470000C0EE077A80E7BFEE007AC7EE007A03237AE7F7EE007A30EE677A30EE270A012355
:20472000C7EE007A70E700BFDB0FC9BFDB0FC93FFFFFDF3ED769853C59DA4B3D21A215BD64
:204740006BF16EBD356B883D95879DBD6E2EBA3D388EE3BD2549123EABAAAA3ECDCC4CBE60
:20476000D01F0608E01F0608CAF24971FFFF973FFFFF1B4010EE103A33F000411A4627D089
:20478000B1F1FF4F21D213F0FF4F22D1DFED2B7A2B4A60EE277A904217EE903A33DB4CF230
:2047A000503CC3F3C75160451A46A1F1190116DDDFED247ADFED246A002BB0EE677AB8BF16
:2047C000F0EE667A27EE870A704730EE000A704770474CF2503C60454FEAD151E8DC014455
:2047E000FE29E5DC002915DC11F1160F19DB193122F0FF4242EAC15207EE902A9FED130A68
:2048000027EE800A7047DFED127A07EE103A27EE270A704722F0FF4242EAC15300EE103AE3
:204820007047DFED0B7ADFED0B6A002BB0EE677AB8BFF0EE667A27EE870A70470000004CA7
:20484000B03CFFFFCAF24971CAF249F1000000336042A20D6042A28D10B52DED028BB0EEA3
:20486000408A044600F05AF9B0EE480ABDEC028B046010BD30B1F1EE407A27EE800A22202F
:20488000FFF7EABFF0EE407A27EE800A2220FFF7E3BF00BF9FED010AFFF7ECBF0000001061
:2048A0009FED010AFFF7E6BF000000702DE9F04F85B09046434A029089461E460D462B46E0
:2048C00015F8014B175D17F00807F8D12D2C10D12C7801279D1C36F0100315D1302C0DD114
:2048E0002B7803F0DF03582B08D16C78023510260AE02B2C04BF2C789D1CECE7002EF6D16A
:20490000302C14BF0A26082607F1004A07F1FF3B0AF1FF3AF3173246584651460393FDF721
:2049200047FD019200228E46844611461046A4F13003092B05D9A4F14103192B1ED8A4F1B1
:2049400037039E4224DD541C15D084457EEB01021BD38E4508BF844502D1019A9A4214DB28
:20496000039A714300FB0211A6FB00020A44181842EBE371012215F8014BD8E7A4F1610302
:20498000192B05D8A4F15703DBE74FF0FF32F2E7531C0AD1029A2223136058465146B8F180
:2049A000000F0AD105B0BDE8F08F17B1404261EB4101B8F1000FF5D00AB105F1FF39C8F836
:2049C0000090EFE7F11F060813460A46014602480068FFF76BBF00BFA80C00202DE9F74FA2
:2049E0009146484A01908A461E460D462B4615F8014B175D17F00807F8D12D2C10D12C783B
:204A000001279D1C36F0100315D1302C0DD12B7803F0DF03582B08D16C78023510260AE04D
:204A20002B2C04BF2C789D1CECE7002EF6D1302C14BF0A2608264FEAE67B32465B464FF0B8
:204A4000FF304FF0FF31FDF7B3FC3246009088465B464FF0FF304FF0FF31FDF7A9FC002305
:204A600018461946A4F1300CBCF1090F1ED86446A6422CDDB3F1FF3F15D0009B834278EBC8
:204A8000010321D3009B884508BF834201D1A2421ADB714300FB0B11A6FB0003194420187B
:204AA00041EBE471012315F8014BDBE7A4F1410CBCF1190F01D8373CDAE7A4F1610CBCF1C3
:204AC000190F04D8573CD3E74FF0FF33EBE75A1C0AD1019922220A6018461946B9F1000F33
:204AE0000AD103B0BDE8F08F17B1404261EB4101B9F1000FF5D00BB105F1FF3AC9F800A062
:204B0000EFE700BFF11F060813460A46014602480068FFF763BF00BFA80C0020014B1868C9
:204B2000704700BFA80C00200A44914200F1FF3300D1704710B511F8014B03F8014F914227
:204B4000F9D110BD02460023006800F000B8F0B5044608B9146844B1204614F8015B0F46FF
:204B600017F8016B1EB965B91560002005E0B542F6D1002BF0D114600370F0BD1C460CE0BF
:204B80001DB9274614F8013B0E4616F8015BAB42F6D1002BF2D000233B701460EDE70123F1
:204BA000FFF7D5BF884210B501EB020402D98442234607D8431EA14208D011F8012B03F8B5
:204BC000012FF8E7024401468A4200D110BD13F8014D02F8014DF7E702440346934200D11B
:204BE000704703F8011BF9E710B50246147813460132002CFAD1013B11F8012B03F8012F4F
:204C0000002AF9D110BDC9B20346184613F8012B12B18A42F9D17047002918BF0020704793
:204C200070B503461E4613F8014B44B14A1E01E0A54204D012F8015F002DF9D1F2E7301ACE
:204C400070BD034611F8012B03F8012B002AF9D1704710B56AB10139841810F8012B11F8E4
:204C6000013F9A4203D1A04201D0002AF5D1D01A10BD1046FCE710B50139034632B111F87D
:204C8000014F03F8014B013A002CF7D11A440021934200D110BD03F8011BF9E710B5024658
:204CA00001448A42134603D01C780132002CF8D1181A10BD0A7870B56AB970BD9A4209D14F
:204CC0000C46054614F8013F002BF6D015F8016F9E42F7D001300378002BEFD11846ECE70E
:204CE00010B501390244904201D1002005E0037811F8014FA34201D0181B10BD0130F2E732
:204D00002DE9F047089D0E4604460F46002B4AD194468C45B2FA82F260D942B1C2F120039B
:204D2000974020FA03F30CFA02FC1F4394404FEA1C4E1FFA8CF6B7FBFEF1230C0EFB1177B3
:204D400043EA074301FB06F098420AD91CEB030301F1FF3780F01581984240F21281023918
:204D600063441B1AA4B2B3FBFEF00EFB103344EA034400FB06F6A6420AD91CEB040400F1E2
:204D8000FF3380F00081A64240F2FD806444023840EA0140A41B00211DB1D4400023C5E979
:204DA0000043BDE8F0878B4205D90DB1C5E9000100210846F5E7B3FA83F1002946D1B342DB
:204DC00002D3824200F2F580841A66EB030201201746002DE5D0C5E90047E2E7002A40F067
:204DE0009380A1EB0C034FEA1C471FFA8CFE0121B3FBF7F607FB1630230C43EA00430EFB19
:204E000006F0984208D91CEB030306F1FF3802D2984200F2D08046461B1AA4B2B3FBF7F00A
:204E200007FB103344EA03440EFB00FEA64508D91CEB040400F1FF3302D2A64500F2B680CC
:204E40001846A4EB0E0440EA0640A5E7C1F120078B4022FA07FC4CEA030C06FA01FE20FA36
:204E600007F426FA07F344EA0E0400FA01F84FEA1C404FEA1449B3FBF0FE1FFA8CF600FB8D
:204E80001E3349EA03430EFB06F9994502FA01F20BD91CEB03030EF1FF3A80F085809945F7
:204EA00040F28280AEF1020E6344A3EB0909A4B2B9FBF0F300FB139944EA094403FB06F6BF
:204EC000A64208D91CEB040403F1FF3068D2A64266D9023B644443EA0E40A41BA0FB02E6D4
:204EE000B4427346B14652D34FD05DB1B8EB030264EB090404FA07F722FA01F31F43CC403C
:204F0000C5E9007400214CE7C2F1200120FA01F30CFA02FC26FA01F1964033434FEA1C473B
:204F20001FFA8CFEB1FBF7F007FB1016190C41EA064100FB0EF68E4204FA02F408D91CEBD1
:204F4000010100F1FF382DD28E422BD902386144891B9BB2B1FBF7F607FB161143EA014351
:204F600006FB0EF1994208D91CEB030306F1FF3814D2994212D9023E63445B1A46EA0041C1
:204F800036E73946EDE6184602E7F045ADD2BEEB020366EB0C060138B146A6E74646ECE77A
:204FA000034698E74046D3E7D6467EE76444023847E708460DE7023E63442DE7430803F0DD
:204FC0005533C01A830803F0333300F03330184400EB101000F00F3000EB002000EB00406C
:204FE000000E7047000001400000000000260000A06402400000000006210000286402404A
:205000000000000C06230000586402400000000C000001400400000000260000A0640240A0
:205020000000000006220000406402400000000C0000000000000000000000000000014015
:205040000800000000260000A06402400000000006260000A06402400000000C000000005E
:205060000000000000000000000001400C00000006240000706402400000000C0000000097
:205080000000000000000000000000000000000000000000000000400000000003150000B8
:2050A0008860024000000006000000000000000000000000000000000000000000000000C0
:2050C000000000400400000003160000A0600240000000060000000000000000000000002B
:2050E000000000000000000000000000000000400800000003110000286002400000000684
:20510000000000000000000000000000000000000000000000000000000000400C00000043
:2051200003170000B86002400000000603160000A060024000000006000000000000000094
:2051400000000000000400400000000005140000706002400000000A0000000000000000D6
:205160000000000000000000000000000000000000040040040000000515000088600240A3
:205180000000000A00000000000000000000000000000000000000000000000000040040C1
:2051A0000800000005170000B86002400000000A0000000000000000000000000000000067
:2051C0000000000000000000000400400C00000005120000406002400000000A000000007C
:2051E000000000000000000000000000000000000000000000080040000000000210000055
:205200001060024000000004000000000000000000000000000000000000000000000000D8
:2052200000080040040000000213000058600240000000040000000000000000000000000F
:20524000000000000000000000000000000800400800000002170000B86002400000000487
:20526000000000000000000000000000000000000000000000000000000C004000000000E2
:2052800006120000406002400000000C000000000000000000000000000000000000000008
:2052A00000000000000C00400400000006140000706002400000000C000000000000000066
:2052C00000000000000000000000000000000000000C0040080000000610000010600240B2
:2052E0000000000C000000000000000000000000000000000000000000000000000C004056
:205300000C00000006110000286002400000000C06130000586002400000000C0000000075
:205320000000000000000000000401400000000000220000406402400000000007220000F7
:20534000406402400000000E000000000000000000000000000401400400000000220000EE
:20536000406402400000000007230000586402400000000E00000000000000000000000011
:20538000000401400800000000220000406402400000000007240000706402400000000E69
:2053A000000000000000000000000000000401400C00000007270000B86402400000000E02
:2053C000000000000000000000000000000000000000000000000000FFFFFFFFFFFFFFFFD5
:2053E000FFFFFFFF0102030405060B0C0DFEFEFEFEFEFEFEFEFEFEFEFEFEFEFEFEFEFEFE9E
:20540000FEFEFEFEFEFEFEFEFEFEFEFEFEFEFEFEFEFEFEFEFEFEFEFEFEFEFEFEFEFEFEFECC
:20542000FEFEFEFE0007FEFEFEFEFEFEFEFEFEFEFEFEFEFE08090A00600600203037002061
:205440000200000001000000A19200085C0600200000000001000000010000007D92000873
:205460005806002000000000010000000100000000000000000000000000000000000000AC
:2054800001000000000000008081828384850000000000401000000188600240000000067B
:2054A000B860024000000006080000000000004011040001A060024000000006B86002408C
:2054C000000000060800000000000040120800012860024000000006B86002400000000633
:2054E0000800000000000040130C0001B860024000000006B860024000000006080000007C
:2055000000000040150000018860024000000006B86002400000000608000000000001405C
:2055200017000201A064024000000000886402400000000C0E000000000001401800000169
:20554000A064024000000000886402400000000C0E0000000000014019040001A064024018
:2055600000000000886402400000000C0E000000000001401A080001A06402400000000039
:20558000886402400000000C0E000000000001401B000201A06402400000000088640240F0
:2055A0000000000C0E000000000000401F0000018860024000000006B860024000000006E1
:2055C00008000000000C004010000002406002400000000C106002400000000C01000000B8
:2055E000000C004011040002706002400000000C106002400000000C01000000000C00401F
:2056000012080002106002400000000C106002400000000C01000000000C0040130C000284
:20562000286002400000000C106002400000000C0100000000040040160000027060024067
:205640000000000A406002400000000A030000000004004017040002886002400000000ABC
:20566000406002400000000A030000000040014012000003000000000000000000000000A5
:2056800000000000000000000040014013040003000000000000000000000000000000006F
:2056A0000000000000040140150002034064024000000000286402400000000E0A000000BF
:2056C00000040140170002034064024000000000286402400000000E0A000000001C004041
:2056E00016000009000000000000000000000000000000000000000000200040170000090B
:2057000000000000000000000000000000000000000000000000014020040201A0640240DB
:2057200000000000886402400000000C0E0000000000014021080201A0640240000000006E
:20574000886402400000000C0E0000000000004023040001A060024000000006B8600240F7
:205760000000000608000000000000402A0800012860024000000006B86002400000000678
:2057800008000000000000402B0C0001B860024000000006B86002400000000608000000C1
:2057A000000001402D000201A064024000000000886402400000000C0E00000000000140A9
:2057C0002E040201A064024000000000886402400000000C0E000000000001402F0802018B
:2057E000A064024000000000886402400000000C0E0000000004004020080002B860024053
:205800000000000A406002400000000A0300000000040040210C0002406002400000000A30
:20582000406002400000000A030000000004004024000002706002400000000A4060024011
:205840000000000A030000000004004025040002886002400000000A406002400000000AAC
:205860000300000000080040260000021060024000000004A06002400000000407000000B2
:2058800000080040270400025860024000000004A060024000000004070000000008004000
:2058A00028080002B860024000000004A0600240000000040700000000080040290C00028C
:2058C0000000000000000000A0600240000000040700000000040140200402034064024027
:2058E00000000000286402400000000E0A0000000004014021080203406402400000000069
:20590000286402400000000E0A0000000044014028000003000000000000000000000000F1
:205920000000000000000000004801402900000300000000000000000000000000000000B2
:2059400000000000000401402E0402034064024000000000286402400000000E0A000000FF
:20596000000401402F0802034064024000000000286402400000000E0A0000000018004082
:205980002E0000090000000000000000000000000000000000000000001800402F0400093C
:2059A000000000000000000000000000000000000000000000040040360000027060024059
:2059C0000000000A406002400000000A030000000004004037040002886002400000000A19
:2059E000406002400000000A030000000004004038080002B86002400000000A40600240EC
:205A00000000000A0300000000040040390C0002406002400000000A406002400000000A16
:205A20000300000000040140360000034064024000000000286402400000000E0A00000019
:205A400000040140370400034064024000000000286402400000000E0A00000000040140B2
:205A6000380800034064024000000000286402400000000E0A00000000040140390C00038A
:205A8000B86402400000000E286402400000000E0A000000000800404C000002106002406C
:205AA00000000004A06002400000000407000000000800404D0400025860024000000004FC
:205AC000A06002400000000407000000000800404E080002B860024000000004A060024039
:205AE0000000000407000000000800404F0C00020000000000000000A060024000000004B0
:205B0000070000000000014058000201A064024000000000886402400000000C0E00000054
:205B20000000014059000001A064024000000000886402400000000C0E00000000000140FB
:205B40005A040201A064024000000000886402400000000C0E000000000001405B040001B5
:205B6000A064024000000000886402400000000C0E000000000001405C080201A0640240A9
:205B800000000000886402400000000C0E000000000001405D080001A064024000000000D0
:205BA000886402400000000C0E000000000001405E0C0001706402400000000C88640240A1
:205BC0000000000C0E000000004001405500000300000000000000000000000000000000D2
:205BE0000000000000400140560400030000000000000000000000000000000000000000C7
:205C000000440140660000030000000000000000000000000000000000000000004801400D
:205C20006700000300000000000000000000000000000000000000000000000000000000FA
:205C4000000000000000000000000000000000000000000000000000000000000000000044
:205C6000000000000000000000000000000000000000000000000000000000000000000024
:205C8000000000000000000000000000000000000000000000000000000000000000000004
:205CA0000000000000000000000000000000000000000000000000000000000000000000E4
:205CC0000000000000000000000000000000000000000000000000000000000000000000C4
:205CE0000000000000000000000000000000000000000000000000000000000000000000A4
:205D000000000000000000000000000000000000000000000000000000000140401B0000E7
:205D200000000040601C000000040040611D000000080040621E0000000C0040633200003C
:205D40000010004064000000001400406500000000040140412E0000004001405018000039
:205D6000004401405119000000480140521A000000180040662B0000001C0040672C000067
:205D800000200040682D0000331A190034131200353B3A0036111000374200003837360030
:205DA000FFFFFFFFFFFFFFFFFFFFFFFFFFFFFFFFFFFFFFFFFFFFFFFFFFFFFFFFFFFFFFFF03
:205DC000FFFFFFFF090000000A0000000B000000FFFFFFFF0D0000000E0000000F00000083
:205DE000FFFFFFFFFFFFFFFF0200000003000000FFFFFFFF05000000060000000700000098
:205E0000FFFFFFFF000000000800000001000000FFFFFFFF040000000C000000FFFFFFFF75
:205E200000102030405000000000000000000000070000000100000000000000000000006A
:205E4000000000000000000001000000000000000000000003230000586402400000000617
:205E60000325000088640240000000060100000003200000106402400000000603220000C1
:205E80004064024000000006000100000014000070600240000000000000000000000000EF
:205EA0000000000001010000001300005860024000000000000000000000000000000000D3
:205EC0000002000000150000886002400000000000170000B860024000000000010200000D
:205EE0000010000010600240000000000012000040600240000000000200000000200000CA
:205F0000106402400000000000240000706402400000000002010000012200004064024085
:205F200000000002012300005864024000000002020200000220000010640240000000045B
:205F40000221000028640240000000040400000004270000B86402400000000800000000B7
:205F60000000000000000000050000000425000088640240000000080422000040640240B1
:205F8000000000080401000004160000A06002400000000800000000000000000000000090
:205FA00005010000041500008860024000000008000000000000000000000000040200008A
:205FC00004130000586002400000000800000000000000000000000005020000041100008C
:205FE00028600240000000080000000000000000000000000403000004140000706002409E
:20600000000000080000000000000000000000000503000004120000406002400000000870
:206020000000000000000000000000000404000004170000B86002400000000800000000DB
:20604000000000000000000005040000041000001060024000000008000000000000000069
:20606000000000000405000005260000A06402400000000A05270000B86402400000000A08
:206080000505000005210000286402400000000A05220000406402400000000AA8005001E8
:2060A00002000700C000800102000800D800B00102000900F000E00102000A0000040140D6
:2060C00000000003406402400000000E286402400000000E0A000000000401400004000397
:2060E000586402400000000E286402400000000E0A00000000040140000800037064024048
:206100000000000E286402400000000E0A00000000040140000C0003B86402400000000ECB
:20612000286402400000000E0A0000000000014000000001286402400000000C886402402F
:206140000000000C0E0000000000014000000001586402400000000C886402400000000C9F
:206160000E0000000000014000040001406402400000000C886402400000000C0E00000091
:206180000000014000080001A06402400000000C886402400000000C0E00000000000140DA
:2061A000000C0001706402400000000C886402400000000C0E000000000200000000000066
:2061C0000004000000000000000800000000000000100000000000000000000000000000A3
:2061E000000000000000000000000000000000000000000000000000090000000A0000008C
:206200000B000000000000000D0000000E0000000F00000000000000000000000200000047
:20622000030000000000000005000000060000000700000000000000000000000800000041
:206240000100000000000000040000000C000000000000000000000000000000000000002D
:2062600000000000000000000000000000000000000000003300000000100140000000009A
:206280000000000000000008000000081A27000019260000440725505000000018360020F0
:2062A0001835002000010001340000000044004000000000000000000000000800000008A7
:2062C0001346000012450000710726406000000018340020183300200001000135000000C2
:2062E00000480040000000000000000000000008000000082B3B49002A3A480072072740CB
:206300006000000018320020183100200001000136000000004C0040000000000000000086
:206320000000000800000008113B0000103A0000730834406000000018300020182F002099
:20634000000100013700000000500040000000000000000000000008000000084200000022
:206360003C0000007408354060000000182E0020182D002000010001380000000014014036
:2063800000000000000000000000000A0000000A3700000036000000450847406000000048
:2063A000182C0020182B0020000100010000C000D800F0000000000000000000000000008C
:2063C0000000000000000000000000000000000000000000000000000000000000000000BD
:2063E00000000000000000010203040506143334353637380000000000000000030100002F
:20640000E46A050804000000A46A050804000000646A050802010000446A05080001000064
:206420000000000006000000E469050806000000846905080101000074690508040000000C
:206440003469050806000000D4680508080000005468050808000000D4670508080000001A
:20646000546705080101000074690508010100007469050800010000000000000400000077
:206480001467050806000000B466050800010000000000000201000094660508010100003A
:2064A00000000000040000005466050800000000000000000101000000000000030100000B
:2064C000000000000400000014660508080000009465050800000000003001401523162440
:2064E0001725054C0000000001000000003800402A2D2E322F33056E000000000200000008
:20650000003C0040233A243B253C066F000000000000000000540040260428040000000083
:20652000000000000000000027042904000000000000000000000000751F2000010000004E
:20654000005800402A0461040000000000000000000000002B04600423092909000000001F
:20656000000000007621220002000000005C004018040000000000000000000000000000A8
:2065800039042409280900000000000000000000774849000000803F000000000000803FDA
:2065A000000080BF0000803F000080BF000000000000803F0000803F0000803F0000000061
:2065C0000000803F0000803F00000000000080BF000080BF0000803F000000000000803F41
:2065E0000000803F0000803F000080BF00000000000080BF0000803F0000803F0000000021
:20660000000080BF0000803F00000000000080BF0000803F0000803F0000803F000080BFC1
:20662000000080BF0000803F000080BF000080BF0000803F0000803F000080BF0000803F62
:20664000000080BF0000803F0000803F0000803F0000803F0000803FE17A14BFE17A143F64
:20666000000080BF0000803F1F85EBBE14AEC7BE0000003F0000803FE17A143FE17A143F2E
:206680000000803F0000803F1F85EB3E14AEC7BE000000BF0000803F0000000000000000EA
:2066A000000080BF0000803F00000000000000000000803F0000803F000080BF0000803F60
:2066C000000080BF0000803F000080BF000080BF0000803F0000803F0000803F0000803F42
:2066E0000000803F0000803F0000803F000080BF000080BF0000803F000000000000000020
:20670000000000000000803F0000000000000000000000000000803FE17A14BFE17A143F1F
:206720000000803F0000803F1F85EBBE14AEC7BE000000BF0000803FE17A143FE17A143F6D
:20674000000080BF0000803F1F85EB3E14AEC7BE0000003F0000803F0000803F240FD4BEA5
:206760000000803F0000803F240FD4BE000080BF0000803F0000803F000080BF240FD43E95
:206780000000803F0000803F240FD43E0000803F0000803F0000803F240FD43E000080BF75
:2067A000000080BF0000803F000080BF240FD4BE000080BF0000803F240FD4BE0000803F55
:2067C000000080BF0000803F0000803F240FD43E000080BF0000803FF704353FF70435BF5B
:2067E0000000803F0000803FF70435BFF70435BF0000803F0000803FF70435BFF704353F61
:206800000000803F0000803FF704353FF704353F0000803F0000803F00000000000080BF5F
:20682000000080BF0000803F000080BF00000000000080BF0000803F000000000000803F5E
:20684000000080BF0000803F0000803F00000000000080BF0000803F000080BF0000803F7F
:20686000000080BF0000803F000080BF000080BF0000803F0000803F0000803F0000803FA0
:206880000000803F0000803F0000803F000080BF000080BF0000803F000080BF0000803F80
:2068A0000000803F0000803F000080BF000080BF000080BF0000803F0000803F0000803F60
:2068C000000080BF0000803F0000803F000080BF0000803F0000803F000000BFD0B35D3F60
:2068E0000000803F0000803F000000BFD0B35DBF0000803F0000803F0000003FD0B35D3FE0
:20690000000080BF0000803F0000003FD0B35DBF000080BF0000803F000080BF000000005E
:20692000000080BF0000803F0000803F000000000000803F0000803F000000000000803F5D
:20694000000080BF0000803F000080BF000080BF000000000000803F000000000000803F3D
:206960000000803F0000803F0000803F000080BF000000000000803F0000000000000000DC
:20698000000000000000803FD0B35DBF0000003F0000803F0000803FD0B35DBF000000BF7E
:2069A000000080BF0000803FD0B35D3F0000003F0000803F0000803FD0B35D3F000000BF1F
:2069C000000080BF0000803F00000000000080BF0000803F0000803F000000000000803F3D
:2069E000000080BF0000803F00000000A8AAAA3F0000803F0000803F000080BFB0AA2ABF5E
:206A0000000080BF0000803F0000803FB0AA2ABF000080BF0000803F00000000A8AAAA3F3D
:206A2000000080BF0000803F000080BFB0AA2ABF0000803F0000803F0000803FB0AA2ABF56
:206A40000000803F0000803F0000803F00000000000000000000803F000080BF00000000FB
:206A6000000000000000803F000080BF0000803F000080BF0000803F000080BF000080BFDD
:206A80000000803F0000803F0000803F0000803F0000803F0000803F0000803F000080BF7E
:206AA000000080BF0000803F000000000000803F000080BF0000803F000080BF00000000DC
:206AC0000000803F0000803F0000803F000000000000803F0000803F00000000000080BFBC
:206AE000000080BF0000803F00000000A8AAAA3F000000000000803F000080BFB0AA2ABF1C
:206B0000000000000000803F0000803FB0AA2ABF0000000089530408BD140408C11404080E
:206B2000D514040859520408FD14040819150408351504085115040895150408BD150408F6
:206B40001D53040800000000154E0408491104084D11040861110408C1510408AD11040814
:206B600025120408431204088112040895120408D912040889520408FD120408F51804080D
:206B8000391304083D1304085513040821520408571304087D130408C5130408D513040864
:206BA00019140408311404085914040800000000008002021F00000042455441464C54200D
:206BC0004F6E626F61726420466C61736820202020202020FF0000009879050802000000E3
:206BE0008C79050803000000647905080A0000009C6F0508040000004C7905080600000098
:206C00002C7905080800000018790508050000000479050805000000F87805080300000008
:206C2000F078050802000000E478050803000000D878050803000000C878050804000000C0
:206C4000BC78050803000000A8780508050000009478050805000000887805080300000090
:206C600044780508110000003478050804000000CC7705081A000000907705080F000000F0
:206C8000F875050866000000CC7505080B000000C075050803000000B07505080400000040
:206CA000B075050804000000A475050803000000987505080300000088750508040000004A
:206CC00078750508040000006C750508030000002C75050810000000207505080300000062
:206CE00014750508030000000075050805000000F074050804000000E47405080300000097
:206D0000D874050803000000C874050804000000B474050805000000AC7405080200000061
:206D2000A474050802000000947405080400000088740508030000007C7405080300000007
:206D40007474050802000000607405080500000054740508030000001C7405080E000000D3
:206D60001074050803000000FC73050805000000F073050803000000E07305080400000027
:206D8000D473050803000000BC73050806000000AC73050804000000A07305080300000007
:206DA00000001F003C005B0079009800B600D500F400120131014F016E018D01A901C80188
:206DC000E60105022302420261027F029E02BC02DB02FA0216033503530372039003AF03E0
:206DE000CE03EC030B042904480467048304A204C004DF04FD041C053B0559057805960534
:206E00008988083B6F12033A17B7D1386F1203386F1203386F12833917B7D138FF6464C86E
:206E2000FF64FF6364C8C864FFC864B2BE002D501E00780000002F5422007D0000002D50E8
:206E40000000780000000000280000002E0000000000000003010608080106080301060829
:206E600008010608CB130608D0130608A4B80508B4B8050877130608F801060894B4050848
:206E80009CB805089CB40508A4B40508ACB40508B4B40508C0B40508CCB40508D8B4050846
:206EA000E4B40508F0B40508FCB4050808B5050810B5050818B5050820B505082CB5050879
:206EC00038B5050844B5050850B505085CB5050868B5050874B5050880B5050880B405089F
:206EE000746E05081B000000CC7705081A000000907705080F000000607305080D0000000E
:206F00002C7505081000000020750508030000008F01060884B80508B0B1050888B805086C
:206F2000F4AF05088CB80508FFFFFFFF64B80508050004006CB805080700040070B80508B1
:206F40000000070074B805080000080078B80508000019007CB8050800000A0080B8050803
:206F600038B805083CB8050844B8050850B805085CB8050808BB050814BB050820BB050840
:206F80002CBB050838BB050844BB05080301060808010608CB130608D013060894B7050893
:206FA0009CB7050808B3050880B405080000000080250000004B00000096000000E1000001
:206FC00000C201000084030090D00300801A06000008070020A1070000100E0040420F00DE
:206FE00060E3160080841E0070B025000210123014401C401D402C4022402D402540272089
:207000002B20000040BA050848BA050850BA050864BA050870BA05087CBA050888BA050804
:2070200094BA050814B00508F4AF0508FCB305080000000098BA05089CBA0508ACBA050883
:20704000B4BA0508C0BA0508CCBA0508D4BA050800000000D8BA0508ECBA0508F8BA0508EF
:20706000000000000000000000BB0508000000000CAF0508C8B0050850BB050854BB0508C7
:207080005CBB050864BB0508C4B3050868BB05086CBB050874BB050880BB050884BB0508E8
:2070A0008CBB050894BB0508A0BB0508ACBB0508B8BB0508C8BB0508D4BB0508DCBB0508F4
:2070C000E4BB0508F4BB050800BC050810BC0508E00F060818BC050828BC050834BC0508DA
:2070E00040BC0508000000000001020301020000D513060801000000DC1306080200000088
:20710000E213060804000000E713060808000000ED13060810000000F613060840000000E3
:20712000FD1306088000000001000000C4AA0508E8B8050802010000C0AA0508F8B8050851
:2071400003020000ACAA050800B9050804030000A4AA050810B90508050400009CAA05086D
:207160001CB905080605000090AA050824B905081706000088AA050834B90508070700008D
:2071800084AA050848B905080808000080AA050858B90508090900000475002060B9050870
:2071A0000A0A00007CAA05086CB905080B0B000074AA050874B905080C0C00006CAA0508A0
:2071C00084B905080D0D00005CAA05089CB905080E0E000004750020A8B905080F0F000095
:2071E0009C730508B4B905081010000094730508C4B905081111000000000000CCB9050887
:207200001212000000000000D8B905081313000074AA0508E0B90508141400006CAA05086A
:20722000F0B905081515000054AA0508FCB90508161600004CAA050810BA0508181700006C
:207240000000000010AD0508C0B80508C8B80508D0DE0508CCB80508D0B80508DCB80508D0
:207260002B00F7010000000003000600010808000F000402000000001000040200010000A5
:207280002F001B00000100000B00FD01010006000C00FD01010606002E00FD01010C06003D
:2072A000150006020600030016000602060103000500F90101000300120008020500030059
:2072C0001300080205010300140008020502030037000902000000000700FE010001000017
:2072E0000A00FE01000400000800FE01000700000900FE01000A0000210026000002000018
:20730000270026000006000051002600000700003C001102010004003D00130200010000F5
:207320002000FA010000000023000C020001000026001C021006010022001C021003010051
:207340005C001C02100E01002A001302000300005200270201000400530028020100040050
:20736000F801060877130608F4A90508FCA9050828AA050804AA050810AA050818AA0508E2
:2073800020AA050830AA050838AA050840AA05080000000000F50A05FF00000000640AFFD9
:2073A0001C020608CCAA0508D0AA0508D4AA0508DCAA0508E4AA0508ECAA050877130608A3
:2073C000F8010608F8AA050808B3050800AB05080CAB0508F801060814AB05081CAB05080C
:2073E0001C02060824AB05082CAB050834AB05081C020608FEFF0508F80106083CAB050884
:2074000044AB050850AB05085CAB050870AB050884AB05088CAB050894AB050898AB050810
:20742000A0AB0508A8AB0508ACAB0508B4AB0508BCAB0508C8AB0508D0AB0508DCAB0508B4
:20744000E4AB0508F0AB0508F8AB050804AC05080CAC050818AC050820AC050864B90508E2
:207460001C02060828AC050880B2050848F6050834AC050840AC050858B5050844AC050878
:207480004CAC050858AC05081C020608FEFF050860AC050884AB05088CAB050894AB0508BB
:2074A00070AC050884AB05088CAB05088F0106087CAC05081C020608CCAA0508D0AA05081A
:2074C00088AC050890AC0508F801060898AC05089CAC0508A4AC05081C020608A8AC05088B
:2074E000B0AC0508B8AC0508BCAC0508C0AC05081C020608C8AC0508D0AC0508D8AC0508FD
:20750000E0AC0508ECAC0508F8AC050800AD050808AD05081C02060894AB050810AD0508BE
:207520007713060814AD050818AD05087713060820AD050828AD050830AD050838AD0508E3
:2075400040AD050848AD050850AD050858AD050860AD05086CAD05087CAD05088CAD050857
:2075600098AD0508A4AD050818AD0508B4AD0508BCAD0508C4AD050877130608CCAD050809
:20758000ECB00508D0AD05081C020608FEFF0508D8AD0508E0AD0508E8AD0508F0AD05080A
:2075A000F8AD050800AE05080CAE050814AE050820AE050824AE05082CAE050830AE05083C
:2075C0001C020608FEFF050834AE0508A8BA05083CAE050848AE050854AE050860AE0508F3
:2075E00068AE050874AE050880AE05088CAE050898AE0508A4AE050877130608B0AE050802
:20760000BCAE0508C4AE0508D4AE0508E4AE0508ECAE050800AF05080CAF050818AF050847
:2076200024AF05082CAF05083CAF05084CAF050858AF05085CAF050868AF050874AF050802
:2076400084AF050894AF0508A0AF0508B0AF0508C0AF0508D0AF0508E4AF0508ECAF050882
:20766000F4AF050800B0050814B0050820B005082CB005083CB005084CB0050854B00508F3
:2076800064B0050868B0050874B0050878B0050884B0050894B00508A4B00508B4B00508DA
:2076A000C8B00508D8B00508E0B00508F0B0050804B1050810B1050818B1050828B105081A
:2076C00034B1050848B105085CB1050878B1050894B10508B0B10508B8B10508CCB10508A2
:2076E000D8B10508ECB10508F8B1050808B2050814B2050820B2050828B2050834B2050841
:207700003CB2050848B2050860B2050870B2050884B205089CB20508ACB20508C0B2050891
:20772000D4B20508E8B20508F8B2050804B305080CB3050814B3050820B3050834B3050820
:2077400040B3050850B3050860B3050878B3050884B3050890B305089CB30508ECAA05082E
:20776000ACB30508B0B30508B8B30508BCB30508C4B30508CCB30508DCB30508E4B30508E9
:20778000F4B3050808B405080000000018B40508F80106087713060828B4050830B405081A
:2077A00038B4050840B4050844B405084CB4050854B405085CB4050868B4050870B4050831
:2077C00078B4050880B4050888B40508F80106087713060894B405089CB40508A4B4050830
:2077E000ACB40508B4B40508C0B40508CCB40508D8B40508E4B40508F0B40508FCB40508ED
:2078000008B5050810B5050818B5050820B505082CB5050838B5050844B5050850B5050810
:207820005CB5050868B5050874B5050880B5050880B4050844AC05088CB5050898B50508A2
:20784000A4B5050877130608B4B50508E4AF0508C0B50508C8B50508D0B50508D8B50508DC
:20786000E4B50508ECB50508F8B5050800B60508E00F0608ECAF050808B6050834B20508D4
:2078800010B605081CB6050877130608D8F8050824B6050877130608D8F8050880B4050824
:2078A00024B6050808B3050828B605082CB6050830B6050834B6050838B6050844AC05085D
:2078C00040B605084CB605087713060854B6050860B605088CBA050868B6050870B6050813
:2078E0007CB6050888B605089CB60508B0B60508C8B6050874B0050880F20508D0B605085E
:20790000C8B60508DCB60508E8B60508F0B60508F8B6050800B70508F80106080CB7050889
:20792000C4FA050814B705089CAC050818B7050824B7050830B705083CB7050848B705088B
:2079400050B705085CB7050868B70508F801060874B705087CB7050884B705088CB70508B0
:20796000771306083CAB0508A4B70508A8B70508B0B70508B8B70508C0B70508C8B70508A7
:20798000D4B70508E0B70508E00F0608ECB70508F8B7050800B805081C020608FEFF050847
:2079A00022FD05080EFD0508F7FC0508D5FC0508BBFC050896FD05084CBC050840001200DA
:2079C00000000A00010060BC05084000180000000A00130070BC050802000000E8030A00CE
:2079E000040084BC05084000180000000A00140094BC050802000000E8030A000600A8BC02
:207A0000050802000000E8030A000800B8BC050802000000E8030A000A00CCBC0508020041
:207A20000000E8030A000C00DCBC050802000000E8030A000E00F0BC050802003200B80BEB
:207A40000A00180004BD050800000000C8000A0000001CBD0508030018FCE8030A00100062
:207A60002CBD05084000210000000A00120044BD05084000330000000A00150058BD0508D1
:207A80000200F4019E070A0016006CBD05080000000007002A0206007CBD05080200010072
:207AA000E8032A02040088BD050802001400FA002A0200009CBD05080200C800E8032A02D6
:207AC0000200B0BD050802000000E8030A001A00C8BD050802000000E8030A001C00E0BDD7
:207AE0000508000000000A000A002000F4BD05084000310000000A001E000CBE05084000D7
:207B000013000000230002001CBE050802000000F4012300000028BE05080300D4FE2C0137
:207B200023000E0038BE05080300D4FE2C0123000C0048BE0508830004000000230004001F
:207B400058BE050858001D0000002600000068BE05081800000005002600010078BE0508AD
:207B60001800000005002600030088BE0508180000007700260004009CBE050840001400F8
:207B8000000026000500ACBE05080200B004A40618001200B4BE05080200EE02CA0818005E
:207BA0001400C0BE05080200EE02CA0818001600CCBE050801000000120018000F00DCBEC9
:207BC000050841000000000018001F00F4BE050800000100FF001800100000BF050801006C
:207BE0009CFF6400180020000CBF05084100000000001800110018BF050800000000FF0029
:207C00001800270034BF050800000000FF001800280044BF0508400000000000180021005D
:207C200054BF050800000000FA001800250070BF050800000000FA001800260094BF050819
:207C400000000000FF0018002200B4BF050800000000FF0018002300D4BF050840002A0027
:207C6000000018002400ECBF0508000000005A0018001800FCBF0508000000000E00180098
:207C80001E0010C005084000110000001800080024C005084000000000001800090038C02E
:207CA00005080000000064001800190058C005080200EE02CA0818001A0064C005080200D4
:207CC000EE02CA0818001C0070C0050840000000000018000A0084C005080400FFFF0300B9
:207CE00018002C00A0C0050858000000000018003000B8C00508190000000300FE010C0087
:207D0000C4C0050802000000D007FE010E00DCC0050802000000D007FE011000FCC0050892
:207D200002000000D007FE0112001CC1050840000E0000000500040034C1050858000C00B2
:207D400000000500050044C10508C40000000000050000005CC10508C4000100000005004A
:207D6000000070C10508C40002000000050000008CC10508C4000300000005000000A4C16F
:207D80000508C4000500000005000000BCC10508C4000600000005000000D4C10508C40049
:207DA0000700000005000000ECC10508C4000E0000000500000008C20508C4000900000082
:207DC0000500000020C20508C40008000000050000003CC20508C4000A0000000500000000
:207DE00054C20508C4000B000000050000006CC20508C4000D0000000500000084C2050828
:207E0000C4000C000000050000009CC2050840000D00000005000600ACC20508400000000F
:207E2000000005000700C8C205080200EE02CA0806001E00D8C205080200EE02CA08060046
:207E40002000E4C205081A000100409C06002200F0C2050802000000D00706001C00FCC2B8
:207E600005085800330000000600050008C305084000000000000600060014C30508400017
:207E8000170000000600070020C305085800330000000600110030C305085800350000009F
:207EA0000600120044C305084000000000000600040058C3050840001600000006000200C6
:207EC0006CC305080200C800007D060000007CC305084000000000000600030090C3050824
:207EE00000000400FF00060024009CC3050880000800000006001300B4C3050800000000C4
:207F0000960027000200C4C3050802000100840327000000D4C3050800000100C8000100EF
:207F20000400E4C3050800000000FA0001000500FCC305080200EE02CA080100000010C424
:207F4000050840001B0000000100060028C40508020000002C010100020044C40508400032
:207F60001A0000000100070058C4050802000100C8000100080070C405080000000032006F
:207F800001000A008CC4050803004CFF680102000000A0C4050803004CFF68010200040092
:207FA000B4C4050803004CFF680102000800C4C4050820010108000031020C00DCC40508D0
:207FC00022000000204E31020800ECC4050822006400F4013102000004C50508220064000F
:207FE000F401310206001CC5050822006400F4013102020034C5050822006400F401310201
:20800000040050C5050820000000640031020B0064C5050820000000180031020A0080C588
:20802000050800000000FA000B00070090C5050858000F0000000B000400A0C50508580085
:20804000100000000B000300B0C5050802000000D0070B000000CCC50508400000000000BE
:208060000B000500DCC505084000000000000B000600ECC505080000000064000B000200C2
:2080800000C6050800000100FF000B00080018C6050800000100FF000B000C002CC60508F9
:2080A00000000000FF000B0009003CC605080000000096000B000A0058C6050800000000C8
:2080C00096000B000B0074C6050818000000FF000201000080C6050800000100FF0002013D
:2080E000010090C6050800000100FF0002010200A0C605081B0080C1803E00010000ACC617
:20810000050803000083007D00010200BCC60508030080C1803E01010000C8C6050802001C
:208120000000803E01010200D8C60508580000000000F7010100ECC605085800000000006A
:20814000F7010200F8C605081B000000803EF70104000CC70508000001000500F6010400A4
:2081600028C70508410000000000140001003CC705084000370000001400050048C70508F1
:208180000000000064001400020060C7050800000000FA001400030070C70508410000009B
:2081A00000001400040088C705080200EE02DC051A00000098C705080200DC05CA081A0023
:2081C0000200ACC705080200EE02CA081A000400B8C705080200010064001A000600D0C791
:2081E00005080200EE02DC051A000800E0C705080200DC05CA081A000A00F0C705084000EC
:20820000000000001A000C0004C805081001010800000C00140018C80508100000006400C4
:208220000C00000020C805081000000064000C0001002CC805081000000064000C001E001D
:2082400038C805085000220000000C00020044C805085000000000000C001D0058C80508D2
:2082600010000100FF000C00030068C8050810000100FF000C00040078C805081000010024
:20828000FF000C00050084C805081000000064000C00060090C805081000000064000C000A
:2082A00007009CC805081000000064000C000800A8C8050810000000FF000C000900B4C8A1
:2082C000050810000000FF000C000A00C0C8050810000000FF000C000B00CCC805085000C0
:2082E000250000000C000C00E0C805081000190064000C000D00F8C805081200C800CE076A
:208300000C000E0008C905081200C800CE070C0010001CC905081200C800CE070C001200DB
:208320002CC90508000030007E000D00560040C9050802006400D0070D00540058C9050848
:2083400002000000007D1600000064C9050802000000007D1600020070C905080000000071
:20836000B400160004007CC905080000010004001600050090C90508000000003C0010000B
:208380000100A4C9050840000000000010000000BCC9050840000000000010000200D0C995
:2083A00005084000030000001E000000E0C905084000040000001E000100F0C90508400030
:2083C000000000001E00020000CA05084000000000001E00030010CA050840000500000019
:2083E0001E00040028CA05084000050000001E00050040CA05080000010014001E000600A4
:2084000054CA05084000060000001E000B006CCA05084000000000001E00070084CA0508BF
:208420004000000000001E000C009CCA05084000000000001E000800B4CA0508400000002E
:2084400000001E000900C8CA05084000000000001E000A00DCCA05080001014000001E00DB
:208460000D00F8CA0508020005001E003700000014CB050840000B0000003700020028CB61
:2084800005080200000064003700040044CB050802003200C409370006005CCB050802009E
:2084A0000500E8033700080074CB050802000000B80B37000A008CCB050802000500F401DB
:2084C00037000C00A4CB050802001900F40137000E00BCCB050840000A0000003700100063
:2084E000D8CB050800000500320037001100ECCB05084000000000003700120010CC050817
:2085000000000000C8003700130028CC05080000000020001900000024CC05080000000012
:2085200064001900010034CC0508410000000000190002004CCC0508000001001000F80125
:20854000000060CC0508400000000000F80101007CCC050802006400E803F8010200A0CC9B
:208560000508000000006400F8010400CCC405080801010800000E007300CCCC05080A00AE
:208580000000E8030E006000E4CC05080A000000E8030E006200FCCC0508080000000A0079
:2085A0000E00890010CD05084800190000000E00300020CD05080B000000E8030E0002009B
:2085C00038CD05084800190000000E005E0048CD05080B000000E8030E00500060CD05080C
:2085E0000A000000E8030E00040070CD05080A000000E8030E00060084CD050808000000BB
:2086000096000E008B009CCD05084800000000000E003600B0CD050808000000FA000E008F
:208620003A00C4CD05080800020032000E009700DCCD050808000000FA000E009800F0CD66
:2086400005080A000000F4010E003C0000CE05080A000000F4010E003E000CCE05080A00AD
:208660000A00D0070E00400020CE05080A006400D0070E00420034CE05080A003200D00719
:208680000E00440050CE05080A00640088130E0046005CCE05080A000000F4010E00480074
:2086A00068CE0508080005001E000E004A0080CE050808003200FF000E004B0094CE050898
:2086C0000A000000E8030E004C00A4CE050848001C0000000E005200B4CE05084800000031
:2086E00000000E005500C4CE05084800270000000E005800D0CE05084800280000000E007A
:208700005600E4CE05080800010032000E005700F8CE05080800140064000E00310008CF3B
:2087200005080A006400E8030E00320018CF05080A006400E8030E0034002CCF05080A00F2
:208740000000F4010E0000003CCF05080800000064000E0053004CCF0508080005003200CA
:208760000E00540064CF050808000A0050000E00590080CF05080A000A00C8000E005C00EC
:208780009CCF05084800290000000E005A00B4CF050808001900FF000E005B00C8CF0508CB
:2087A00008000000FA000E001000D0CF050808000000FA000E001100D8CF05080800000010
:2087C000FA000E001200E0CF05080A000000E8030E001400E8CF050808000000FA000E00D8
:2087E0000800F0CF050808000000FA000E000900F8CF050808000000FA000E000A0000D0CE
:2088000005080A000000E8030E000C0008D0050808000000FA000E00180010D0050808003A
:208820000000FA000E00190018D0050808000000FA000E001A0020D005080A000000E80306
:208840000E001C0028D0050808000000C8000E00200038D0050808000000C8000E002400D4
:208860004CD0050808000A00FA000E009E006CD0050808000A0050000E00370078D00508D2
:208880000800000064000E009F0088D005080800000064000E002100A0D0050808000A0030
:2088A000C8000E002200B8D0050808000A00FA000E003800D0D005084800000000000E00D6
:2088C0003900E8D005080A000A0088130E00A000FCD005084800000000000E00690010D1C4
:2088E000050808000000FF000E006A0028D1050808000000FA000E006C0034D10508080050
:208900000000FA000E006D0040D1050808000000FA000E006E004CD10508080000006400B0
:208920000E006F0058D1050808000000C8000E00700068D105080800010064000E00710004
:208940007CD105080900FFFF08000E00720094D1050848002C0000000E006400A8D1050850
:208960004800000000000E006800C4D10508080000005A000E006500E4D1050808000000F8
:2089800050000E006600F8D1050808000000C8000E0067000CD205080800000096000E0061
:2089A0006B001CD205080800000064000E00810034D205084800340000000E0082004CD219
:2089C0000508080000005F000E00830068D205080800000014000E00840084D20508080032
:2089E000000032000E00850098D2050808000000C8000E008600B4D20508080000006400D8
:208A00000E008700D0D2050808000A00FA000E008800ECD2050808000000C8000E007C004B
:208A200000D3050808000100FA000E007D0010D3050808000100FA000E007E0020D3050849
:208A400008000000FA000E007F0030D3050808000A00FF000E00800048D305084800000068
:208A600000000E008A0058D305084800380000000E008C0070D3050808000000C8000E00DE
:208A80008D0090D3050808000000C8000E008F00A4D3050808000000C8000E009000B8D3EF
:208AA000050808000000C8000E009100CCD3050808000000C8000E009200E4D30508080052
:208AC0000000C8000E00930000D4050808000000C8000E008E0018D4050808000000C80017
:208AE0000E00960034D405084800000000000E0094004CD4050808000A00C8000E00950029
:208B000070D405084000000000000A00210088D4050800000A00C8000A002200ACD40508A5
:208B200048002D0000000E009900B8D405080800000064000E009A00C4D405080A00E803D2
:208B4000D0070E009C00D4D405080900000064000E00A200E4D405080A00E803D0070E0023
:208B6000A400F8D405084800000000000E00A60008D5050808000000C8000E00A70020D518
:208B80000508080000004B000E00A80034D5050808000000FA000E00A90048D505080800BE
:208BA0000000FA000E00AA0064D505084000000000001F00040074D50508400000000000C4
:208BC0001F00050084D505080000000078001F00090094D505084000000000001F000A008C
:208BE000A0D505084000000000001F000B00B4D50508C400000000001F002000D0D505083E
:208C0000C400010000001F002000ECD50508C400020000001F00200004D60508C4000300CF
:208C200000001F0020001CD60508C400040000001F00200038D60508C400050000001F00EC
:208C4000200054D60508C400060000001F00200070D60508C400070000001F0020008CD6F5
:208C60000508C400080000001F002000A4D60508C400090000001F002000C0D60508C400E2
:208C80000A0000001F002000DCD60508C4000B0000001F002000F8D60508C4000C00000013
:208CA0001F00200014D70508C4000D0000001F00200034D70508C4000E0000001F00200044
:208CC00050D70508C4000F0000001F00200070D70508C400100000001F00200090D7050873
:208CE000C400110000001F002000ACD70508C400120000001F002000D0D70508C400130030
:208D000000001F002000F0D70508C400140000001F0020000CD805084000000000001B00DD
:208D2000000024D805084000300000001B000A0044D805084000240000001B00020058D8BB
:208D4000050840002F0000001B0003006CD805084000300000001B00040080D805084000F4
:208D6000300000001B00050098D805080200320010271B000600B4D805080000000064009D
:208D80001B000800CCD805084000000000001B000900E8D805080000050064001B000B003F
:208DA000FCD805080200000067011B000C0014D9050802000100D0071B000E002CD9050832
:208DC000180000001E0012000D003CD90508410000000000120003004CD90508400015003F
:208DE00000001200020058D90508400000000000120004006CD90508400023000000120004
:208E000005007CD90508000000001E001200060090D9050840000000000012000F00A4D961
:208E2000050800000000080003010000B0D9050800000000080003010100BCD905080000D4
:208E40000000070003010200C8D9050840002B00000003010800E0D90508400000000000DA
:208E600003010900F4D90508020000006F170301040000DA0508020000006F170301060002
:208E800014DA050840000000000003023C0024DA05084000260000000202000038DA0508C2
:208EA0000100E0FF1F000202010048DA05080100F1FF10000202020058DA050858001E00C3
:208EC00000000C02000068DA05081800000003000C02020078DA05085800000000000C0245
:208EE00003008CDA05080100FAFF000001020000ACDA05080100FDFF000001020100CCDAC5
:208F0000050840000000000001020200E4DA050800000000030001020300FCDA0508000048
:208F2000000003000102040014DB0508400000000000050200002CDB050802000000803E10
:208F40000502020048DB0508180000000700F901030058DB050840001F0000000F0200000C
:208F600070DB05084000200000003002000088DB050803000000670130020200A0DB050870
:208F800002000000102730020600B0DB050840000000000030020400C4DB0508980004000A
:208FA000000011020400D4DB050898000400000012020000E0DB0508400000000000130211
:208FC0000000ECDB05085800000000001302020000DC0508180000000300FA01010010DC62
:208FE0000508000000000A001B0200002CDC05080400881300001B02040050DC050800002F
:20900000000001001B020C006CDC050802000000FFFF1B02080080DC050858001D000000CE
:209020001C02010090DC05081800000003001C020200A0DC05081800000003001C02040097
:20904000B0DC05081800000077001C020500C4DC050858000000000006020200D0DC0508FD
:209060001A006400140506020400E4DC050858000000000006020800F0DC05081A006400C1
:20908000140506020A0004DD050858000000000006020E0010DD05081A00640014050602B0
:2090A000100024DD05085800000000001D02030030DD05081A000000F4012C02000044DDA0
:2090C00005081A000000F4012C02020058DD05081A0000001B002C02060070DD050800003F
:2090E000000064002C02040088DD05084000000000002D020000A0DD05080300F4FC0C036D
:209100000E020000B8DD050800000000030020020000D0DD05088000030000002002010018
:20912000E4DD05080200FA00B80B20020800F4DD050800001E00C8002002040008DE05089B
:2091400002000000E8032002060024DE050802006400F40120020A0038DE05080100FFFF42
:209160007F0023020C0050DE05080400FFFFFFFF2302000064DE05080400FFFFFFFF23026B
:20918000040078DE05080400FFFFFFFF230208008CDE050800000000FF0023021400A4DE0A
:2091A00005080001011000002F000000B0DE050841003200000038000000C0DE050801006F
:2091C0000000640038000100D8DE050802000A00881338000200E8DE050802003200E8035C
:2091E0003800060004DF050802000A0088133800040014DF050800000000C8003C0000005A
:209200002CDF050802000000A4063C00020040DF050802001A0478053C00040050DF050807
:2092200002007805D0073C00060060DF050800000000C8003C00080070DF050800000000E2
:20924000C8003C00090080DF050800000000C8003C000A0090DF050800000000C8003C0007
:209260000B00A0DF050800000000C8003C000C00B0DF050800000000C8003C000D00C0DFFB
:20928000050800000000C8003C000E00D0DF050800000000C8003C000F00E0DF0508000014
:2092A0000000C8003C001000F0DF050800000A0032003C00110004E00508000000006400E0
:2092C0003C00120018E0050800000A0046003C00130028E005080000000064003C001400D3
:2092E00040E005080200640088133C00160050E005081801011000002902000060E005080F
:209300001801011000002902100070E005081801011000002902200080E00508180101107F
:2093200000002902300000009117060824E6050840E60508455701088D170608A0E60508E8
:20934000B0E6050849520108DCE60508E4E6050808E70508813E01087B17060814E70508B4
:2093600040E70508B53A01087417060854E7050840E70508C13A01087CE7050880E70508C4
:2093800098E70508516B0108A0E70508ACE70508D4E705088D36010887170608E4E7050830
:2093A00000000000FD5E01082B110608F8E7050818E80508916B010824E805082CE80508C7
:2093C00054E80508B1CB0108A701060888E80508A4E805085DEA0108F0E8050808E90508C0
:2093E00000000000F17D010830E905083CE9050854E905081948010868E9050870E9050826
:2094000054E80508ADCB010884E9050888E90508BCE905084D230108C8E90508D0E90508DB
:20942000ECE90508114901080CEA050814EA050848EA0508E12101087D16060854EA0508A3
:2094400040E705085138010868EA050874EA050800000000C122010888EA050894EA050886
:209460000000000065290108ACEA050800000000B8EA050881350108CCEA0508D8EA0508B2
:2094800000000000F5350108F8EA05080000000004EB0508FD34010818EB05081CEB050850
:2094A00030EB0508C14C010838EB050848EB050800000000D13A010864EB050874EB050822
:2094C00000000000552A0108A8EB050898EB0508B0EB0508F97F0108E8060608C0EB0508F7
:2094E00000000000D55D0108D0EB0508E0EB05080CEC0508D53601088516060820EC0508B6
:209500003CEC05083D41010844EC05084CEC050800000000412A01085617060868EC0508BD
:2095200078EC0508D13D010888EC050890EC050800000000215A010882170608A4EC0508D1
:2095400000000000E1600108D0EC0508C8EC0508D8EC0508094A0108ECEC0508F0EC05083C
:2095600008ED050831BF010824ED05082CED0508000000008932010840ED050800000000AE
:209580004CED0508014B010858ED050868ED05084CED0508614C01089716060880ED05084B
:2095A0004CED0508A14B010890ED05089CED05084CED0508014C0108B0ED0508C4ED05084C
:2095C00000000000AD320108ECED0508F8ED05080CEE0508F5F001088916060844EE0508EA
:2095E00000000000214201089A17060864EE050800000000495C01081617060880EE05087D
:2096000048EA0508716C01089CEE0508ACEE0508CCEE05087D5001084F170608F8EE0508E3
:2096200000000000ED54010810EF050824EF050860EF05088D43010808BF0508B0EF0508FF
:20964000C0EF0508094E0108D4EF0508E0EF050804F005081D37010810F0050824F00508B6
:209660004CF00508CD4001085CF0050864F0050800000000B92A010870F0050878F0050803
:2096800000000000DD3001083217060888F0050898F00508DDED0108B7160608F4F00508A4
:2096A0000000000089740108AB17060804F105081CF105083162010874F1050880F105082C
:2096C0000000000025360108A217060898F10508ACF105085966010844F20508A8BA0508A5
:2096E0007CE2050880E2050888E2050890E20508D8F8050894E20508A0E20508ACE2050810
:20970000B4E20508B0E50508C0E50508C0E20508C8E20508D0E20508E0E20508DCE1050894
:20972000ECE2050810B8050808B80508F4E20508FCE2050860B6050804E305080CE30508CB
:2097400018E3050820E3050828E3050830E3050838E3050844E3050854E3050860E30508C9
:2097600068E3050870E3050878E3050884E305088CE3050898E30508A4E3050864B005089C
:20978000B4E3050830E20508D4BA0508C0E30508C8E30508C0BA0508ECBA0508D4E3050805
:2097A000E0E30508E8E30508F4E30508FCE3050808E4050818E4050824E4050834E40508F5
:2097C000F4AF050800BB05083CE4050844E4050850E4050854E4050860E405086CE405087B
:2097E00074E4050880E4050894E40508ACE40508C4E40508D0E40508DCE40508E8E4050855
:20980000F4E4050800E505080CE5050818E5050824E5050830E505083CE5050848E50508C9
:2098200054E505085CE5050868E5050878E505087CE5050894E50508ACE50508BCE5050890
:20984000CCE50508D8E50508E4E50508F0E50508FCE5050808E6050810E6050818E60508D1
:209860000000000091CF00086D790108D97A010879AC0008B9AE000805880008298600084D
:20988000E1A50008B9860008359B0008F1860008F1A9000801880008E58D0008058E000854
:2098A000C98D0008FD7901086D790108D97A010871C400088D8D0008918D000800000000FB
:2098C0004DDA000800000000499B0008C58D00088D9A0008898D0008E58B0008A58D000814
:2098E000058C0008808D5B00001BB70000366E01FD790108217A01082D7A0108017A010899
:20990000057A0108097A0108000000000D7A010800000000117A0108157A0108197A0108DB
:209920001D7A0108000000000000000000000000E8E0050814B30508F0E00508F8E005081C
:2099400008E1050814E1050830F3050870AC050858B305081CE1050828E1050834E105085C
:2099600094B305083CE1050840E1050844E1050808B3050848E1050894BA050854E105086E
:2099800060E105086CE1050878E1050884E1050890E105089CE10508A8E10508B4E1050807
:2099A000C0E10508D0E1050818A2002028B20020FFFF000000000000849F00200000010223
:2099C000030607080A050B0C02C003A004900588058006740670066C066807620760075E39
:2099E000075C075A0758075606640754075208510850084F084E084D084C084B084A0849CC
:209A0000084808470846084508440843084208410840893C093C893B093B893A093A8939C0
:209A20000939893809388937083F09378936093689350935893409348933093389320932B9
:209A40008931093189300930083E892F092F892E092E892D092D892C092C892BCA278A27D0
:209A6000092B4A270A27892A0578092ACA268A264A260A26CA258A254A250A25CA248A2495
:209A80004A240A24CA238A234A230A23CA228A224A220A22CA218A214A210A21CA208A2006
:209AA0004A200A20CA1F8A1F4A1F0A1FCA1E8A1E4A1E0A1ECA1D8A1D4A1D0A1DCA1C8A1C26
:209AC0004A1C0A1CCA1B8A1B89294A1B0A1BCA1A8A1A4A1A0A1ACA198A194A190A19CA1836
:209AE0008A184A180A18CA178A174A170A17CA168A164A160A16CA158A154A150A15CA1462
:209B00008A144A140A14CA138A134A130A13CA128A124A120A12CA118A114A110A11CA1081
:209B20008A104A100A10CA0F8A0F4A0F0A0FCA0E8A0E4A0E0A0ECA0D8A0D4A0D0A0DCA0CA1
:209B40008A0C4A0C0A0CCA0B8A0B4A0B0A0BCA0A8A0A4A0A0A0ACA098A094A090A09CA08C1
:209B60008A084A080A08CA078A074A070A07CA068A062B034A060A06CA058A054A050A0581
:209B8000CA040B038A044A0409290A04CA03EB028A03CB02AB028B026B024B022B020B028B
:209BA000EB01CB01AB014A03083D89288B016B014B012B010B01EB00CB001C00AB008B007A
:209BC0006B004B002B0009280C0000006CAC05080000000058B305080101000020F2050809
:209BE0000202000028F205080403000030F205080C04000088B805080305000040F2050860
:209C0000050600004CF205080D07000054F205080E0800005CF20508090B000068F205089B
:209C2000070C000030E205080F0D000074F20508100F000094B30508111100007CF2050853
:209C400012130000FCB305081314000088F205081417000090F205081518000098F20508F7
:209C600016190000A0F20508171A000014B30508081B0000ACF20508181C0000B8F2050858
:209C8000191D0000C4F205081A1E0000D4F205081B1F0000E4F205081C200000F8F2050870
:209CA0001D2100000CF305081E22000020F305081F23000038F305082024000040F30508FC
:209CC000212500005CF30508222700006CF305082428000078F305082529000088F3050893
:209CE000262A000090F30508272B000098F30508282C000048E10508232D0000A4F305081C
:209D00000A2E0000B0F30508292F0000C0F305082A300000D4F305082B310000E4F30508D5
:209D20002C320000F4F305082D3300000CF405082E34000018F405082F35000020F4050864
:209D400030360000DCB305080637000030F405080B3800003CF405083139000064004B00FA
:209D6000000000002D501E00780000002F5422007D0000002D50000078000000324B4B00F1
:209D80003200000028000000000000000050F4019001013C870050000000000032009001BC
:209DA0005E01F40100000A64C8009001960000050F00010F0114004B320000004B0096005B
:209DC000011400280100C800282E0000236400000000000000000000003232329600014132
:209DE000070F5A0F640500000264646464646464016464056401410046055064F401140041
:209E00001A0400190F320000000000000000000000000000000000001E00C800460014008A
:209E2000E80332007201E803E803D007D809000000000000031EE600E600B40002007017DA
:209E4000140000000014FF0B33005A2806581E065D4606006E0A010032000307070700002D
:209E6000004343430064CE07CE07CE070000000000000000000032000001020304050607E8
:209E80000100010200010300010400010500010600010700010800010900010A00010B0076
:209EA000010C01030D00010E00010F000110000111000112000113000114000115000116D9
:209EC00000011700011801FF1901071A00011B00011C00011D01031E01031F016420016490
:209EE0002101030054F80508FF0000010609000030F80508FF0000010200000064F8050835
:209F0000000100000100180064F80508010100000100180064F8050802010000010018001E
:209F20006CF8050800010000010718006CF8050801010000010718006CF805080201000088
:209F40000107180074F80508000100000100190074F805080101000001001A0074F805083E
:209F60000201000001001B007CF8050800010000010018007CF8050801010000010018008B
:209F80007CF80508020100000100180084F805080001000001081C0084F8050801010000EA
:209FA00001081C0084F805080201000001081C0084F805080300000101081C0090F8050884
:209FC0000001000001081D0090F805080101000001081D0090F805080201000001081D00DF
:209FE00090F805080301000001081D009CF80508FF00090301061400A8F80508FF0100002E
:20A0000001061500B8F80508FF01000001061300C0F80508FF01000001061600CCF805089A
:20A02000FF00000101061700D4F805080001000003001F00D4F805080101000003001F0009
:20A04000D4F805080201000003001F00DCF805080001000003002000DCF80508010100001A
:20A0600003002000DCF805080201000003002000E8F805080001000003002100E8F80508B7
:20A080000101000003002100E8F805080201000003002100F4F80508000100000300230066
:20A0A000F4F805080101000003002300F4F80508020100000300230004F905080001000052
:20A0C0000300220004F90508010100000300220004F90508020100000300220004F90508EE
:20A0E000030100000300220004F90508040100000300220004F905080501000003002200CE
:20A1000004F90508060100000300220004F905080701000003002200D0EC050800000B01FD
:20A1200003000100D0EC05080100050003000200D0EC05080200050003000300D0EC0508A8
:20A140000300050003000400D0EC05080400050003000500D0EC050805000500030006003A
:20A16000D0EC05080600050003000700D0EC050807000500030008000CF90508000000010E
:20A1800001000A000CF905080100000101000B000CF905080200000101000C000CF9050860
:20A1A0000300000101000D000CF905080400000101000E000CF905080500000101000F003F
:20A1C0000CF9050806000001010010000CF90508070000010100110038F8050800010000EB
:20A1E00038F805080101000038F805080201000044F80508FF00000130F80508FF000A0158
:20A200001E000000D8F70508FF00000100000000E4F705080001070000000000E4F705086C
:20A220000101070000000000F0F70508FF0100000000000000F80508FF000001000000001C
:20A240000CF80508FF0000010000000020F80508000100000000000020F8050801010000A0
:20A260000000000020F8050802010000000000002CF80508FF0000010000000080F7050801
:20A28000FF00000190F70508FF0000019CF70508FF000007ACF70508FF000007C0F705080A
:20A2A000FF000007000000000000000C18190D161200000000000000000D424C48656C6909
:20A2C000F47D000002002800B00403002800980808000A00780500000C000200E8030D00CF
:20A2E0000200A40609000200F4010A000200A4060B000200E40C0E000200F401040A2003C9
:20A300000514FA00060AB004071458020B17180C15110000D4C405087CFA050884FA0508D2
:20A3200090FA050884FA050890FA050800001F003B005A0078009700B500D400F300110113
:20A3400030014E0100001F003C005B0079009800B600D500F400120131014F01060000009C
:20A36000A4F9050805000000C8F9050804000000ECF905080300000010FA0508020000004E
:20A3800034FA05080100000058FA050800030506070000004257020000000106000000006B
:20A3A000000000000000FFFF000000FF0F0000FF320000FF640000FF730000FF7D0000FF10
:20A3C000B40000FFD20000FFF00000FF0E0100FF2C0100FF4A0100FF010B020D0A03050B4E
:20A3E000030D0A030A0B040D0A03080B040D0A03070B030D0A030000060A01000002030691
:20A400000000000020000000480001000000000000A8040000000000000202000000000023
:20A42000801100000000000040000100020002000100030000000000510D0408BD0E040801
:20A44000F10D0408590C0408F10A0408353D0408190A040881090408253F04083D08040876
:20A460006701FF00FF00000000151617FFFF012D3233FFFF02232425FFFF000033FFFF34D4
:20A48000FFFF35FFFF36FFFF37FFFF00002627002003010000002003020000002003000069
:20A4A0000000000300808300FD160408D9150408091604084D160408C55504083516040866
:20A4C000015604080000000000000000A11604088D1604084D170408000000000200000035
:20A4E000010000000000000001020304010203040607080954FB050858FB050860FB050805
:20A5000068FB050870FB050878FB050880FB050811AC0408898A0408F98A0408418B0408FC
:20A52000698A0408858A04086B8A04086D8A0408798A0408A18A0408F18A040833AC040845
:20A54000000000006592000871920008697A01089D8E0008557A01080000000000000000FA
:20A56000000000005D9B000800000000198F0008218E000800000000317A010800000000C0
:20A58000E189000899890008058A0008B1890008FF89000861890008018A00080000000031
:20A5A000000000000000000000000000000000000020014048000000002101404900000047
:20A5C000002201404A000000300700000A000000310700000B000000320700000C00000005
:20A5E000330700000D000000340300000E000000350300000F00000020030000080000005D
:20A600002103000009000000100700000000000011070000010000001207000002000000C2
:20A620001307000003000000140300000400000015030000050000001603000006000000A6
:20A64000170300000700000000010203040505050505060606060606080000000C0000007E
:20A66000100000001620C20056002100400000011720C20056002100800000011920C2002E
:20A6800050003200000200011820C2007800320000010001152020001900140020000001EC
:20A6A00017BA20006C0036008000000118BA20006C003600000100011440EF006800320013
:20A6C000100000011540EF0068003200200000011630EF0085003200400000011640EF00F8
:20A6E00085003200400000011740EF0085003200800000011770EF00850032008000000136
:20A700001760EF0068003200800000011780EF0068003200800000011840EF006800320036
:20A72000000100012040EF00850032000004000118208500850050000001000118405E00C2
:20A7400068003200000100011870EF0042003200000100011940EF0085003200000200016E
:20A76000176001008500320080000001186001008500320000010001182001006800320024
:20A78000000100011640E0008500320000041000174068006C00360080000001196020003B
:20A7A000A6005000002010001540C80068003200200000011660BA00680032004000000190
:20A7C0001840C80068005000001010001840680068003200000100011740A100500042009B
:20A7E000800000011840A10050003200000100011940A100500032000002000118400B0079
:20A8000060005000000100011460C40068006800100000011560C400680068002000000143
:20A820001660C4005A005A004000000117711C00680068008000000118711C00680068007F
:20A8400000010001000000000000000000000000B9E20008859D0008E59D0008B99200084C
:20A86000559300087D9300088593000855940008599400080000000011E3000879940008B9
:20A880000000000000000000010203040607080942657461666C69676874204643204D611F
:20A8A00073732053746F7261676520284853204D6F6465290000000042657461666C6967EE
:20A8C0006874204643204D6173732053746F7261676520284653204D6F646529000000009B
:20A8E00053544D6963726F656C656374726F6E69637300004D534320436F6E6669670000C3
:20A900004D534320496E746572666163650000002E0000002E2E00004D53444F53352E3000
:20A92000000000004E4F204E414D45202020200046415433322020200000000048205072EF
:20A940006F647563743A426C61636B626F7800004254464C5F253033642E42424C00000007
:20A9600048204C6F67207374617274206461746574696D653A0000004254464C5F414C4CF8
:20A980002E42424C0000000050414444494E472E5458540042455441464C5400253038788D
:20A9A000203E3E202A2A303132333435363738394142434445462A2A000000000102030487
:20A9C00005060708090A0B0C0D0E0000303132333435363738394142434445464748494A54
:20A9E0004B4C4D4E4F505152535455565758595A00000000484D433538383300414B383982
:20AA000037350000514D43353838334C000000004C4953324D444C004C4953334D444C00D6
:20AA20004D5055393235585F414B38393633000049535438333130004D4D433536305800DB
:20AA4000514D433538383350000000000A0805FF00000000050F0A0F14FF00000405040585
:20AA600008050F05080504050405FF00140F2305FF00000005050505FF0000000A0AFF0027
:20AA80001932FF003202FF001E051E051E05FF0005050F0505050F1EFF0000001E05050550
:20AAA000FF0000000F050F05FF0000000A0A0A0A0A28280A280A28280A0A0A0A0A46FF00EB
:20AAC0003232FF00140A140A140AFF0052500000525059004C454741435900004C494E4540
:20AAE0004152000044594E414D494300455A4C414E44494E470000004D4158373435360066
:20AB00004652534B594F53440000000046424F534400000054494D310000000054494D3815
:20AB200000000000325F504F494E5400335F504F494E5400345F504F494E540044454641B1
:20AB4000554C54004241524F5F4F4E4C590000004750535F4F4E4C590000000052414E4788
:20AB60004546494E4445525F505245464552000052414E474546494E4445525F4F4E4C59EF
:20AB800000000000524F4C4C00000000504954434800000059415700424C41434B000000B6
:20ABA0005748495445000000524544004F52414E4745000059454C4C4F5700004C494D457A
:20ABC0005F475245454E0000475245454E0000004D494E545F475245454E00004359414E01
:20ABE000000000004C494748545F424C55450000424C5545000000004441524B5F56494FBF
:20AC00004C4554004D4147454E544100444545505F50494E4B000000524143450000000088
:20AC2000424541434F4E0000495F465245455A450000000050445F495F465245455A4500A7
:20AC4000504400004E4F524D414C000050495443484F4E4C5900000046554C4C00000000AA
:20AC6000554E54494C5F46495253545F41524D005448524F54544C45000000005345545070
:20AC80004F494E540000000052505F494E4300005250595F494E430050414C004E54534356
:20ACA00000000000484400005343414C45000000434C4950000000004752420052474200C2
:20ACC00047524257000000003139324D485A00003231364D485A00003234304D485A0000AA
:20ACE00042455441464C49474854000052414345464C4947485400004B4953530000000067
:20AD000041435455414C0000515549434B000000414C4C004D540000555054310000000058
:20AD2000484353523034000054464D494E49000054463032000000004D5446303100000074
:20AD40004D544630320000004D544630315000004D5446303250000054464E4F56410000AB
:20AD60004E4F4F504C4F4F505F4632004E4F4F504C4F4F505F463250000000004E4F4F50AD
:20AD80004C4F4F505F463250480000004E4F4F504C4F4F505F4600004E4F4F504C4F4F5079
:20ADA0005F4650004E4F4F504C4F4F505F46324D494E490048414C46000000004E4F4D49D6
:20ADC0004E414C00444F55424C45000049324300534C415645000000424545500000000088
:20ADE00044495341524D000053544147453100004B494C4C0000000053544147453200001C
:20AE00004155544F2D4C414E4400000044524F50000000004750532D52455343554500009A
:20AE20005054310042495155414400005054320050543300464F5243450000004F4E455336
:20AE4000484F5431323500004F4E4553484F5434320000004D554C544953484F5400000020
:20AE600042525553484544004453484F54313530000000004453484F543330300000000098
:20AE80004453484F543630300000000050524F53484F54313030300044495341424C454472
:20AEA0000000000044524F4E4543414E000000004359434C4554494D45000000424154547E
:20AEC000455259004759524F5F46494C5445524544000000414343454C45524F4D4554452A
:20AEE000520000005049444C4F4F500052435F494E544552504F4C4154494F4E000000000D
:20AF0000414E474C45524154450000004553435F53454E534F5200005343484544554C453D
:20AF200052000000535441434B0000004553435F53454E534F525F52504D00004553435FAD
:20AF400053454E534F525F544D500000414C54495455444500000000464654004646545F4C
:20AF600054494D45000000004646545F465245510000000052585F4652534B595F53504952
:20AF80000000000052585F53464853535F535049000000004759524F5F524157000000004C
:20AFA0004D554C54495F4759524F5F52415700004D554C54495F4759524F5F44494646007A
:20AFC0004D4158373435365F5349474E414C00004D4158373435365F535049434C4F434B25
:20AFE00000000000534255530000000046504F525400000052414E474546494E4445520064
:20B0000052414E474546494E4445525F5155414C495459004F50544943414C464C4F57003F
:20B020004C494441525F5446000000004144435F494E5445524E414C0000000052554E41F1
:20B040005741595F54414B454F4646005344494F0000000043555252454E545F53454E53B6
:20B060004F52000055534200534D415254415544494F000052544800495445524D5F5245E7
:20B080004C4158004143524F5F545241494E45520000000052435F534D4F4F5448494E4786
:20B0A0000000000052585F5349474E414C5F4C4F5353000052435F534D4F4F5448494E477D
:20B0C0005F52415445000000414E54495F475241564954590000000044594E5F4C50460008
:20B0E00052585F5350454B5452554D5F535049004453484F545F52504D5F54454C454D4596
:20B100005452590052504D5F46494C5445520000445F4D415800000041435F434F52524535
:20B120004354494F4E00000041435F4552524F52000000004D554C54495F4759524F5F5348
:20B1400043414C45440000004453484F545F52504D5F4552524F525300000000435253465C
:20B160005F4C494E4B5F535441544953544943535F55504C494E4B00435253465F4C494E36
:20B180004B5F535441544953544943535F50575200000000435253465F4C494E4B5F5354E1
:20B1A00041544953544943535F444F574E0000004241524F000000004155544F50494C4F03
:20B1C000545F414C544954554445000044594E5F49444C450000000046454544464F5257A6
:20B1E0004152445F4C494D495400000046454544464F525741524400424C41434B424F582B
:20B200005F4F5554505554004759524F5F53414D504C450052585F54494D494E47000000AB
:20B22000445F4C50460000005654585F5452414D5000000047485354000000004748535438
:20B240005F4D5350000000005343484544554C45525F44455445524D494E49534D00000060
:20B2600054494D494E475F41434355524143590052585F455850524553534C52535F535036
:20B280004900000052585F455850524553534C52535F50484153454C4F434B0052585F53EC
:20B2A000544154455F54494D450000004750535F5245534355455F56454C4F4349545900F4
:20B2C0004750535F5245534355455F48454144494E4700004750535F5245534355455F544C
:20B2E0005241434B494E47004750535F434F4E4E454354494F4E00004154544954554445B2
:20B30000000000005654585F4D5350004750535F444F50004641494C534146450000000075
:20B320004759524F5F43414C4942524154494F4E00000000414E474C455F4D4F444500005A
:20B34000414E474C455F5441524745540000000043555252454E545F414E474C4500000077
:20B360004453484F545F54454C454D455452595F434F554E5453000052504D5F4C494D497D
:20B380005400000052435F5354415453000000004D41475F43414C49420000004D41475F13
:20B3A0005441534B5F5241544500000054504100535F5445524D0000535041005441534BE9
:20B3C0000000000047494D42414C000057494E475F534554504F494E540000004348495291
:20B3E00050000000464C4153485F544553545F50524253004D41564C494E4B5F54454C45BF
:20B400004D455452590000004155544F50494C4F545F5049440000004155544F50494C4F31
:20B42000545F53544F500000424D5030383500004D53353631310000424D503238300000B1
:20B440004C505300514D503639383800424D503338380000445053333130000032534D5011
:20B46000425F3032420000004C50533232444600424D503538300000424D503538310000B1
:20B480005649525455414C0053504130365F3030330000004D505536303530004D50553664
:20B4A000303030004D505536353030004D5055393235300049434D323036303100000000AB
:20B4C00049434D32303630320000000049434D32303630384700000049434D32303634399B
:20B4E0000000000049434D32303638390000000049434D34323630350000000049434D3483
:20B500003236383850000000424D493136300000424D4932373000004C534D3644534F001B
:20B520004C534D36445356313658000049494D34323635330000000049434D34353630357D
:20B540000000000049434D34353638360000000049434D34303630394400000049494D34D2
:20B5600032363532000000004C534D3644534B333230580049434D343236323250000000E2
:20B5800049434D3432363836500000004F5054494F4E5F31000000004F5054494F4E5F32A5
:20B5A000000000004558504552494D454E54414C000000005350454B3230343800000000FC
:20B5C00053554D440000000053554D480000000058422D420000000058422D422D524A30EA
:20B5E0003100000049425553000000004A4554494558425553000000435253460000000006
:20B600005352584C000000005352584C320000005350454B31303234000000004D41564C3C
:20B62000494E4B0045534300312F3100312F3200312F3400312F3800312F31360000000037
:20B640004D4F544F525F544553540000414C574159530000535049464C415348000000008F
:20B6600053444341524400004D41585F414C540046495845445F414C540000004355525207
:20B68000454E545F414C54005245534355455F53414E4954595F4F4646000000524553431E
:20B6A00055455F53414E4954595F4F4E000000005245534355455F53414E4954595F4653C7
:20B6C0005F4F4E4C590000004C414E4400000000434F4E54494E55450000000056454C4F0F
:20B6E000434954590000000042454152494E470048594252494400004649584544000000E7
:20B7000044414D50454E45520000000055534E4F0000000053550000504F525441424C4597
:20B720000000000053544154494F4E41525900005045444553545249414E00004155544FD3
:20B740004D4F54495645000041545F5345410000414952424F524E455F3147004149524201
:20B760004F524E455F324700414952424F524E455F34470045474E4F5300000057414153E9
:20B78000000000004D53415300000000474147414E0000004E4D45410000000055424C4FC4
:20B7A0005800000043573000435739300000000043573138300000004357323730000000FE
:20B7C000435730464C49500043573930464C4950000000004357313830464C4950000000E8
:20B7E0004357323730464C4950000000494D50455249414C000000004D45545249430000D4
:20B8000042524954495348005350495F53444F005350495F534449005350495F54580000C0
:20B820005350495F52580000554152545F545800554152545F5258004F4B00005741524EB5
:20B84000494E4700435249544943414C000000004E4F542050524553454E5400494E495459
:20B8600000000000554E4B4E4F574E004D3500004D3600004D3700004D3800004D39000004
:20B880004D313000414343004D4147004F50544943414C2D464C4F57000000004C334744E3
:20B8A00032300000554E434F4E4649475552454400000000434F4E464947555245440000B7
:20B8C0006779726F00000000616363006D61670072616E676566696E646572006F7074690A
:20B8E00063616C666C6F77004759524F5F43414C494252415445440052585F4C4F535400AA
:20B9000052585F4C4F53545F4C414E44494E470044495341524D494E4700000041524D49B9
:20B920004E47000041524D494E475F4750535F464958000041524D494E475F4750535F4E71
:20B940004F5F4649580000004241545F435249545F4C4F57000000004241545F4C4F570071
:20B960004750535F535441545553000052585F53455400004143435F43414C49425241543D
:20B98000494F4E004143435F43414C4942524154494F4E5F4641494C0000000052454144DC
:20B9A000595F4245455000004D554C54495F42454550530044495341524D5F5245504541CE
:20B9C0005400000041524D454400000053595354454D5F494E4954004F4E5F55534200004C
:20B9E000424C41434B424F585F455241534500004352415348464C495000000043414D5F66
:20BA0000434F4E4E454354494F4E5F4F50454E0043414D5F434F4E4E454354494F4E5F43E3
:20BA20004C4F534500000000414552543132333435363738616263646566676800000000DF
:20BA400052585F50504D000052585F5544500000494E464C494748545F4143435F43414C54
:20BA60000000000052585F53455249414C0000004D4F544F525F53544F5000005345525687
:20BA80004F5F54494C540000534F465453455249414C0000475053003344000052585F5005
:20BAA0004152414C4C454C5F50574D0052585F4D53500000525353495F41444300000000D5
:20BAC0004C45445F5354524950000000444953504C4159004F5344004348414E4E454C5F4C
:20BAE000464F5257415244494E4700005452414E53504F4E444552004149524D4F44450002
:20BB000052585F5350490000554E4B4E4F574E2020000000504152544954494F4E00000006
:20BB2000464C4153484653202000000042424D474D542020200000004649524D5741524548
:20BB400020000000434F4E464947202020000000545249005155414450000000515541441A
:20BB60005800000042490000593600004845583600000000464C59494E475F57494E4700DB
:20BB80005934000048455836580000004F43544F583800004F43544F464C41545000000034
:20BBA0004F43544F464C415458000000414952504C414E450000000048454C495F31323071
:20BBC0005F4343504D00000048454C495F39305F44454700565441494C34000048455836FB
:20BBE0004800000050504D5F544F5F534552564F000000004455414C434F5054455200002D
:20BC000053494E474C45434F5054455200000000415441494C340000435553544F4D414991
:20BC200052504C414E450000435553544F4D5452490000005155414458313233340000002B
:20BC40004F43544F58385000616873006779726F5F68617264776172655F6C706600000084
:20BC60006779726F5F6C7066315F7479706500006779726F5F6C7066315F73746174696396
:20BC80005F687A006779726F5F6C7066325F7479706500006779726F5F6C7066325F7374D4
:20BCA000617469635F687A006779726F5F6E6F746368315F687A00006779726F5F6E6F7483
:20BCC0006368315F6375746F666600006779726F5F6E6F746368325F687A00006779726F12
:20BCE0005F6E6F746368325F6375746F666600006779726F5F63616C69625F647572617417
:20BD0000696F6E006779726F5F63616C69625F6E6F6973655F6C696D697400006779726F06
:20BD20005F6F66667365745F796177006779726F5F6F766572666C6F775F64657465637401
:20BD4000000000007961775F7370696E5F7265636F766572790000007961775F7370696E41
:20BD60005F7468726573686F6C64000064796E5F6E6F7463685F636F756E740064796E5F9F
:20BD80006E6F7463685F710064796E5F6E6F7463685F6D696E5F687A0000000064796E5F63
:20BDA0006E6F7463685F6D61785F687A000000006779726F5F6C7066315F64796E5F6D690F
:20BDC0006E5F687A000000006779726F5F6C7066315F64796E5F6D61785F687A0000000091
:20BDE0006779726F5F6C7066315F64796E5F6578706F00006779726F5F66696C7465725FE6
:20BE000064656275675F6178697300006163635F6861726477617265000000006163635FAD
:20BE20006C70665F687A00006163635F7472696D5F706974636800006163635F7472696D84
:20BE40005F726F6C6C0000006163635F63616C6962726174696F6E006261726F5F6275736F
:20BE600074797065000000006261726F5F7370695F646576696365006261726F5F693263E1
:20BE80005F646576696365006261726F5F6932635F61646472657373000000006261726FE9
:20BEA0005F68617264776172650000006D69645F726300006D696E5F636865636B000000C6
:20BEC0006D61785F636865636B000000727373695F6368616E6E656C000000007273736905
:20BEE0005F7372635F6672616D655F6572726F7273000000727373695F7363616C6500000D
:20BF0000727373695F6F666673657400727373695F696E7665727400727373695F7372635A
:20BF20005F6672616D655F6C70665F706572696F64000000727373695F736D6F6F746869F1
:20BF40006E67000072635F736D6F6F7468696E670000000072635F736D6F6F7468696E67F4
:20BF60005F6175746F5F666163746F720000000072635F736D6F6F7468696E675F61757416
:20BF80006F5F666163746F725F7468726F74746C6500000072635F736D6F6F7468696E6773
:20BFA0005F736574706F696E745F6375746F66660000000072635F736D6F6F7468696E67BA
:20BFC0005F7468726F74746C655F6375746F66660000000072635F736D6F6F7468696E679A
:20BFE0005F64656275675F61786973006670765F6D69785F64656772656573006D61785FEB
:20C000006175785F6368616E6E656C730000000073657269616C72785F70726F7669646565
:20C020007200000073657269616C72785F696E7665727465640000006169726D6F64655F24
:20C0400073746172745F7468726F74746C655F70657263656E74000072785F6D696E5F752C
:20C060007365630072785F6D61785F757365630073657269616C72785F68616C666475703A
:20C080006C6578006D73705F6F766572726964655F6368616E6E656C735F6D61736B000092
:20C0A0006D73705F6F766572726964655F6661696C736166650000006164635F64657669A8
:20C0C000636500006164635F76726566696E745F63616C6962726174696F6E006164635FA5
:20C0E00074656D7073656E736F725F63616C6962726174696F6E3330000000006164635F1F
:20C1000074656D7073656E736F725F63616C6962726174696F6E313130000000626C6163C4
:20C120006B626F785F73616D706C655F7261746500000000626C61636B626F785F6465767B
:20C1400069636500626C61636B626F785F64697361626C655F70696473000000626C616394
:20C160006B626F785F64697361626C655F726300626C61636B626F785F64697361626C652B
:20C180005F736574706F696E74000000626C61636B626F785F64697361626C655F626174BB
:20C1A00000000000626C61636B626F785F64697361626C655F616C7400000000626C6163D4
:20C1C0006B626F785F64697361626C655F72737369000000626C61636B626F785F64697373
:20C1E00061626C655F6779726F000000626C61636B626F785F64697361626C655F67797261
:20C200006F756E66696C7400626C61636B626F785F64697361626C655F616363000000001E
:20C22000626C61636B626F785F64697361626C655F6174746974756465000000626C616330
:20C240006B626F785F64697361626C655F64656275670000626C61636B626F785F646973AC
:20C2600061626C655F6D6F746F727300626C61636B626F785F64697361626C655F72706D00
:20C2800000000000626C61636B626F785F64697361626C655F67707300000000626C6163EA
:20C2A0006B626F785F6D6F6465000000626C61636B626F785F686967685F7265736F6C7588
:20C2C00074696F6E000000006D61785F7468726F74746C65000000006D696E5F636F6D6D3A
:20C2E000616E64006D6F746F725F6B76000000006D6F746F725F69646C6500006473686FBE
:20C30000745F6275727374006473686F745F6269646972006473686F745F656474000000D1
:20C320006473686F745F62697462616E670000006473686F745F62697462616E675F746911
:20C340006D6572007573655F756E73796E6365645F70776D000000006D6F746F725F70775A
:20C360006D5F70726F746F636F6C00006D6F746F725F70776D5F7261746500006D6F746FD1
:20C38000725F70776D5F696E76657273696F6E006D6F746F725F706F6C6573006D6F746FCA
:20C3A000725F6F75747075745F72656F72646572696E67007468725F636F72725F76616C66
:20C3C000756500007468725F636F72725F616E676C6500006661696C736166655F64656CEB
:20C3E000617900006661696C736166655F6C616E64696E675F74696D650000006661696C42
:20C40000736166655F7468726F74746C650000006661696C736166655F7377697463685F1D
:20C420006D6F6465000000006661696C736166655F7468726F74746C655F6C6F775F64656E
:20C440006C6179006661696C736166655F70726F63656475726500006661696C73616665F8
:20C460005F7265636F766572795F64656C6179006661696C736166655F737469636B5F74F5
:20C4800068726573686F6C6400000000616C69676E5F626F6172645F726F6C6C00000000B9
:20C4A000616C69676E5F626F6172645F7069746368000000616C69676E5F626F6172645FC2
:20C4C00079617700626174746572795F70726F66696C655F6E616D65000000006261745F2A
:20C4E000636170616369747900000000766261745F6D61785F63656C6C5F766F6C746167B1
:20C5000065000000766261745F66756C6C5F63656C6C5F766F6C74616765000076626174FA
:20C520005F6D696E5F63656C6C5F766F6C74616765000000766261745F7761726E696E6706
:20C540005F63656C6C5F766F6C74616765000000636261745F616C6572745F70657263650C
:20C560006E740000666F7263655F626174746572795F63656C6C5F636F756E7400000000E9
:20C58000766261745F687973746572657369730063757272656E745F6D65746572000000BD
:20C5A000626174746572795F6D65746572000000766261745F6465746563745F63656C6C80
:20C5C0005F766F6C74616765000000007573655F766261745F616C65727473007573655F1B
:20C5E000636261745F616C6572747300766261745F6375746F66665F70657263656E7400D4
:20C60000766261745F646973706C61795F6C70665F706572696F6400766261745F7361674E
:20C620005F6C70665F706572696F6400696261745F6C70665F706572696F640076626174A7
:20C640005F6475726174696F6E5F666F725F7761726E696E67000000766261745F647572C3
:20C660006174696F6E5F666F725F637269746963616C0000766261745F7363616C6500003B
:20C68000766261745F6469766964657200000000766261745F6D756C7469706C6965720054
:20C6A00069626174615F7363616C650069626174615F6F666673657400000000696261748B
:20C6C000765F7363616C650069626174765F6F6666736574000000006265657065725F6946
:20C6E0006E76657273696F6E000000006265657065725F6F640000006265657065725F66E9
:20C7000072657175656E6379000000006265657065725F6473686F745F626561636F6E5F93
:20C72000746F6E65000000007961775F6D6F746F72735F7265766572736564006D6978657D
:20C74000725F7479706500006372617368666C69705F6D6F746F725F70657263656E7400AA
:20C760006372617368666C69705F7261746500006372617368666C69705F6175746F5F724D
:20C780006561726D0000000033645F6465616462616E645F6C6F770033645F646561646244
:20C7A000616E645F686967680000000033645F6E65757472616C000033645F646561646270
:20C7C000616E645F7468726F74746C650000000033645F6C696D69745F6C6F77000000008B
:20C7E00033645F6C696D69745F6869676800000033645F73776974636865645F6D6F6465D0
:20C80000000000007261746570726F66696C655F6E616D65000000007468725F6D69640094
:20C820007468725F6578706F000000007468725F686F76657200000072617465735F747953
:20C8400070650000717569636B72617465735F72635F6578706F0000726F6C6C5F72635F2C
:20C86000726174650000000070697463685F72635F726174650000007961775F72635F725F
:20C8800061746500726F6C6C5F6578706F00000070697463685F6578706F00007961775FA7
:20C8A0006578706F00000000726F6C6C5F7372617465000070697463685F737261746500EF
:20C8C0007961775F73726174650000007468726F74746C655F6C696D69745F747970650074
:20C8E0007468726F74746C655F6C696D69745F70657263656E740000726F6C6C5F72617495
:20C90000655F6C696D69740070697463685F726174655F6C696D6974000000007961775FE3
:20C92000726174655F6C696D697400007265626F6F745F6368617261637465720000000036
:20C9400073657269616C5F7570646174655F726174655F687A000000696D755F64636D5FEC
:20C960006B700000696D755F64636D5F6B690000736D616C6C5F616E676C6500696D755FA2
:20C9800070726F636573735F64656E6F6D0000006175746F5F64697361726D5F64656C6199
:20C9A000790000006779726F5F63616C5F6F6E5F66697273745F61726D00000070726561A4
:20C9C000726D5F616C6C6F775F726561726D00006770735F70726F76696465720000000070
:20C9E0006770735F736261735F6D6F64650000006770735F6175746F5F636F6E66696700AA
:20CA00006770735F6175746F5F626175640000006770735F75626C6F785F61637175697202
:20CA2000655F6D6F64656C006770735F75626C6F785F666C696768745F6D6F64656C000001
:20CA40006770735F7570646174655F726174655F687A00006770735F75626C6F785F757443
:20CA6000635F7374616E6461726400006770735F75626C6F785F7573655F67616C696C6557
:20CA80006F0000006770735F75626C6F785F656E61626C655F616E61000000006770735F56
:20CAA0007365745F686F6D655F706F696E745F6F6E6365006770735F7573655F33645F73D7
:20CAC00070656564000000006770735F736261735F696E7465677269747900006770735F7F
:20CAE0006E6D65615F637573746F6D5F636F6D6D616E6473000000006770735F7265736394
:20CB000075655F6D696E5F73746172745F646973740000006770735F7265736375655F6108
:20CB20006C745F6D6F6465006770735F7265736375655F696E697469616C5F636C696D6232
:20CB4000000000006770735F7265736375655F617363656E645F7261746500006770735F24
:20CB60007265736375655F72657475726E5F616C740000006770735F7265736375655F6799
:20CB8000726F756E645F7370656564006770735F7265736375655F64657363656E745F64C5
:20CBA000697374006770735F7265736375655F64657363656E645F72617465006770735F0C
:20CBC0007265736375655F73616E6974795F636865636B73000000006770735F72657363B1
:20CBE00075655F6D696E5F73617473006770735F7265736375655F616C6C6F775F61726D51
:20CC0000696E675F776974686F75745F666978006770735F7265736375655F7961775F700E
:20CC2000000000007961775F6465616462616E64000000007961775F636F6E74726F6C5F11
:20CC40007265766572736564000000007069645F70726F636573735F64656E6F6D00000067
:20CC600072756E617761795F74616B656F66665F70726576656E74696F6E000072756E610F
:20CC80007761795F74616B656F66665F646561637469766174655F64656C6179000000001D
:20CCA00072756E617761795F74616B656F66665F646561637469766174655F7468726F7425
:20CCC000746C655F70657263656E7400647465726D5F6C7066315F64796E5F6D696E5F68BD
:20CCE0007A000000647465726D5F6C7066315F64796E5F6D61785F687A000000647465728D
:20CD00006D5F6C7066315F64796E5F6578706F00647465726D5F6C7066315F747970650000
:20CD2000647465726D5F6C7066315F7374617469635F687A00000000647465726D5F6C7086
:20CD400066325F7479706500647465726D5F6C7066325F7374617469635F687A0000000003
:20CD6000647465726D5F6E6F7463685F687A0000647465726D5F6E6F7463685F6375746F2A
:20CD800066660000766261745F7361675F636F6D70656E736174696F6E0000007069645F75
:20CDA00061745F6D696E5F7468726F74746C6500616E74695F677261766974795F67616985
:20CDC0006E000000616E74695F677261766974795F6375746F66665F687A0000616E746901
:20CDE0005F677261766974795F705F6761696E006163635F6C696D69745F796177000000AC
:20CE00006163635F6C696D697400000063726173685F647468726573686F6C6400000000CC
:20CE200063726173685F677468726573686F6C640000000063726173685F736574706F694A
:20CE40006E745F7468726573686F6C640000000063726173685F74696D65000063726173FC
:20CE6000685F64656C61790063726173685F7265636F766572795F616E676C650000000097
:20CE800063726173685F7265636F766572795F726174650063726173685F6C696D69745FBA
:20CEA0007961770063726173685F7265636F766572790000697465726D5F726F746174692F
:20CEC0006F6E0000697465726D5F72656C617800697465726D5F72656C61785F747970651C
:20CEE00000000000697465726D5F72656C61785F6375746F66660000697465726D5F776950
:20CF00006E6475700000000070696473756D5F6C696D69740000000070696473756D5F6CED
:20CF2000696D69745F796177000000007961775F6C6F77706173735F687A00007468726FD7
:20CF400074746C655F626F6F737400007468726F74746C655F626F6F73745F6375746F6616
:20CF6000660000006163726F5F747261696E65725F616E676C655F6C696D6974000000006E
:20CF80006163726F5F747261696E65725F6C6F6F6B61686561645F6D730000006163726FAD
:20CFA0005F747261696E65725F64656275675F61786973006163726F5F747261696E6572AA
:20CFC0005F6761696E000000705F706974636800695F706974636800645F706974636800B1
:20CFE000665F706974636800705F726F6C6C0000695F726F6C6C0000645F726F6C6C0000CF
:20D00000665F726F6C6C0000705F796177000000695F796177000000645F79617700000045
:20D02000665F796177000000616E676C655F705F6761696E00000000616E676C655F6665D5
:20D040006564666F7277617264000000616E676C655F66656564666F72776172645F736DE4
:20D060006F6F7468696E675F6D730000616E676C655F6C696D697400616E676C655F6561C8
:20D080007274685F72656600686F72697A6F6E5F6C6576656C5F737472656E677468000058
:20D0A000686F72697A6F6E5F6C696D69745F737469636B7300000000686F72697A6F6E5F91
:20D0C0006C696D69745F64656772656573000000686F72697A6F6E5F69676E6F72655F7335
:20D0E0007469636B73000000686F72697A6F6E5F64656C61795F6D73000000007573655FB0
:20D10000696E74656772617465645F7961770000696E74656772617465645F7961775F7290
:20D12000656C617800000000645F6D61785F726F6C6C0000645F6D61785F706974636800A4
:20D14000645F6D61785F796177000000645F6D61785F6761696E0000645F6D61785F6164E2
:20D1600076616E63650000006D6F746F725F6F75747075745F6C696D697400006175746F2A
:20D180005F70726F66696C655F63656C6C5F636F756E74006C61756E63685F636F6E7472B8
:20D1A0006F6C5F6D6F6465006C61756E63685F747269676765725F616C6C6F775F7265739B
:20D1C000657400006C61756E63685F747269676765725F7468726F74746C655F70657263CA
:20D1E000656E74006C61756E63685F616E676C655F6C696D697400006C61756E63685F634C
:20D200006F6E74726F6C5F6761696E007468727573745F6C696E656172000000666565645A
:20D22000666F72776172645F7472616E736974696F6E000066656564666F72776172645F67
:20D24000617665726167696E6700000066656564666F72776172645F736D6F6F74685F66D3
:20D260006163746F7200000066656564666F72776172645F6A69747465725F666163746FAF
:20D280007200000066656564666F72776172645F626F6F737400000066656564666F7277BB
:20D2A0006172645F6D61785F726174655F6C696D6974000066656564666F72776172645F21
:20D2C0007961775F686F6C645F6761696E00000066656564666F72776172645F7961775F61
:20D2E000686F6C645F74696D6500000064796E5F69646C655F6D696E5F72706D00000000E0
:20D3000064796E5F69646C655F705F6761696E0064796E5F69646C655F695F6761696E00EA
:20D3200064796E5F69646C655F645F6761696E0064796E5F69646C655F6D61785F696E635E
:20D3400072656173650000006C6576656C5F726163655F6D6F64650073696D706C6966694A
:20D3600065645F706964735F6D6F64650000000073696D706C69666965645F6D6173746532
:20D38000725F6D756C7469706C6965720000000073696D706C69666965645F695F676169F7
:20D3A0006E00000073696D706C69666965645F645F6761696E00000073696D706C696669BB
:20D3C00065645F70695F6761696E000073696D706C69666965645F645F6D61785F67616930
:20D3E0006E00000073696D706C69666965645F66656564666F72776172645F6761696E00B3
:20D4000073696D706C69666965645F70697463685F645F6761696E0073696D706C69666951
:20D4200065645F70697463685F70695F6761696E0000000073696D706C69666965645F648D
:20D440007465726D5F66696C7465720073696D706C69666965645F647465726D5F66696CF4
:20D460007465725F6D756C7469706C696572000073696D706C69666965645F6779726F5F16
:20D4800066696C746572000073696D706C69666965645F6779726F5F66696C7465725F6D0F
:20D4A000756C7469706C6965720000007470615F6D6F6465000000007470615F72617465F9
:20D4C000000000007470615F627265616B706F696E7400007470615F6C6F775F7261746578
:20D4E000000000007470615F6C6F775F627265616B706F696E7400007470615F6C6F775F53
:20D50000616C776179730000657A5F6C616E64696E675F7468726573686F6C640000000033
:20D52000657A5F6C616E64696E675F6C696D697400000000657A5F6C616E64696E675F7365
:20D5400070656564000000006C616E64696E675F64697361726D5F7468726573686F6C6445
:20D5600000000000746C6D5F696E76657274656400000000746C6D5F68616C666475706CA2
:20D5800065780000686F74745F616C61726D5F696E7400007069645F696E5F746C6D0000BA
:20D5A0007265706F72745F63656C6C5F766F6C746167650074656C656D657472795F646978
:20D5C0007361626C65645F766F6C74616765000074656C656D657472795F64697361626CE6
:20D5E00065645F63757272656E74000074656C656D657472795F64697361626C65645F66C9
:20D6000075656C0074656C656D657472795F64697361626C65645F6D6F64650074656C65A4
:20D620006D657472795F64697361626C65645F6163635F780000000074656C656D65747263
:20D64000795F64697361626C65645F6163635F790000000074656C656D657472795F646955
:20D660007361626C65645F6163635F7A0000000074656C656D657472795F64697361626C37
:20D6800065645F70697463680000000074656C656D657472795F64697361626C65645F7207
:20D6A0006F6C6C0074656C656D657472795F64697361626C65645F68656164696E67000082
:20D6C00074656C656D657472795F64697361626C65645F616C7469747564650074656C6573
:20D6E0006D657472795F64697361626C65645F766172696F0000000074656C656D65747280
:20D70000795F64697361626C65645F6C61745F6C6F6E670074656C656D657472795F646943
:20D720007361626C65645F67726F756E645F73706565640074656C656D657472795F646919
:20D740007361626C65645F64697374616E63650074656C656D657472795F64697361626C0B
:20D7600065645F6573635F63757272656E74000074656C656D657472795F64697361626C3B
:20D7800065645F6573635F766F6C74616765000074656C656D657472795F64697361626C2C
:20D7A00065645F6573635F72706D000074656C656D657472795F64697361626C65645F6522
:20D7C00073635F74656D7065726174757265000074656C656D657472795F64697361626CBD
:20D7E00065645F74656D7065726174757265000074656C656D657472795F64697361626CAA
:20D8000065645F6361705F75736564006C656473747269705F76697375616C5F6265657047
:20D82000657200006C656473747269705F76697375616C5F6265657065725F636F6C6F7267
:20D84000000000006C656473747269705F6772625F726762000000006C65647374726970C6
:20D860005F70726F66696C65000000006C656473747269705F726163655F636F6C6F720079
:20D880006C656473747269705F626561636F6E5F636F6C6F720000006C6564737472697075
:20D8A0005F626561636F6E5F706572696F645F6D730000006C656473747269705F62656192
:20D8C000636F6E5F70657263656E74006C656473747269705F626561636F6E5F61726D6586
:20D8E000645F6F6E6C7900006C656473747269705F6272696768746E657373006C656473FC
:20D90000747269705F7261696E626F775F64656C746100006C656473747269705F7261698C
:20D920006E626F775F6672657100000073797374656D5F6873655F6D687A00007461736B7F
:20D940005F737461746973746963730064656275675F6D6F64650000726174655F36706FF2
:20D96000735F737769746368000000006370755F6F766572636C6F636B0000007077725F1C
:20D980006F6E5F61726D5F677261636500000000656E61626C655F737469636B5F61726D27
:20D9A000696E67007674785F62616E64000000007674785F6368616E6E656C007674785F78
:20D9C000706F7765720000007674785F6C6F775F706F7765725F64697361726D000000009C
:20D9E0007674785F736F667473657269616C5F616C7400007674785F66726571000000001B
:20DA00007674785F7069745F6D6F64655F667265710000007674785F68616C666475706CD6
:20DA2000657800007663645F766964656F5F73797374656D000000007663645F685F6F661A
:20DA400066736574000000007663645F765F6F6666736574000000006D6178373435365FA1
:20DA6000636C6F636B0000006D6178373435365F7370695F627573006D6178373435365FAF
:20DA8000707265696E69745F6F707500646973706C6179706F72745F6D6178373435365F43
:20DAA000636F6C5F61646A7573740000646973706C6179706F72745F6D6178373435365FA9
:20DAC000726F775F61646A7573740000646973706C6179706F72745F6D6178373435365F6F
:20DAE000696E7600646973706C6179706F72745F6D6178373435365F626C6B00646973705B
:20DB00006C6179706F72745F6D6178373435365F776874006573635F73656E736F725F68D2
:20DB2000616C666475706C65780000006573635F73656E736F725F63757272656E745F6FBC
:20DB400066667365740000006C65645F696E76657273696F6E00000072616E676566696EF2
:20DB60006465725F6861726477617265000000006F70746963616C666C6F775F686172641B
:20DB800077617265000000006F70746963616C666C6F775F726F746174696F6E0000000063
:20DBA0006F70746963616C666C6F775F6C7066006F70746963616C666C6F775F666C697072
:20DBC0005F78000070696E696F5F636F6E6669670000000070696E696F5F626F78000000B3
:20DBE0007573625F6869645F636463007573625F6D73635F70696E5F70756C6C757000002B
:20DC0000666C6173685F7370695F62757300000072636465766963655F696E69745F646522
:20DC2000765F617474656D707473000072636465766963655F696E69745F6465765F617473
:20DC400074656D70745F696E74657276616C000072636465766963655F70726F746F636F2C
:20DC60006C5F76657273696F6E00000072636465766963655F666561747572650000000043
:20DC80006779726F5F315F6275737479706500006779726F5F315F73706962757300000082
:20DCA0006779726F5F315F6932634275730000006779726F5F315F6932635F61646472657F
:20DCC00073730000693263315F70756C6C757000693263315F636C6F636B73706565645F24
:20DCE0006B687A00693263325F70756C6C757000693263325F636C6F636B73706565645F9B
:20DD00006B687A00693263335F70756C6C757000693263335F636C6F636B73706565645F78
:20DD20006B687A006D636F325F6F6E5F706339007363686564756C65725F72656C61785FE5
:20DD4000727800007363686564756C65725F72656C61785F6F7364007363686564756C65AD
:20DD6000725F64656275675F7461736B000000006370755F6C6174655F6C696D69745F701F
:20DD800065726D696C6C650073657269616C6D73705F68616C666475706C6578000000003D
:20DDA00074696D657A6F6E655F6F66667365745F6D696E757465730072706D5F66696C7451
:20DDC00065725F6861726D6F6E6963730000000072706D5F66696C7465725F7765696768A2
:20DDE0007473000072706D5F66696C7465725F710000000072706D5F66696C7465725F6D38
:20DE0000696E5F687A00000072706D5F66696C7465725F666164655F72616E67655F687A1A
:20DE20000000000072706D5F66696C7465725F6C70665F687A00000073746174735F6D6968
:20DE40006E5F61726D65645F74696D655F73000073746174735F746F74616C5F666C696759
:20DE60006874730073746174735F746F74616C5F74696D655F73000073746174735F746F50
:20DE800074616C5F646973745F6D000073746174735F736176655F6D6F76655F6C696D6905
:20DEA0007400000063726166745F6E616D650000616C7469747564655F736F757263650092
:20DEC000616C7469747564655F7072656665725F6261726F00000000616C746974756465A4
:20DEE0005F6C70660000000072616E676566696E6465725F6D61785F72616E67655F636DBC
:20DF000000000000616C7469747564655F645F6C7066000061705F6C616E64696E675F6174
:20DF20006C7469747564655F6D00000061705F686F7665725F7468726F74746C65000000F1
:20DF400061705F7468726F74746C655F6D696E0061705F7468726F74746C655F6D6178002D
:20DF600061705F616C7469747564655F7000000061705F616C7469747564655F69000000F2
:20DF800061705F616C7469747564655F6400000061705F616C7469747564655F66000000E1
:20DFA00061705F706F736974696F6E5F7000000061705F706F736974696F6E5F6900000080
:20DFC00061705F706F736974696F6E5F6400000061705F706F736974696F6E5F6100000074
:20DFE00061705F706F736974696F6E5F6600000061705F706F736974696F6E5F6375746FF8
:20E000006666000061705F73746F705F7468726573686F6C6400000061705F6D61785F61DC
:20E020006E676C650000000061705F76656C6F636974795F647261675F636F65666600003C
:20E0400061705F6D61785F76656C6F6369747900626F785F757365725F315F6E616D650085
:20E06000626F785F757365725F325F6E616D6500626F785F757365725F335F6E616D6500AF
:20E08000626F785F757365725F345F6E616D6500494E56414C4944000D0A456E7465726901
:20E0A0006E6720434C49204D6F64652C20747970652027657869742720746F207265626FED
:20E0C0006F742C206F72202768656C70270000000D0A1B5B4B0000001B5B324A1B5B313B6D
:20E0E00031480000082008004E4F4759524F000052584C4F535300004E4F545F444953413D
:20E10000524D454400000000424F584641494C534146450052554E4157415900424F4F5458
:20E1200047524143450000004E4F50524541524D000000004C4F414400000000434C490021
:20E14000434D530042535400504152414C595A45000000005245534355455F5357000000BB
:20E160004453484F545F54454C454D005245424F4F545F52455144004453484F545F42428C
:20E18000414E47004E4F5F4143435F43414C00004D4F544F525F50524F544F00464C495008
:20E1A0005F53574954434800414C545F484F4C445F535700504F535F484F4C445F5357003D
:20E1C0004155544F50494C4F545F53570000000041524D5F53574954434800005359535411
:20E1E000454D000055504441544500004759524F0000000044495350415443480000000039
:20E20000424154544552595F564F4C5441474500424154544552595F43555252454E5400D5
:20E22000424154544552595F414C45525453000042454550455200004750535F5245534370
:20E24000554500004C45445354524950000000005654584354524C00524344455649434541
:20E2600000000000414443494E5445524E414C0050494E494F424F580000000050504D0024
:20E280004D4F544F52000000534552564F0000004C4544004144435F424154540000000037
:20E2A0004144435F43555252000000004144435F455854004144435F52535349000000007B
:20E2C000444542554700000054494D4552000000534F4E41525F5452494747455200000060
:20E2E000534F4E41525F4543484F00005350495F53434B004932435F53434C004932435FD5
:20E30000534441005344494F5F434B005344494F5F434D44000000005344494F5F443000A5
:20E320005344494F5F4431005344494F5F4432005344494F5F4433005344434152445F437E
:20E34000530000005344434152445F444554454354000000464C4153485F4353000000003E
:20E360004241524F5F4353004759524F5F4353004F53445F4353000052585F5350495F43DC
:20E38000530000005350495F435300004759524F5F455854490000004241524F5F454F4315
:20E3A00000000000434F4D504153535F45585449000000005553425F4445544543540000AC
:20E3C00052585F42494E4400494E564552544552000000005654585F504F574552000000BA
:20E3E0005654585F435300005654585F44415441000000005654585F434C4B00434F4D5041
:20E400004153535F4353000052585F42494E445F504C554700000000455343534552494114
:20E420004C00000043414D4552415F434F4E54524F4C000054494D555000000050494E49A8
:20E440004F0000005553425F4D53435F50494E004D434F0052585F5350495F42494E4400AB
:20E4600052585F5350495F4C45440000505245494E49540052585F5350495F4558544900CA
:20E4800052585F5350495F4343323530305F54585F454E0052585F5350495F43433235306D
:20E4A000305F4C4E415F454E0000000052585F5350495F4343323530305F414E545F534526
:20E4C0004C000000515350495F434C4B00000000515350495F424B31494F3000515350491B
:20E4E0005F424B31494F3100515350495F424B31494F3200515350495F424B31494F3300ED
:20E50000515350495F424B3143530000515350495F424B32494F3000515350495F424B328D
:20E52000494F3100515350495F424B32494F3200515350495F424B32494F3300515350498A
:20E540005F424B32435300004241524F5F58434C5200000050554C4C5550000050554C4C2C
:20E56000444F574E000000004453484F545F42495442414E470000005357440052585F5341
:20E5800050495F455850524553534C52535F52455345540052585F5350495F4558505245AE
:20E5A00053534C52535F425553590000534F465453455249414C5F5458000000534F4654DF
:20E5C00053455249414C5F52580000004C50554152545F54580000004C50554152545F5206
:20E5E000580000004759524F5F434C4B494E000050494F554152545F5458000050494F5546
:20E600004152545F5258000043414E5F5458000043414E5F5258000043414E5F53494C45F4
:20E620004E540000636F6E6669677572652061646A7573746D656E742072616E6765730077
:20E640003C696E6465783E203C756E757365643E203C72616E6765206368616E6E656C3E5A
:20E66000203C73746172743E203C656E643E203C66756E6374696F6E3E203C73656C656399
:20E6800074206368616E6E656C3E205B3C63656E7465723E203C7363616C653E5D0000005A
:20E6A000636F6E666967757265206D6F646573003C696E6465783E203C6D6F64653E203C33
:20E6C0006175783E203C73746172743E203C656E643E203C6C6F6769633E000062617463D3
:20E6E000680000007374617274206F7220656E642061206261746368206F6620636F6D6DC8
:20E70000616E6473000000007374617274207C20656E6400656E61626C652F646973616299
:20E720006C65204473686F7420626561636F6E20666F72206120636F6E646974696F6E008F
:20E740006C6973740D0A093C2D3E5B6E616D655D00000000656E61626C652F646973616244
:20E760006C652062656570657220666F72206120636F6E646974696F6E000000626C000098
:20E780007265626F6F7420696E746F20626F6F746C6F6164657200005B726F6D5D000000C3
:20E7A000626F6172645F6E616D650000676574202F2073657420746865206E616D65206FA5
:20E7C000662074686520626F617264206D6F64656C0000005B626F617264206E616D655D98
:20E7E00000000000636F6E66696775726520636F6C6F727300000000726573657420746F7F
:20E800002064656661756C747320616E64207265626F6F74000000007B6E6F736176657DFE
:20E820000000000064696666000000006C69737420636F6E66696775726174696F6E206368
:20E8400068616E6765732066726F6D2064656661756C74005B6D61737465727C70726F664F
:20E86000696C657C72617465737C68617264776172657C616C6C5D207B64656661756C7467
:20E88000737C626172657D0073686F772F73657420444D412061737369676E6D656E747378
:20E8A000000000003C3E207C203C6465766963653E203C696E6465783E206C697374207C0E
:20E8C000203C6465766963653E203C696E6465783E205B3C6F7074696F6E3E7C6E6F6E65C2
:20E8E0005D207C206C697374207C2073686F77006473686F745F74656C656D657472795F0B
:20E90000696E666F00000000646973706C6179206473686F742074656C656D6574727920F8
:20E92000696E666F20616E6420737461747300006473686F7470726F6700000070726F67F7
:20E9400072616D204453686F7420455343287329000000003C696E6465783E203C636F6D89
:20E960006D616E643E2B000064756D700000000064756D7020636F6E666967757261746967
:20E980006F6E0000656E760073686F7720656E7669726F6E6D656E74202876657273696FDB
:20E9A0006E202B20737461747573206173204E414D453D56414C5545290000005B70726520
:20E9C0006669785D0000000065736370726F6700706173737468726F75676820657363206D
:20E9E000746F2073657269616C0000003C6D6F6465205B736B2F626C2F6B692F63635D3ECA
:20EA0000203C696E6465783E0000000065786974000000006578697420636F6D6D616E64D1
:20EA2000206C696E6520696E7465726661636520616E64207265626F6F7420286465666167
:20EA4000756C7429000000005B6E6F7265626F6F745D0000636F6E6669677572652066656B
:20EA60006174757265730000666C6173685F657261736500657261736520666C6173682027
:20EA80006368697000000000666C6173685F696E666F000073686F7720666C617368206347
:20EAA00068697020696E666F00000000666C6173685F7265616400003C616464726573731E
:20EAC0003E203C6C656E6774683E0000666C6173685F7363616E00007363616E20666C61D2
:20EAE00073682064657669636520666F72206572726F727300000000666C6173685F777231
:20EB0000697465003C616464726573733E203C6D6573736167653E00676574006765742034
:20EB20007661726961626C652076616C756500005B6E616D655D0000677073706173737484
:20EB400068726F7567680000706173737468726F7567682067707320746F207365726961CF
:20EB60006C0000006779726F72656769737465727300000064756D70206779726F20636F07
:20EB80006E6669672072656769737465727320636F6E74656E747300646973706C61792035
:20EBA000636F6D6D616E642068656C70000000005B73656172636820737472696E675D00C8
:20EBC000636F6E666967757265206C65647300006D616E7566616374757265725F69640072
:20EBE000676574202F2073657420746865206964206F662074686520626F617264206D6160
:20EC00006E75666163747572657200005B6D616E7566616374757265722069645D00000003
:20EC2000636F6E666967757265207263206368616E6E656C206F7264657200005B3C6D6183
:20EC4000703E5D006D63755F696400006964206F6620746865206D6963726F636F6E7472B5
:20EC60006F6C6C6572000000636F6E666967757265206D69786572006C6973740D0A093C57
:20EC80006E616D653E0000006D6D697800000000637573746F6D206D6F746F72206D697880
:20ECA00065720000636F6E666967757265206D6F646520616E64207370656369616C20631F
:20ECC0006F6C6F72730000006765742F736574206D6F746F720000003C696E6465783E2047
:20ECE0005B3C76616C75653E5D0000006D73630073776974636820696E746F206D73632093
:20ED00006D6F6465000000005B3C74696D657A6F6E65206F6666736574206D696E757465F3
:20ED2000733E5D006F7074696F6E730073686F77206275696C64206F7074696F6E7300009C
:20ED4000706C61795F736F756E6400005B3C696E6465783E5D000000626174746572795FD1
:20ED600070726F66696C65006368616E676520626174746572792070726F66696C65000010
:20ED80006368616E67652070726F66696C6500007261746570726F66696C65006368616EC5
:20EDA000676520726174652070726F66696C650072635F736D6F6F7468696E675F696E6602
:20EDC0006F00000073686F772072635F736D6F6F7468696E67206F7065726174696F6E6185
:20EDE0006C2073657474696E677300007265736F757263650000000073686F772F73657472
:20EE0000207265736F757263657300003C3E207C203C7265736F75726365206E616D653E1E
:20EE2000203C696E6465783E205B3C70696E3E7C6E6F6E655D207C2073686F77205B616C96
:20EE40006C5D000073686F772F736574207278206661696C736166652073657474696E672A
:20EE600073000000636F6E666967757265207278206368616E6E656C2072616E67657300BA
:20EE80007361766520616E64207265626F6F74202864656661756C742900000073656E73B6
:20EEA0006F725F6861726477617265006C69737420737570706F727465642073656E736FBA
:20EEC0007220686172647761726500005B6779726F7C6163637C6261726F7C6D61677C72D4
:20EEE000616E676566696E6465727C6F70746963616C666C6F775D00636F6E666967757225
:20EF0000652073657269616C20706F727473000073657269616C706173737468726F7567C4
:20EF200068000000706173737468726F7567682073657269616C206461746120646174619D
:20EF40002066726F6D20706F7274203120746F20564350202F20706F727420320000000015
:20EF60003C6964313E205B3C62617564313E5D205B3C6D6F6465313E5D205B6E6F6E657C2B
:20EF80003C6474722070696E696F3E7C72657365745D205B3C6964323E5D205B3C62617532
:20EFA00064323E5D205B3C6D6F6465323E5D00006368616E67652073657474696E67000073
:20EFC0005B3C6E616D653E3D3C76616C75653E5D000000007369676E6174757265000000B8
:20EFE000676574202F207365742074686520626F6172642074797065207369676E61747590
:20F00000726500005B7369676E61747572655D0073696D706C69666965645F74756E696EDC
:20F02000670000006170706C696573206F722064697361626C65732073696D706C69666996
:20F0400065642074756E696E670000006170706C79207C2064697361626C650073746174C0
:20F060007573000073686F7720737461747573007461736B7300000073686F7720746173D4
:20F080006B2073746174730073686F772F7365742074696D657273003C3E207C203C70697B
:20F0A0006E3E206C697374207C203C70696E3E205B61663C616C7465726E61746520667512
:20F0C0006E6374696F6E3E7C6E6F6E657C3C6F7074696F6E28646570726563617465642988
:20F0E0003E5D207C206C697374207C2073686F770000000073686F772076657273696F6E99
:20F1000000000000767478206368616E6E656C73206F6E2073776974636800003C696E64FB
:20F1200065783E203C6175785F6368616E6E656C3E203C7674785F62616E643E203C76745E
:20F14000785F6368616E6E656C3E203C7674785F706F7765723E203C73746172745F72617D
:20F160006E67653E203C656E645F72616E67653E000000007674785F696E666F000000006D
:20F1800076747820706F77657220636F6E6669672064756D70000000767478206672657124
:20F1A00075656E6379207461626C65003C62616E643E203C62616E646E616D653E203C6266
:20F1C000616E646C65747465723E205B464143544F52597C435553544F4D5D203C6672654E
:20F1E000713E202E2E2E203C667265713E0D0A0039336566373266643762373537346565B3
:20F200006432333638346134326462303833633800000000323032362E362E310000000033
:20F22000484F52495A4F4E00414C54484F4C4400414E54492047524156495459000000002B
:20F240004845414446524545000000004845414441444A0043414D5354414200504F53208C
:20F26000484F4C44000000005041535354485255000000004C45444C4F5700004F53442020
:20F2800044495341424C4500534552564F310000534552564F320000534552564F33000037
:20F2A000424C41434B424F5800000000414952204D4F4445000000003344204449534142ED
:20F2C0004C45000046505620414E474C45204D4958000000424C41434B424F5820455241DE
:20F2E0005345000043414D45524120434F4E54524F4C20310000000043414D45524120432F
:20F300004F4E54524F4C20320000000043414D45524120434F4E54524F4C20330000000080
:20F32000464C4950204F56455220414654455220435241534800000050524541524D00005C
:20F34000475053204245455020534154454C4C49544520434F554E540000000056545820F5
:20F36000504954204D4F444500000000395620424543204F4646000050524F472050575296
:20F38000205357495443480055534552330000005553455234000000504944204155444976
:20F3A0004F0000004750532052455343554500004143524F20545241494E455200000000D3
:20F3C00056545820434F4E54524F4C2044495341424C45004C41554E434820434F4E545275
:20F3E0004F4C00004D5350204F5645525249444500000000535449434B20434F4D4D414EA9
:20F4000044532044495341424C450000424545504552204D555445005245414459000000BE
:20F420004C41502054494D4552205245534554004155544F50494C4F5400000057502043E0
:20F440004150545552450000524F4C4C3B50495443483B5941573B4C4556454C3B4D414700
:20F460003B000000456E64206F66206C6F67000042657461666C6967687400002573000051
:20F480004669726D776172652074797065000000257320257320282573292025730000003C
:20F4A0004669726D77617265207265766973696F6E00000053544D33324634303500000048
:20F4C00036646263343231386600000030383A35393A3530000000004175672031362032F3
:20F4E0003032360025732025730000004669726D7761726520646174650000002530387824
:20F5000025303878253038780000000044657669636555494400000053504545445942455E
:20F5200045463430355635005350424500000000426F61726420696E666F726D6174696FB2
:20F540006E0000004C6F67207374617274206461746574696D6500004372616674206E6181
:20F560006D6500004920696E74657276616C00005020696E74657276616C000050207261D3
:20F5800074696F006D61787468726F74746C650030782578000000006779726F5F736361C7
:20F5A0006C65000025642C25640000006D6F746F724F7574707574006163635F314700007C
:20F5C00025752C25752C2575000000007662617463656C6C766F6C74616765007662617419
:20F5E0007265660063757272656E7453656E736F720000006C6F6F7074696D6500000000E8
:20F600006779726F5F73796E635F64656E6F6D0025642C25642C25640000000072635F7202
:20F62000617465730000000072635F6578706F007261746573000000726174655F6C696DC1
:20F6400069747300726F6C6C504944007069746368504944000000007961775049440000A1
:20F660006C6576656C504944000000006D61675049440000645F6D617800000064746572CB
:20F680006D5F6C7066315F64796E5F687A00000066665F7765696768740000006779726FCC
:20F6A0005F6C7066315F64796E5F687A000000006779726F5F6E6F7463685F687A00000010
:20F6C0006779726F5F6E6F7463685F6375746F66660000006779726F5F656E61626C65641D
:20F6E0005F6269746D61736B000000006779726F5F64656275675F61786973006169726DDC
:20F700006F64655F61637469766174655F7468726F74746C650000006665617475726573CD
:20F720000000000072635F736D6F6F7468696E675F6163746976655F6375746F6666735F2A
:20F7400066665F73705F74687200000072635F736D6F6F7468696E675F72785F736D6F6F7C
:20F7600074686564000000006669656C64735F64697361626C65645F6D61736B00000000CB
:20F78000666C696768744D6F6465466C616773007374617465466C61677300006661696CCF
:20F7A00073616665506861736500000072785369676E616C5265636569766564000000004A
:20F7C0007278466C696768744368616E6E656C7356616C69640000004750535F6E756D53D9
:20F7E000617400004750535F636F6F72640000004750535F616C746974756465000000002F
:20F800004750535F73706565640000004750535F67726F756E645F636F75727365000000C6
:20F820004750535F76656C6E656400004750535F74696D65000000004750535F686F6D6517
:20F84000000000004750535F686F6D655F65706F636800006C6F6F70497465726174696F4D
:20F860006E0000006178697350000000617869734900000061786973440000006178697369
:20F88000460000007263436F6D6D616E64000000736574706F696E7400000000766261746B
:20F8A0004C61746573740000616D7065726167654C617465737400006261726F416C740067
:20F8C00073757266616365526177000072737369000000006779726F414443006779726F0A
:20F8E000556E66696C740000616363536D6F6F7468000000696D755175617465726E696FF2
:20F900006E00000064656275670000006552504D00000000482050726F647563743A426CED
:20F9200061636B626F7820666C696768742064617461207265636F72646572206279204E18
:20F940006963686F6C617320536865726C6F636B0A4820446174612076657273696F6E3A1D
:20F96000320A00003C7365742070726F746F636F6C2075706978656C733E000048204669B2
:20F98000656C642025632025733A00005B25645D0000000042414E44256400004C5625648E
:20F9A0000000000024505542582C34312C312C303030332C303030312C3233303430302C99
:20F9C000302A31430D0A000024505542582C34312C312C303030332C303030312C31313552
:20F9E0003230302C302A31450D0A000024505542582C34312C312C303030332C3030303135
:20FA00002C35373630302C302A32440D0A00000024505542582C34312C312C303030332C39
:20FA2000303030312C33383430302C302A32360D0A00000024505542582C34312C312C3028
:20FA40003030332C303030312C31393230302C302A32330D0A00000024505542582C343108
:20FA60002C312C303030332C303030312C393630302C302A31360D0A000000007369676E9D
:20FA800065640000707265646963746F72000000656E636F64696E670000000047474100BB
:20FAA000524D43004753560047534100030405060000000054594F42564957004346414C3D
:20FAC00053475250455500004E455357554400002C3A3A3A000000001F1C1F1E1F1E1F1FAD
:20FAE0001E1F1E1F0000000041455452313233340000000042657461666C69676874202D4F
:20FB00002053504545445942454546343035563500000000307838303030303030000000C5
:20FB200056435020436F6E666967000056435020496E7465726661636500000025752C25E1
:20FB4000753A25733A25733A25750000060708090A172800564350005541525431000000FB
:20FB60005541525432000000554152543300000055415254340000005541525435000000C7
:20FB800055415254360000004254464C0000000053544D33324634303578780025303475A5
:20FBA0002D253032752D2530327554253032753A253032753A253032752E25303375256384
:20FBC000253032643A253032640000000A50323C3D3E3F4041424344454647000A323C3DC2
:20FBE0003E3F404142434445464700004D4D58002323234552524F5220494E200023232347
:20FC0000002D0020464143544F52590020435553544F4D2000202534640025303278000D7B
:20FC20000A2320006E6F7265626F6F74006C656176696E6720434C49206D6F64652C2075AB
:20FC40006E7361766564206368616E676573206C6F7374006C656176696E6720434C49204A
:20FC60006D6F64652C206E6F207265626F6F740025733D25730025733D0045726173696E67
:20FC8000672C20706C656173652077616974202E2E2E2000446F6E652E00756E6B6E6F7742
:20FCA0006E0042657461666C69676874004649524D574152455F4E414D4500323032362E07
:20FCC000362E31004649524D574152455F56455253494F4E0053544D333246343035005421
:20FCE000415247455400424F4152445F4944454E54494649455200417567203136203230C1
:20FD00003236004255494C445F444154450030383A35393A3530004255494C445F54494D26
:20FD20004500366462633432313866004749545F5245564953494F4E00312E3438004D53CD
:20FD4000505F4150495F56455253494F4E003734396666663100434F4E4649475F5245568C
:20FD60004953494F4E0053504245004D414E5546414354555245525F4944005350454544ED
:20FD80005942454546343035563500424F4152445F4E414D450039336566373266643762E9
:20FDA00037353734656564323336383461343264623038336338004255494C445F4B4559BC
:20FDC0000052454C454153455F4E414D450053544D3332463430357878004D435500434C06
:20FDE0004B5F4D485A0025732D257300535953434C4B5F534F5552434500565245465F4D25
:20FE00005600434F52455F54454D505F4300535441434B5F53495A4500535441434B5F48FF
:20FE200049474800434F4E4649475F535441544500434F4E4649475F53495A4500434F4E24
:20FE40004649475F4D41585F53495A45005350495F434F554E54004932435F434F554E5473
:20FE6000004932435F4552524F5253004759524F5F25755F4857004759524F5F434F554E7B
:20FE8000540025735F4857004750535F454E41424C4544004750535F434F4E4E45435445AC
:20FEA00044004750535F434F4E46494755524544004750535F56455253494F4E00464C418D
:20FEC00053485F4A454445435F494400464C4153485F53495A455F4D4200555054494D4517
:20FEE0005F530043555252454E545F54494D45004350555F4C4F41445F5043540043594313
:20FF00004C455F54494D455F5553004759524F5F524154455F485A0052585F524154455F5A
:20FF2000485A0053595354454D5F524154455F485A00564F4C544147455F560042415454BC
:20FF40004552595F43454C4C5300424154544552595F53544154450041524D494E475F4483
:20FF6000495341424C455F464C4147530041524D494E475F44495341424C455F464C41477B
:20FF8000533D00416C6C6F7765642072616E67653A2030202D20257500416C6C6F77656483
:20FFA0002072616E67653A202564202D20256400416C6C6F7765642076616C7565733A2069
:20FFC000004172726179206C656E6774683A20256400537472696E67206C656E6774683A4A
:20FFE000202564202D20256400416C6C6F7765642076616C7565733A204F46462C204F4ECC
:020000040806EC
:2000000000466C61736820736563746F72733D25752C20736563746F7253697A653D2575AA
:200020002C207061676573506572536563746F723D25752C207061676553697A653D25759B
:200040002C20746F74616C53697A653D2575204A454445432049443D30782530387800505C
:200060006172746974696F6E733A00202025643A20257320257520257500466C6173684606
:20008000532073697A653D25752C207573656453697A653D2575006D63755F696420253006
:2000A00038782530387825303878000D0A23204779726F20256400232057484F5F414D5F65
:2000C000492020202030782558002320434F4E4649472020202020203078255800232047CA
:2000E00059524F5F434F4E4649472030782558004D43553A20257320434C4B3D25644D4880
:200100007A002D485349002D4853450020282573257329002C20567265663D25642E25307E
:200120003264562C20436F72652074656D703D25646465674300535441434B3A2025646234
:200140002028307825782900434F4E4649473A2025732028256462202F2025646229004447
:200160004556494345532044455445435445443A00205350493D2564002C00204932433D0B
:20018000256420282564206572726F727329004759524F0025733A20002825642900206C86
:2001A0006F636B65640020646D610020736861726564004E6F6E65002E2563004750533AE6
:2001C0002000636F6E6E65637465642C20004E4F5420434F4E4E45435445442C20004E4F73
:2001E00020504F52542C2000257320256C64202873657420746F20004155544F00292C203C
:20020000004E4F5420434F4E46494755524544006175746F20636F6E666967204F4646009D
:20022000636F6E66696775726564002C2076657273696F6E203D2020257300202073617489
:20024000733A202564002C207369676E616C3A202564206442487A002C2068646F703A20C2
:2002600025642E25303264002C2076646F703A2025642E25303264002C20706F733A2025BE
:200280007325642E2530376420257325642E253037642C20616C743A20257325642E25305A
:2002A00032646D002C20706F733A206E6F20666978002C20253034642D253032642D25302C
:2002C000326454253032643A253032643A253032645A004E4F5420454E41424C4544004663
:2002E0004C4153483A204A454445432049443D3078253038782025754D004255494C4420F3
:200300004B45593A2025730053797374656D20557074696D653A202564207365636F6E646A
:2003200073002C2043757272656E742054696D653A202573004350553A256425252C2063D6
:2003400079636C652074696D653A2025642C204759524F20726174653A2025642C2052580C
:2003600020726174653A2025642C2053797374656D20726174653A20256400566F6C746148
:2003800067653A2025642E253032645620282564532062617474657279202D2025732900D2
:2003A00041726D696E672064697361626C6520666C6167733A005461736B206C69737420F5
:2003C000202020202020202020202020726174652F687A20206D61782F75732020617667C5
:2003E0002F7573206D61786C6F6164206176676C6F61642020746F74616C2F6D732020200F
:200400006C6174652020202072756E20726571642F7573005461736B206C697374002530BA
:200420003264202D2028253135732920002536642025376420253764202534642E25316406
:200440002525202534642E25316425252025396420253664202536642025376400436865B3
:20046000636B2046756E6374696F6E73202852582C202E2E2E2920253131642025376420D9
:20048000253132642E25316425252025396400546F74616C20253532642E25316425250016
:2004A0005363686564756C6572207374617274206379636C657320256420677561726420B0
:2004C0006379636C657320256400286D616E75616C2900286175746F290023204465746552
:2004E00063746564205278206672657175656E63793A20002564487A004E4F205349474EED
:20050000414C002320524320536D6F6F7468696E673A200023204163746976652073657439
:20052000706F696E7420616E64204646206375746F66663A202564487A20002320416374CB
:20054000697665207468726F74746C65206375746F66663A202564487A200020302025754B
:2005600000434F5252555054454420434F4E4649473A202573203D20256400494E56414C7B
:20058000494420415247554D454E5420434F554E540057726F746520257520627974657390
:2005A0002061742025752E0052656164696E672025752062797465732061742025753A00BA
:2005C000566572696679696E670053756363657373004661696C6564006C6576656C2025ED
:2005E000642064426D2C20706F776572202564206D57004E4F20504F5745522056414C55BC
:20060000455320444546494E4544004E4F205654580025732043414E4E4F542042452043EF
:2006200048414E4745442E2043555252454E542056414C55453A202725732700626F617221
:20064000645F6E616D65202573006D616E7566616374757265725F696420257300494E56A0
:20066000414C4944204C454E4754483A202564202845585045435445443A202564290049AC
:200680004E56414C49442043484152414354455220464F554E443A202563005349474E41FF
:2006A0005455524500536574207369676E61747572652E007369676E617475726520257324
:2006C00000556E617661696C61626C6500416C726561647944697361626C656400416C72BD
:2006E00065616479456E61626C656400456E61626C65643A2000417661696C61626C653AEC
:200700002000556E617661696C61626C653A2000494E56414C4944204E414D453A202573C1
:200720000044697361626C65643A0020206E6F6E6500417661696C61626C653A00475053D2
:2007400020666F7277617264696E67206661696C6564005573696E67206F757470757420CA
:2007600025642E005573696E6720616C6C206F7574707574732E00494E56414C4944204F7B
:200780005554505554204E554D4245522E2052414E47453A2030202D2025642E0072657618
:2007A0006572736564006E6F726D616C006F666600756E737570706F7274656400496E667C
:2007C0006F20666F72204553432025643A0045534320547970653A20004B495353384100BB
:2007E0004B495353313641004B495353323441004B49535320556C7472616C697465004DD9
:2008000043552053657269616C204E6F3A203078004669726D776172652056657273696F0C
:200820006E3A2025642E253032642563004669726D776172652056657273696F6E3A202504
:20084000642E253032642500526F746174696F6E20446972656374696F6E3A2025730033C0
:20086000443A202573004C6F7720766F6C74616765204C696D69743A200025642E25303148
:20088000640043757272656E74204C696D69743A20004C45442025643A2025730043484558
:2008A000434B53554D204552524F522E004E6F20496E666F2E004D697865723A202573004F
:2008C000436F6D6D616E642062617463682073746172746564004552524F52532057455235
:2008E00045204445544543544544202D20504C4541534520524556494557204245464F52AA
:200900004520434F4E54494E55494E4700436F6D6D616E6420626174636820656E64656473
:2009200000496E76616C6964206F7074696F6E00504C4541534520464958204552524F52CC
:2009400053205448454E202753415645270023736574202573203D200050415253494E47A0
:20096000204641494C4544006170706C79004170706C6965642073696D706C696669656487
:200980002074756E696E672E0064697361626C650044697361626C65642073696D706C69DA
:2009A000666965642074756E696E672E006D6170202573002573204E4F5420424554574586
:2009C000454E20256420414E442025640072786661696C202575202563202564007278665E
:2009E00061696C202575202563004348414E4E454C0064656661756C7420006E65772000F7
:200A00006F722064726F702044545220006573635F73656E736F7200636C69004661696C0E
:200A200065642070617273696E6720706F7274256420282573290072780072657365740055
:200A4000496E76616C69642050696E494F206E756D62657220256400556E65787065637452
:200A6000656420617267756D656E74202564202825732900506F727425643A20257300490F
:200A80006E76616C696420706F7274256420256400506F72743120616E6420706F72743281
:200AA000206172652073616D65005573696E672052585458206D6F64652061732064656694
:200AC00061756C7400506F727425643A207573696E67206F7074696F6E7320307825780021
:200AE000506F7274256420636F756C64206E6F74206265206F70656E65642E00506F7274CB
:200B00002564206F70656E65642C20257362617564203D2025642E0D0A00506F72742564B8
:200B200020697320616C7265616479206F70656E2C20257362617564203D2025642E0050E1
:200B40006F72742564206D6F6465206368616E6765642066726F6D20256420746F202564DF
:200B60002E00506F72742564206973206F70656E2C2063616E2774206368616E6765206F1D
:200B80007074696F6E732066726F6D203078257820746F203078257800506F727425643AAF
:200BA0002043616C6C6261636B2072656D6F76656400506F727431206261756420726174FD
:200BC00065206368616E6765206F7665722055534220656E61626C65642E00466F7277612C
:200BE0007264696E672C20706F776572206379636C65202573746F20657869742E004E6FD8
:200C00007420737570706F727465642E00436F6D6D616E642053656E743A20256400494E39
:200C200056414C494420434F4D4D414E442E2052414E47453A2031202D2025642E00736BDD
:200C400000626C006B69006363004572726F72207374617274696E672045534320636F6E3B
:200C60006E656374696F6E006D6F746F722025643A20256400616C6C206D6F746F72733A90
:200C8000202564004552524F5220504C4159494E4720534F554E44004E6F20736F756E643E
:200CA00020666F7220696E64657820256400506C6179696E6720736F756E642025643A20CC
:200CC0002573007261746570726F66696C6520256400524154452050524F46494C45204F6A
:200CE000555453494445204F46205B302E2E25645D00626174746572795F70726F66696C9E
:200D00006520256400424154544552592050524F46494C45204F555453494445204F462067
:200D20005B302E2E25645D0044656661756C742076616C75653A200043757272656E742087
:200D400073657474696E67733A2000535452494E47204D55535420424520312D2564204377
:200D6000484152414354455253204F5220272D2720464F5220454D50545900257320736534
:200D80007420746F2000494E56414C49442056414C554500494E56414C49442053454E53B8
:200DA0004F5220545950453A2025730053454E534F52204E4F5420415641494C41424C45B2
:200DC0003A2025730061757820257520257520257520257520257520257520257500494E26
:200DE0004445580073657269616C20257320256420256C6420256C6420256C6420256C64DD
:200E00000061646A72616E6765202575203020257520257520257520257520257520257530
:200E2000202575006D6D6978202564202573202573202573202573006C6F6164004C6F61F8
:200E400064656420257300727872616E67652025752025752025750072616E6765206D6985
:200E60006E2F6D6178006C656420257520257300636F6C6F722025752025642C25752C254F
:200E800075006D6F64655F636F6C6F72202575202575202575007674782025752025752096
:200EA0002575202575202575202575202575007674787461626C652062616E647320256475
:200EC000007674787461626C65206368616E6E656C73202564007674787461626C652062A7
:200EE000616E642025642025732025632573007674787461626C6520706F7765726C657620
:200F0000656C73202564007674787461626C6520706F77657276616C75657325730076741B
:200F2000787461626C6520706F7765726C6162656C7325730062616E64730042414E44209C
:200F4000434F554E54006368616E6E656C73004348414E4E454C20434F554E5400706F77C4
:200F600065726C6576656C7300504F574552204C4556454C20434F554E5400706F77657214
:200F800076616C75657300544F4F204D414E592056414C55455320284558504543544544F0
:200FA0002025642900706F7765726C6162656C7300544F4F204D414E59204C4142454C53A5
:200FC00020284558504543544544202564290062616E640042414E44204E554D4245520012
:200FE000435553544F4D00494E56414C494420464143544F525920464C414720257320289D
:20100000455850454354454420464143544F5259204F5220435553544F4D2900494E564133
:201020004C4944204652455155454E435920257300544F4F204D414E59204652455155451E
:201040004E43494553202845585045435445442025642900494E56414C494420535542435E
:201060004F4D4D414E44202573004E4F5420454E4F5547482056414C554553202845585000
:20108000454354454420256429004E4F5420454E4F554748204C4142454C5320284558503A
:2010A000454354454420256429004E4F5420454E4F554748204652455155454E43494553C8
:2010C0002028455850454354454420256429002573202D2573000D0A5265626F6F74696ECE
:2010E0006700726F6D0072657374617274696E6720696E20524F4D20626F6F746C6F61647F
:201100006572206D6F64650067726F75705F6964000D0A2320726573657474696E67206724
:20112000726F757020256420746F2064656661756C747300726573657474696E6720746FED
:201140002064656661756C747300736176696E670070676E3D25750A00747970653D75698C
:201160006E7433320A6D696E3D300A6D61783D25750A00747970653D696E7433320A6D69AD
:201180006E3D25640A6D61783D25640A00747970653D75696E74380A6D696E3D25640A6D79
:2011A00061783D25640A00747970653D696E74380A6D696E3D25640A6D61783D25640A00D0
:2011C000747970653D75696E7431360A6D696E3D25640A6D61783D25640A00747970653DB6
:2011E000696E7431360A6D696E3D25640A6D61783D25640A00747970653D6C6F6F6B757070
:201200000A76616C7565733D00747970653D6269747365740A76616C7565733D4F46462C8F
:201220004F4E0A00747970653D75696E74385B5D0A00747970653D696E74385B5D0A007496
:201240007970653D75696E7431365B5D0A00747970653D696E7431365B5D0A0074797065E5
:201260003D75696E7433325B5D0A00747970653D696E7433325B5D0A00747970653D7374F3
:2012800072696E670A6D696E6C656E6774683D25640A6D61786C656E6774683D25640A0066
:2012A00064656661756C743D0023202573202F2025732028257329202573202573202F2042
:2012C00025732028257329204D5350204150493A202573002320636F6E666967207265764B
:2012E0003A202573002320626F6172643A206D616E7566616374757265725F69643A20259F
:20130000732C20626F6172645F6E616D653A202573007265736F757263652025732025644B
:2013200020256325303264007265736F75726365202573202564204E4F4E4500646D6120AF
:20134000257320256420256400232025732025643A20444D4125642053747265616D202599
:2013600064204368616E6E656C20256400646D61202573202564204E4F4E4500646D612052
:2013800070696E2025632530326420256400232070696E202563253032643A20444D41255C
:2013A000642053747265616D202564204368616E6E656C20256400646D612070696E202534
:2013C0006325303264204E4F4E4500504C4C5000504C4C5200496E766572740053746F70DF
:2013E00032004576656E004269646972005075736870756C6C0053617564696F0043686571
:20140000636B004473686F742072656164733A202575004473686F7420696E76616C6964D0
:2014200020706B74733A202575004473686F7420646972656374696F6E4368616E6765208D
:201440006379636C65733A2025752C206D6963726F733A202575004D6F746F7220202020B7
:20146000547970652020206552504D2020202052504D2020202020487A20496E76616C69C2
:201480006420202054454D502020202056434320202043555252202053542F455620202049
:2014A000444247312020204442473220202044424733003D3D3D3D3D20203D3D3D3D3D3D90
:2014C000203D3D3D3D3D3D203D3D3D3D3D3D203D3D3D3D3D3D203D3D3D3D3D3D3D203D3DFD
:2014E0003D3D3D3D203D3D3D3D3D3D203D3D3D3D3D3D203D3D3D3D3D3D203D3D3D3D3D3DC0
:20150000203D3D3D3D3D3D203D3D3D3D3D3D002535642020202563256325632563256320C9
:20152000253664202536642025366400202533642E25303264252500204E4F2044415441F8
:201540000020253664202533642E25303264202536642025366420253664202536642025F6
:20156000366400257520004473686F742074656C656D65747279206E6F7420656E61626C87
:20158000656400202D202573000D0A092573004E4F204D41544348455320464F5220272590
:2015A000732700554E4B4E4F574E20434F4D4D414E442C20545259202748454C50270069F7
:2015C0006E707574004552525F434D445F4E413A200053746F72616765206E6F7420707298
:2015E0006573656E74206F72206661696C656420746F20696E697469616C697A6521004987
:201600004E56414C49442054494D455A4F4E45204F46465345540052657374617274696EDE
:201620006720696E206D6173732073746F72616765206D6F64650074696D657220256325B0
:20164000303264204146256400232070696E202563253032643A2054494D256420434825DA
:20166000642573202841462564290074696D657220256325303264204E4F4E4500666561BD
:2016800074757265006D61700072786661696C006D61737465720070726F66696C650072D7
:2016A0006174657300686172647761726500616C6C00626172650076657273696F6E0073E3
:2016C000746172742074686520636F6D6D616E642062617463680062617463682073746163
:2016E000727400726573657420636F6E66696775726174696F6E20746F2064656661756CB5
:20170000742073657474696E67730064656661756C7473206E6F73617665000D0A23206EF8
:20172000616D653A202573007265736F75726365730074696D65720066656174757265207C
:201740002D257300666561747572652025730073657269616C006D69786572006D697865C8
:2017600072202573000D0A6D6D69782072657365740D0A0062656570657200626561636FA6
:201780006E006D6F64655F636F6C6F72006175780061646A72616E676500727872616E679C
:2017A00065007674787461626C650076747800726573746F7265206F726967696E616C205F
:2017C00070726F66696C652073656C656374696F6E00726573746F7265206F726967696E86
:2017E000616C207261746570726F66696C652073656C656374696F6E00726573746F726575
:20180000206F726967696E616C20626174746572795F70726F66696C652073656C65637448
:20182000696F6E007361766520636F6E66696775726174696F6E00656E6420746865206300
:201840006F6D6D616E6420626174636800626174636820656E640073686F77004375727234
:20186000656E746C792061637469766520444D413A00444D4125642053747265616D202548
:20188000643A004E4F5420494D504C454D454E544544205945540042414420444556494301
:2018A000453A2025730042414420494E4445583A202725732700494E56414C494420504992
:2018C0004E3A202725732700232025643A20444D4125642053747265616D202564204368F9
:2018E000616E6E656C20256400494E56414C494420444D41204F5054494F4E20464F522018
:2019000025732025643A202725732700494E56414C494420444D41204F5054494F4E2046EE
:201920004F522050494E202563253032643A2027257327002320646D612025732025643A1C
:20194000206368616E6765642066726F6D20257320746F202573002320646D612070696E7A
:20196000202563253032643A206368616E6765642066726F6D20257320746F202573002346
:2019800020646D612025732025643A206E6F206368616E67653A202573002320646D612050
:2019A0002563253032643A206E6F206368616E67653A2025730043757272656E746C79201D
:2019C0006163746976652054696D6572733A0054494D25643A0020202020434825642573E4
:2019E0003A20257320256400202020204348256425733A2025730020465245450050494E05
:201A0000204E4F542055534544204F4E20424F4152442E0050494E2054494D4552204D41BB
:201A2000502046554C4C2E002320414625643A2054494D2564204348256425730061660022
:201A4000494E56414C494420414C5445524E4154452046554E4354494F4E20464F522025ED
:201A600063253032643A202725732700494E56414C49442054494D4552204F5054494F4E37
:201A800020464F52202563253032643A202725732700232074696D65722025632530326475
:201AA0003A206E6F206368616E67653A20257300232074696D6572202563253032643A2026
:201AC0006368616E6765642066726F6D20257320746F2025730043757272656E746C79200D
:201AE00061637469766520494F207265736F757263652061737369676E6D656E74733A0D17
:201B00000A287265626F6F7420746F2075706461746529002563253032643A20257300498B
:201B20004E56414C4944205245534F55524345204E414D453A2027257327005265736F75D0
:201B4000726365206973206672656564000D0A4E4F54453A2025632530326420616C72654B
:201B60006164792061737369676E656420746F20002064697361626C6564000D0A526573FD
:201B80006F757263652069732073657420746F20256325303264004661696C656420746FE1
:201BA00020706172736520272573272061732070696E0023207265736F7572636520257326
:201BC000202564202573006D34774643496E7466002573257300494E56414C49440000003B
:201BE000000FC93F000F494000CB9640000FC9400053FB4000CB164100ED2F41000F4941D7
:201C00000031624100537B41003A8A4100CB9641005CA34100EDAF41007EBC41000FC94189
:201C200000A0D5410031E24100C2EE410053FB4100F20342003A0A420083104200CB164265
:201C400000141D42005C234200A5294200ED2F4200363642007E3C4200C74242000F494253
:201C6000A2000000F9000000830000006E0000004E00000044000000150000002900000008
:201C8000FC0000002700000057000000D1000000F500000034000000DD000000C000000033
:201CA000DB0000006200000095000000990000003C00000043000000900000004100000069
:201CC000FE0000005100000063000000AB000000DE000000BB000000C500000061000000E8
:201CE000B7000000240000006E0000003A000000420000004D000000D2000000E000000020
:201D000006000000490000002E000000EA00000009000000D1000000920000001C000000D4
:201D2000FE0000001D000000EB0000001C000000B100000029000000A70000003E000000C2
:201D4000E80000008200000035000000F50000002E000000BB00000044000000840000003E
:201D6000E90000009C0000007000000026000000B40000005F0000007E0000004100000076
:201D80003900000091000000D600000039000000830000005300000039000000F400000067
:201DA0009C000000840000005F0000008B000000BD000000F9000000280000003B00000000
:201DC0001F000000F800000097000000FF000000DE00000005000000980000000F000000CC
:201DE000EF0000002F000000110000008B0000005A0000000A0000006D0000001F00000039
:201E00006D000000360000007E000000CF00000027000000CB00000009000000B700000020
:201E20004F000000460000003F000000660000009E0000005F000000EA0000002D00000054
:201E40007500000027000000BA000000C7000000EB000000E5000000F10000007B00000029
:201E60003D0000000700000039000000F70000008A0000005200000092000000EA00000096
:201E80006B000000FB0000005F000000B10000001F0000008D0000005D00000008000000BB
:201EA00056000000030000003000000046000000FC0000007B0000006B000000AB000000C6
:201EC000F0000000CF000000BC000000200000009A000000F4000000360000001D00000086
:201EE000A9000000E300000091000000610000005E000000E60000001B00000008000000FD
:201F00006500000099000000850000005F00000014000000A0000000680000004000000083
:201F20008D000000FF000000D8000000800000004D000000730000002700000031000000A5
:201F400006000000060000001500000056000000CA00000073000000A8000000C90000005C
:201F600060000000E20000007B000000C00000008C0000006B0000000000004B000000CBD7
:201F80000000C93F0000F0390000DA370000A2330000842E0000502B0000C2270000D02222
:201FA0000000C41F0000C61B0000441704000000070000000900000000000080DB0F4940FB
:201FC000DB0F49C0DB0F49BFE4CB1640E4CB16C06937AC3168212233B40F14336821A233CF
:201FE0003863ED3EDA0F493F5E987B3FDA0FC93F0020202020202020202028282828282001
:20200000202020202020202020202020202020202088101010101010101010101010101038
:2020200010040404040404040404041010101010101041414141414101010101010101016A
:20204000010101010101010101010101101010101010424242424242020202020202020278
:202060000202020202020202020202021010101020000000000000000000000000000000E8
:20208000000000000000000000000000000000000000000000000000000000000000000040
:2020A000000000000000000000000000000000000000000000000000000000000000000020
:2020C000000000000000000000000000000000000000000000000000000000000000000000
:2020E00000000000000000000000000000000000000000000C02FF7F010000001D02020032
:2021000006000000402400209C2900200000000000000000982900200400080080000000E3
:20212000B8240020A82900200000000000000000A4290020F7010100060000003825002049
:202140002C2A00200000000030290608282A00201C1201001000000060250020382A0020CA
:2021600000000000D5840408342A00202630010008000000702500204C2A002000000000D2
:20218000350F0408482A0020FA0101000400000078250020582A002000000000CD840408A1
:2021A000542A00200C020100040000007C250020602A002000000000F98404085C2A0020D4
:2021C00012400100110000002C240020682A00200000000036290608642A00200312010048
:2021E0003D00000010260020802A002000000000482906087C2A0020378001001400000071
:202200007C290020C42A00200000000086290608C02A00201420010006000000B0240020F5
:20222000DC2A00200000000035E10208D82A0020F63101000C000000A8250020E82A0020E3
:20224000000000009C290608E42A0020F8410100060000009C250020F82A0020000000001A
:20226000A8290608F42A0020061203001200000084250020042B0020000000000D8D040856
:20228000002B00200540010008000000801500201C37002000000000B02906081837002027
:2022A0001302010004000000C01600202837002000000000B829060824370020FD01010026
:2022C00012000000462400203837002000000000599A000834370020081203000F00000021
:2022E000701600205037002000000000798404084C3700200630010026000000CC15002087
:2023000064370020000000000985040860370020160215003F0000008C150020903700209D
:2023200000000000DD8504088C3700200D100100580000006C720020008C0020000000002C
:2023400029030208FC8B00201A0201003C000000807F00203482002000000000998C040821
:202360003082002021020100F0000000408100207482002000000000FD170408708200204E
:202380002C00040010000000308100206883002000000000BD9A03086483002025201E0055
:2023A0002C010000048000207C8300200000000000000000788300202B00120024000000B1
:2023C000BC7F0020AC84002000000000CD9A0308A8840020270001000400000000750020D3
:2023E000D484002000000000BC290608D08400201310010004000000C8720020DC840020FC
:2024000000000000C0290608D88400200C70040080000000B06D0020E48400200000000084
:20242000BD650208E08400203112030042000000C87100206885002000000000016802088B
:2024400064850020220201001C010000E4730020B085002000000000B18D0408AC850020CA
:20246000031101000A000000D8730020D0860020000000008D0F0408CC8600200AA0010097
:20248000240000000C720020E086002000000000459D0308DC860020FE010100180000006D
:2024A000C073002008870020000000004184040804870020295014007800000048730020BE
:2024C00024870020000000000000000020870020012001000C0000003C730020A087002026
:2024E00000000000C42906089C870020184001003400000038720020B087002000000000F0
:20250000518D0408AC87002023200100100000002C730020E887002000000000319D030803
:20252000E48700200B4001000E0000001C730020FC87002000000000D0290608F8870020BE
:202540000EB0040098030000306E0020108800200000000049E102080C8800201E40010061
:202560004E000000CC720020AC8B002000000000DE290608A88B0020234201001800000072
:202580003CA00020C0A00020000000002C2A0608BCA0002030120100080000008C8C00205C
:2025A000DCA0002000000000442A0608D8A0002038700100080000005C920020E8A0002004
:2025C000000000004C2A0608E4A000203CA001005A000000A08F0020F4A000200000000099
:2025E000542A0608F0A000201910010003000000088D002054A1002000000000AE2A0608C2
:2026000050A100202802040004000000F09200205CA10020000000008185040858A100208D
:202620002702040004000000EC92002064A10020000000007985040860A100201A00010060
:202640000E000000348F00206CA1002000000000B22A060868A10020206201000C000000BA
:20266000DC92002080A1002000000000C02A06087CA100200E02010002000000E8920020A9
:2026800090A1002000000000CC2A06088CA100202F2001006600000098A10020FC920020DB
:2026A00000000000CE2A060894A100202D020100010000002CB4002038B400200000000082
:2026C0000000000034B40020121201000400000028B4002040B40020000000005D850408CB
:2026E0003CB40020010101000400000074B3002048B40020000000000000000044B4002048
:20270000000101000400000070B3002050B4002000000000342B06084CB4002002010100BB
:20272000030000006CB3002058B4002000000000AD65020854B4002029020100400000007B
:2027400004B3002060B4002000000000000000005CB400200F0201000100000000B3002058
:20276000A4B4002000000000382B0608A0B400202A12010008000000F8B20020ACB400206D
:20278000000000003A2B0608A8B400201B30010010000000E0B20020B8B4002000000000B0
:2027A00011080408B4B40020163001000A000000D0B20020CCB4002000000000422B06085E
:2027C000C8B400201020010003000000CCB20020DCB40020000000004C2B0608D8B40020AA
:2027E000021001000C000000C0B20020E4B4002000000000502B0608E0B40020050201002B
:202800000400000054B50020B4B70020000000005C2B0608B0B700202C220100080000008D
:2028200000B50020DCB7002000000000602B0608D8B700201B0201001000000014BC0020AA
:2028400010C1002000000000898504080CC10020041201000200000080BD002024C1002005
:2028600000000000682B060820C100201F6001002C00000048C1002034C8002000000000C5
:202880006C2B060830C8002009020100010000005CE3002078E3002000000000982B0608C3
:2028A00074E30020F90101000400000000E3002080E30020000000009A2B06087CE30020CA
:2028C00002020100030000008CE3002088E30020000000005186040884E300201F02060045
:2028E0000C00000080D9002094E30020000000009D85040890E300201102010008000000DF
:20290000F8E20020A4E300200000000069850408A0E30020010201000A000000BCE30020AC
:20292000B0E3002000000000BD840408ACE30020290100000000000000010000054634300E
:2029400035000008000000000000000000000000000000000000000000000000000000003A
:20296000000000000000000000000000000000000000000000000000000000000000000057
:202980000000000001000F0000000A00EE021E00EE02140096000208001400000000000057
:2029A00001000000020200000201F4011400000000000000020100000000010020030000DF
:2029C00008004010E80364000F3C000105001E002C016401010100011E0A0000020001051C
:2029E000010001070A000000000000000000000000000000000000000000000000000000C4
:202A00000000000000000000000000000000000000000000000000000000000000000000B6
:202A2000000000000000000000000000000000000000000000000000FF0000000000000097
:202A400014000000000000000000640000642C012C0190010400FB044C046C071E1E1E1E71
:202A60001E1E1E1E1E1E0A323200F401F401C80032003200DC00B801FA00FA000C00C409BC
:202A8000DC05000032000A001E002C010803E803D007320A0100C8000A3264000100140047
:202AA000E803102710270805000000000000000000007E05EA05B4053200E803D007000091
:202AC0000364646464003200F40196000000000000000000000000000000000000000000A6
:202AE0000000000000000000000000000000000000000000000000000000000000000000D6
:202B00000000000000000000000000000000000000000000000000000000000000000000B5
:202B20000000000000000000000000000000000000000000240000000000640058022C0186
:202B40000300C4090000190200000000000500000000000000000000000000000000000085
:202B6000190019000A0000000000000000000000000100010005000001020300000000000C
:202B800000000000000000000000000000801700230201020202010000001F00000012013F
:202BA000000200000040830420570002010203010000040309041A0300000000000000009B
:202BC000000000000000000000000000000000000100D80000000000000005000000060011
:202BE00000000200000000000000540600202C3700200200000001000000A1920008500642
:202C000000200000000001000000010000007D920008CC010020000000000000000000008E
:202C2000000000000000000000000000000000000000010000000000000000000000000093
:202C4000000000000000010000000000000000000000000000000000000001000000000072
:202C600000000100000005000000FFFFFFFF95950008B5950008CD950008D1950008359F22
:202C80000008D5950008D9950008B06B0508219B04085188040875A9040800000000000045
:202CA0000000EDA10408C1A2040800000000000000000000000091880408CD880008D98828
:202CC0000008B99B0008919B0008E5880008D59B0008F19B00080060024010600240000087
:202CE00000000000000000000000000000000B0000000000000000000000000000000000C9
:202D000000000060024028600240010000000000000000000000060000000C000000000034
:202D200000000000000000000000000000000060024040600240020000000000000000000D
:202D40000000100000000D00000000000000000000000000000000000000006002405860FC
:202D60000240030000000000000000000000160000000E00000000000000000000000000EA
:202D80000000000000000060024070600240040000000000000000000000200000000F004C
:202DA000000000000000000000000000000000000000006002408860024005000000000042
:202DC00000000000000026000000100000000000000000000000000000000000000000605D
:202DE0000240A0600240060000000000000000000000300000001100000000000000000008
:202E00000000000000000000000000600240B8600240070000000000000000000000360079
:202E200000002F000000000000000000000000000000000000000064024010640240000007
:202E400000000000000000000000000000003800000000000000000000000000000000003A
:202E600000000064024028640240010000000000000000000000060000003900000000009E
:202E80000000000000000000000000000000006402404064024002000000000000000000A4
:202EA0000000100000003A0000000000000000000000000000000000000000640240586466
:202EC0000240030000000000000000000000160000003B000000000000000000000000005C
:202EE0000000000000000064024070640240040000000000000000000000200000003C00B6
:202F00000000000000000000000000000000000000000064024088640240050000000000D8
:202F20000000000000002600000044000000000000000000000000000000000000000064C3
:202F40000240A064024006000000000000000000000030000000450000000000000000006E
:202F60000000000000000000000000640240B8640240070000000000000000000000360010
:202F80000000460000000000000000000000000000000000000003000000000000000500E3
:202FA00000001F0000001C0000001F0000001E0000001F0000001E0000001F0000001F001E
:202FC00000001E0000001F0000001E0000001F0000000068214C0100000075950408C18743
:202FE000040855A80408000000002D880408A1970408E1970408819804080000000000000E
:20300000000021880408C5880408E9880408B5B9040899B90408D1B90408EDB9040809BA42
:203020000408759404084587040851A604080000000091870408BD9504085D960408FD9680
:2030400004080000000000000000B58704087D000000000101010000FF00146B0508486B5E
:2030600005087C6B05080600000005000000C70000000600000005000000F5880408F98868
:203080000408FD880408098904080D8904080189040805890408FFFFFF00FFFFFFFF010029
:2030A00000000000C842FFFFFFFF08B8050800000802050303000000000010B80508010052
:2030C0000802050403000000000018B8050800000802050303000000000020B80508010002
:2030E00008020504030000000000D8F805080200FE0101140300000000004CB005080300B8
:203100001402000300000000000028B8050804001F02020006000000000030B80508050082
:203120001F0202010600000000000000803FE2FF00000000803F0000000000000000000006
:2031400000000000803F0000000000000000000000000000803F00000000000000000000F1
:203160000000010000000000FA440000000000000000000000000000000000000000000010
:20318000000000000000000000000000000000000000020000000000803FFFFFFFFF010170
:2031A0000000DCE1050834E1050800000000B5FD0108A086010004000000DCE10508E4E1AE
:2031C00005080000000095810108E803000004000000ECE105080000000000000000196D74
:2031E00002087D000000FF00000008B105080000000000000000CD8F02087D000000FF00A1
:20320000000048F605080000000000000000715C03087D000000FF00000084B805080000C6
:20322000000000000000C1DF0108E803000003000000F8B205080000000000000000397C8B
:203240000308102700000300000024B8050800000000459B03088D8201085F760000050063
:2032600000008CBA05080000000000000000C1F301081027000002000000F4E10508000023
:20328000000000000000AD7A0108E80300000500000000E205080000000000000000356882
:2032A0000208204E00000300000010E205080000000000000000896A0208204E0000030026
:2032C000000020E20508000000000000000039DC0108400D03000300000030E2050800004F
:2032E000000000000000D5E70108102700000200000094BA050800000000000000000D2D3B
:203300000408102700000300000038E2050800000000000000004198010810270000030024
:203320000000B0B10508000000000000000081A60108A861000002000000F4AF0508000034
:2033400000000000000089B40108A08601000100000014B005080000000000000000917B22
:203360000108A0860100010000004CAF0508000000000000000041A90108102700000200E8
:203380000000FCB3050800000000000000007DB70108A00F00000200000044E20508000050
:2033A000000000000000B93F04081A410000020000000CAF0508000000000000000051494A
:2033C0000408102700000200000050E205080000000000000000854B0408400D030001003C
:2033E000000058E20508000000000000000089FB030850C300000300000064E2050800008E
:203400000000000000009980020840420F000100000070E20508000000000000000069FD32
:20342000010850C300000100000089E601080000000000000000000000000000803F000038
:2034400000000000000000000000FFFFFFFF8DFE0108000000000000000000000000A1FE3D
:203460000108000000000000000000000000FDFFFFFF0000000001000000FFFFFF7F0000CC
:20348000008000000000C8B700200800000000000000B8B70020080000006400000000000A
:2034A000FA430000FA430000803FFFFFFFFF0000803F000000000000000000000000000018
:2034C0000000000000000000000000000000000000000000000004000000FFFFFFFFFDFFF0
:2034E000FFFF01010000000001AA55090200000000FF0000000000000000AA5503009FAA77
:20350000550B010000AA5507010000AA550501000014FF000000FFFFFFFF01080000010025
:203520000000C012AA550501000008C800200000000000C8002000000000FF000000FF00DE
:20354000000009024300020100C03209040000010202010005240010010524010001042488
:2035600002020524060001070582030800FF09040100020A0000000705010240000007050A
:2035800081024000000009026400030100C03209040000010300000009211101000122365D
:2035A000000705830309000A080B01020202010009040100010202010005240010010524D4
:2035C000010002042402020524060102070582030800FF09040200020A00000007050102C8
:2035E0004000000705810240000009022000010104C0320904000002080650050705810298
:203600004000000705010240000012010002EF0201408304563200020102030100001201A9
:203620000002020200408304405700020102030100000403090405010905A101A1000501AC
:20364000093009310932093309350934093609371581257F75089508810205091901290856
:2036600015002501950875018102C0C0000009022200010100E032090400000103010200A4
:203680000921110100012236000705830309000A000021A40408C1A40408358E0408158743
:2036A000040859860408F9860408E186040825870408358704080000000000000000AC0CDD
:2036C0000020000000000000000068000000D0000000000000000000000000000000000092
:2036E0000000000000000000000000000000000000000000000000000000000000000000CA
:12370000000000000000000000000000000001000000B6
:00000001FF
